id,url,ticker,indice_sector,periodo,fecha,regimen_mercado,return_1d,return_5d,return_20d,market_reaction_1d,market_reaction_5d,market_reaction_20d,price_t0,price_t1,price_t5,price_t20,enrich_status
0,https://www.cnbc.com/2008/10/02/36-hours-of-alarm-and-action-as-crisis-spiraled.html,^GSPC,S&P 500,caidas crisis financiera,2008-10-02,bearish,-1.3506,-18.3401,-14.3761,neutral,bearish,bearish,1114.28,1099.23,909.92,954.09,ok
1,https://www.cnbc.com/2008/10/03/the-sec-rule-that-let-banks-pile-on-debt.html,^GSPC,S&P 500,caidas crisis financiera,2008-10-03,bearish,-3.8518,-18.1955,-11.8701,bearish,bearish,bearish,1099.23,1056.89,899.22,968.75,ok
2,https://www.cnbc.com/2008/09/17/risky-real-estate-deals-helped-doom-lehman.html,^GSPC,S&P 500,caidas crisis financiera,2008-09-17,bearish,4.3342,2.5493,-21.4936,bullish,bullish,bearish,1156.39,1206.51,1185.87,907.84,ok
3,https://www.cnbc.com/2008/09/13/fed-street-draft-deal-to-buy-lehmans-bad-assets.html,^GSPC,S&P 500,caidas crisis financiera,2008-09-13,bearish,1.7523,1.2065,-15.8757,neutral,neutral,bearish,1192.7,1213.6,1207.09,1003.35,ok
4,https://www.cnbc.com/2008/09/14/bloody-sunday-wall-street-is-hit-by-financial-tsunami.html,^GSPC,S&P 500,caidas crisis financiera,2008-09-15,bearish,1.7523,1.2065,-15.8757,neutral,neutral,bearish,1192.7,1213.6,1207.09,1003.35,ok
5,https://www.cnbc.com/2008/09/15/lehman-brothers-files-for-bankruptcy-scrambles-to-sell-key-business.html,^GSPC,S&P 500,caidas crisis financiera,2008-09-15,bearish,1.7523,1.2065,-15.8757,neutral,neutral,bearish,1192.7,1213.6,1207.09,1003.35,ok
6,https://www.cnbc.com/2008/11/09/how-thundering-merrill-faltered-and-fell.html,^GSPC,S&P 500,caidas crisis financiera,2008-11-09,bearish,-2.2041,-7.4477,-3.3224,bearish,bearish,bearish,919.21,898.95,850.75,888.67,ok
7,https://www.cnbc.com/2008/09/14/street-prepares-for-worst-as-lehman-deal-stalls.html,^GSPC,S&P 500,caidas crisis financiera,2008-09-14,bearish,1.7523,1.2065,-15.8757,neutral,neutral,bearish,1192.7,1213.6,1207.09,1003.35,ok
8,https://www.cnbc.com/2008/10/06/jpmorgan-froze-lehman-assets-ahead-of-bankruptcy.html,^GSPC,S&P 500,caidas crisis financiera,2008-10-06,bearish,-5.7395,-5.0658,-8.5714,bearish,bearish,bearish,1056.89,996.23,1003.35,966.3,ok
9,https://www.cnbc.com/2008/10/10/lehman-swaps-auction-what-it-means.html,^GSPC,S&P 500,caidas crisis financiera,2008-10-10,bearish,11.58,4.5962,3.5331,bullish,bullish,bullish,899.22,1003.35,940.55,930.99,ok
10,https://cincodias.elpais.com/cincodias/2008/12/27/mercados/1230343305_850215.html,^GSPC,S&P 500,caidas crisis financiera,2008-12-26,bearish,-0.3873,6.2615,-3.1038,neutral,bullish,bearish,872.8,869.42,927.45,845.71,ok
11,https://cincodias.elpais.com/cincodias/2008/09/16/empresas/1221572402_850215.html,^GSPC,S&P 500,caidas crisis financiera,2008-09-15,bearish,1.7523,1.2065,-15.8757,neutral,neutral,bearish,1192.7,1213.6,1207.09,1003.35,ok
12,https://cincodias.elpais.com/cincodias/2008/09/27/mercados/1222477309_850215.html,^GSPC,S&P 500,caidas crisis financiera,2008-09-26,bearish,-8.8068,-9.3994,-27.735,bearish,bearish,bearish,1213.27,1106.42,1099.23,876.77,ok
13,https://cincodias.elpais.com/cincodias/2008/10/04/mercados/1223082100_850215.html,^GSPC,S&P 500,caidas crisis financiera,2008-10-03,bearish,-3.8518,-18.1955,-11.8701,bearish,bearish,bearish,1099.23,1056.89,899.22,968.75,ok
14,https://cincodias.elpais.com/cincodias/2008/09/09/economia/1221072949_850215.html,^GSPC,S&P 500,caidas crisis financiera,2008-09-08,bearish,-3.4138,-5.9229,-16.6352,bearish,bearish,bearish,1267.79,1224.51,1192.7,1056.89,ok
15,https://www.cnbc.com/2020/03/12/fed-to-pump-more-than-500-billion-into-short-term-bank-funding-expand-types-of-security-purchases.html,^GSPC,S&P 500,caidas COVID-19,2020-03-12,bearish,9.2871,-2.8722,12.4637,bullish,bearish,bullish,2480.6399,2711.02,2409.3899,2789.8201,ok
16,https://www.cnbc.com/2020/03/23/this-was-the-fastest-30percent-stock-market-decline-ever.html,^GSPC,S&P 500,caidas COVID-19,2020-03-23,bearish,9.3828,17.3974,22.3098,bullish,bullish,bullish,2237.3999,2447.3301,2626.6499,2736.5601,ok
17,https://www.cnbc.com/2020/03/12/markets-are-desperate-for-government-action-as-they-plunge-deeper-into-bear-territory.html,^GSPC,S&P 500,caidas COVID-19,2020-03-12,bearish,9.2871,-2.8722,12.4637,bullish,bearish,bullish,2480.6399,2711.02,2409.3899,2789.8201,ok
18,https://finance.yahoo.com/news/global-markets-fed-support-fails-140015425.html,^GSPC,S&P 500,caidas COVID-19,2020-03-23,bearish,9.3828,17.3974,22.3098,bullish,bullish,bullish,2237.3999,2447.3301,2626.6499,2736.5601,ok
19,https://www.cnbc.com/2020/03/08/dow-futures-drop-700-points-as-all-out-oil-price-war-adds-to-coronavirus-stress.html,^GSPC,S&P 500,caidas COVID-19,2020-03-08,bearish,4.9396,-13.123,-3.0176,bullish,bearish,bearish,2746.5601,2882.23,2386.1299,2663.6799,ok
20,https://www.cnbc.com/2020/03/19/fed-to-shore-up-prime-money-market-funds-amid-wall-street-rout.html,^GSPC,S&P 500,caidas COVID-19,2020-03-19,bearish,-4.336,9.1592,19.3066,bearish,bullish,bullish,2409.3899,2304.9199,2630.0701,2874.5601,ok
21,https://www.cnbc.com/2020/03/15/traders-await-futures-open-after-fed-cuts-rates-launches-easing-program.html,^GSPC,S&P 500,caidas COVID-19,2020-03-15,bearish,5.9955,-6.2331,19.2752,bullish,bearish,bullish,2386.1299,2529.1899,2237.3999,2846.0601,ok
22,https://www.cnbc.com/2020/03/19/stock-market-futures-open-to-close-news.html,^GSPC,S&P 500,caidas COVID-19,2020-03-19,bearish,-4.336,9.1592,19.3066,bearish,bullish,bullish,2409.3899,2304.9199,2630.0701,2874.5601,ok
23,https://www.cnbc.com/2020/03/16/stock-market-today-live.html,^GSPC,S&P 500,caidas COVID-19,2020-03-16,bearish,5.9955,-6.2331,19.2752,bullish,bearish,bullish,2386.1299,2529.1899,2237.3999,2846.0601,ok
24,https://www.ft.com/content/c789f080-6203-11ea-a6cd-df28cc3c6a68?syn-25a6b1a6=1,^GSPC,S&P 500,caidas COVID-19,2020-03-09,bearish,4.9396,-13.123,-3.0176,bullish,bearish,bearish,2746.5601,2882.23,2386.1299,2663.6799,ok
25,https://www.cnbc.com/2020/03/11/futures-are-steady-wednesday-night-after-dow-closes-in-bear-market-traders-await-trump.html,^GSPC,S&P 500,caidas COVID-19,2020-03-11,bearish,-9.5113,-12.5222,0.3137,bearish,bearish,neutral,2741.3799,2480.6399,2398.1001,2749.98,ok
26,https://finance.yahoo.com/news/stock-market-news-live-march-12-013620137.html,^GSPC,S&P 500,caidas COVID-19,2020-03-12,bearish,9.2871,-2.8722,12.4637,bullish,bearish,bullish,2480.6399,2711.02,2409.3899,2789.8201,ok
27,https://www.cnbc.com/2020/03/17/stock-futures-fall-slightly-after-market-rebounds-on-hopes-for-1-trillion-stimulus.html,^GSPC,S&P 500,caidas COVID-19,2020-03-17,bearish,-5.1831,-3.2366,10.0495,bearish,bearish,bullish,2529.1899,2398.1001,2447.3301,2783.3601,ok
28,https://www.cnbc.com/2020/02/25/coronavirus-wipes-out-1point7-trillion-in-us-stock-market-value-in-two-days.html,^GSPC,S&P 500,caidas COVID-19,2020-02-25,bearish,-0.3779,-3.9908,-21.7658,neutral,bearish,bearish,3128.21,3116.3899,3003.3701,2447.3301,ok
29,https://www.cnbc.com/2020/03/22/breaking-down-this-sell-off-among-the-most-extreme-and-rare-wall-street-has-ever-seen.html,^GSPC,S&P 500,caidas COVID-19,2020-03-22,bearish,9.3828,17.3974,22.3098,bullish,bullish,bullish,2237.3999,2447.3301,2626.6499,2736.5601,ok
30,https://www.cnbc.com/2020/03/12/stock-market-today-live.html,^GSPC,S&P 500,caidas COVID-19,2020-03-12,bearish,9.2871,-2.8722,12.4637,bullish,bearish,bullish,2480.6399,2711.02,2409.3899,2789.8201,ok
31,https://finance.yahoo.com/news/fed-intervened-prevent-financial-crisis-112813149.html,^GSPC,S&P 500,caidas COVID-19,2020-03-15,bearish,5.9955,-6.2331,19.2752,bullish,bearish,bullish,2386.1299,2529.1899,2237.3999,2846.0601,ok
32,https://www.cnbc.com/2020/03/15/this-is-a-wounded-fragile-stock-market-raging-for-a-proper-policy-response.html,^GSPC,S&P 500,caidas COVID-19,2020-03-16,bearish,5.9955,-6.2331,19.2752,bullish,bearish,bullish,2386.1299,2529.1899,2237.3999,2846.0601,ok
33,https://www.cnbc.com/2020/03/10/coronavirus-analysts-cut-global-growth-forecasts-as-epidemic-spreads.html,^GSPC,S&P 500,caidas COVID-19,2020-03-10,bearish,-4.8868,-12.2489,-7.7308,bearish,bearish,bearish,2882.23,2741.3799,2529.1899,2659.4099,ok
34,https://www.ft.com/content/3bab76ac-64cd-11ea-a6cd-df28cc3c6a68?syn-25a6b1a6=1,^GSPC,S&P 500,caidas COVID-19,2020-03-13,bearish,-11.9841,-14.9796,1.8668,bearish,bearish,neutral,2711.02,2386.1299,2304.9199,2761.6299,ok
35,https://cincodias.elpais.com/cincodias/2020/02/27/companias/1582807195_815101.html,^GSPC,S&P 500,caidas COVID-19,2020-02-27,bearish,-0.8238,1.5167,-11.7059,neutral,neutral,bearish,2978.76,2954.22,3023.9399,2630.0701,ok
36,https://cincodias.elpais.com/cincodias/2020/03/15/mercados/1584311841_535047.html,^GSPC,S&P 500,caidas COVID-19,2020-03-16,bearish,5.9955,-6.2331,19.2752,bullish,bearish,bullish,2386.1299,2529.1899,2237.3999,2846.0601,ok
37,https://www.elmundo.es/economia/actualidad-economica/2020/03/18/5e70a031fdddff5f1c8b45ec.html,^GSPC,S&P 500,caidas COVID-19,2020-03-18,bearish,0.4708,3.2301,16.7403,neutral,bullish,bullish,2398.1001,2409.3899,2475.5601,2799.55,ok
38,https://www.elconfidencial.com/mercados/2020-03-17/panico-mercados-bancos-centrales-gobiernos-coronavirus_2501695/,^GSPC,S&P 500,caidas COVID-19,2020-03-17,bearish,-5.1831,-3.2366,10.0495,bearish,bearish,bullish,2529.1899,2398.1001,2447.3301,2783.3601,ok
39,https://cincodias.elpais.com/cincodias/2020/03/24/opinion/1585084670_364646.html,^GSPC,S&P 500,caidas COVID-19,2020-03-25,bearish,6.2414,-0.2044,13.0168,bullish,neutral,bullish,2475.5601,2630.0701,2470.5,2797.8,ok
40,https://www.cnbc.com/2022/03/09/stock-market-futures-open-to-close-news.html,^GSPC,S&P 500,caidas inflacion+Ucrania,2022-03-09,bearish,-0.4292,1.8696,4.7517,neutral,neutral,bullish,4277.8799,4259.52,4357.8599,4481.1499,ok
41,https://www.cnbc.com/2022/06/13/sp-500-is-in-official-bear-market-according-to-sp-dow-jones-indices.html,^GSPC,S&P 500,caidas inflacion+Ucrania,2022-06-13,bearish,-0.3774,0.4043,1.3908,neutral,neutral,neutral,3749.6299,3735.48,3764.79,3801.78,ok
42,https://www.cnbc.com/2022/06/09/stock-market-news-open-to-close.html,^GSPC,S&P 500,caidas inflacion+Ucrania,2022-06-09,bearish,-2.911,-8.7373,-4.0666,bearish,bearish,bearish,4017.8201,3900.8601,3666.77,3854.4299,ok
43,https://www.cnbc.com/2022/03/16/-fed-has-aggressive-rate-hike-plan-but-it-could-burn-the-economy-fighting-inflation.html,^GSPC,S&P 500,caidas inflacion+Ucrania,2022-03-16,bearish,1.2348,2.2575,1.2545,neutral,bullish,neutral,4357.8599,4411.6699,4456.2402,4412.5298,ok
44,https://www.cnbc.com/2022/04/21/from-food-to-inflation-the-russia-ukraine-war-has-a-global-impact.html,^GSPC,S&P 500,caidas inflacion+Ucrania,2022-04-21,bearish,-2.774,-2.4162,-11.2178,bearish,bearish,bearish,4393.6602,4271.7798,4287.5,3900.79,ok
45,https://www.cnbc.com/2022/01/27/why-the-stock-market-hates-the-idea-of-rising-interest-rates.html,^GSPC,S&P 500,caidas inflacion+Ucrania,2022-01-27,bearish,2.4348,3.4885,1.3438,bullish,bullish,neutral,4326.5098,4431.8501,4477.4399,4384.6499,ok
46,https://www.barrons.com/articles/the-fed-is-scrambling-to-tame-inflation-while-avoiding-a-recession-51645229935,^GSPC,S&P 500,caidas inflacion+Ucrania,2022-02-19,bearish,-1.8412,0.0348,4.8051,neutral,neutral,bullish,4304.7598,4225.5,4306.2598,4511.6099,ok
47,https://www.expansion.com/mercados/2022/06/13/62a70392468aebc3478b45b4.html,^GSPC,S&P 500,caidas inflacion+Ucrania,2022-06-13,bearish,-0.3774,0.4043,1.3908,neutral,neutral,neutral,3749.6299,3735.48,3764.79,3801.78,ok
48,https://www.elconfidencial.com/mercados/2022-06-13/batacazo-en-wall-street-mientras-el-s-p-500-entra-en-mercado-bajista_3441419/,^GSPC,S&P 500,caidas inflacion+Ucrania,2022-06-13,bearish,-0.3774,0.4043,1.3908,neutral,neutral,neutral,3749.6299,3735.48,3764.79,3801.78,ok
49,https://www.elconfidencial.com/economia/2022-06-15/reserva-federal-mayor-subida-tipos-1994_3442947/,^GSPC,S&P 500,caidas inflacion+Ucrania,2022-06-15,bearish,-3.2512,0.1515,1.9306,bearish,neutral,neutral,3789.99,3666.77,3795.73,3863.1599,ok
50,https://www.elconfidencial.com/mercados/2022-06-18/estanflacion-recesion-crecimiento-bolsas-bce-fed_3443973/,^GSPC,S&P 500,caidas inflacion+Ucrania,2022-06-18,bearish,-0.1302,1.5077,1.7547,neutral,neutral,neutral,3764.79,3759.8899,3821.55,3830.8501,ok
51,https://www.lavanguardia.com/economia/20220611/8331962/miedo-fuertes-alzas-tipos-atajar-inflacion-hunde-bolsas.html,^GSPC,S&P 500,caidas inflacion+Ucrania,2022-06-10,bearish,-3.8768,-5.7941,-2.1036,bearish,bearish,bearish,3900.8601,3749.6299,3674.8401,3818.8,ok
52,https://www.cnbc.com/2009/08/03/sp-closes-above-1000-amid-economic-hopes.html,^GSPC,S&P 500,subidas post-crisis global,2009-08-03,bullish,0.3012,0.4458,1.7943,neutral,neutral,neutral,1002.63,1005.65,1007.1,1020.62,ok
53,https://www.cnbc.com/2009/03/18/stocks-rally-on-fed-plan-to-buy-us-debt.html,^GSPC,S&P 500,subidas post-crisis global,2009-03-18,bullish,-1.2979,2.4586,8.9318,neutral,bullish,bullish,794.35,784.04,813.88,865.3,ok
54,https://www.cnbc.com/2009/05/08/after-the-financial-stress-tests-relief-but-still-some-uncertainty.html,^GSPC,S&P 500,subidas post-crisis global,2009-05-08,bullish,-2.1512,-4.988,1.0665,bearish,bearish,neutral,929.23,909.24,882.88,939.14,ok
55,https://www.cnbc.com/2009/03/23/dow-rallies-nearly-7-on-treasury-plan.html,^GSPC,S&P 500,subidas post-crisis global,2009-03-23,bullish,-2.0415,-4.3005,3.3004,bearish,bearish,bullish,822.92,806.12,787.53,850.08,ok
56,https://www.cnbc.com/2009/03/23/for-stocks-treasury-plan-may-be-a-gamechanger.html,^GSPC,S&P 500,subidas post-crisis global,2009-03-23,bullish,-2.0415,-4.3005,3.3004,bearish,bearish,bullish,822.92,806.12,787.53,850.08,ok
57,https://www.cnbc.com/2009/03/19/biggest-gainers-from-sp-rally.html,^GSPC,S&P 500,subidas post-crisis global,2009-03-19,bullish,-1.9769,6.2267,10.9127,neutral,bullish,bullish,784.04,768.54,832.86,869.6,ok
58,https://www.cnbc.com/2009/08/31/bank-bailout-turning-out-to-be-a-good-investment-for-the-us.html,^GSPC,S&P 500,subidas post-crisis global,2009-08-31,bullish,-2.2124,0.4674,3.9182,bearish,neutral,bullish,1020.62,998.04,1025.39,1060.61,ok
59,https://www.cnbc.com/2009/03/17/stocks-barrel-higher-as-techs-rally.html,^GSPC,S&P 500,subidas post-crisis global,2009-03-17,bullish,2.0858,3.5984,9.5024,bullish,bullish,bullish,778.12,794.35,806.12,852.06,ok
60,https://www.cnbc.com/2009/12/07/government-slashes-estimate-of-bailout-cost.html,^GSPC,S&P 500,subidas post-crisis global,2009-12-07,bullish,-1.0252,0.9844,3.0718,neutral,neutral,bullish,1103.25,1091.9399,1114.11,1137.14,ok
61,https://www.cnbc.com/2009/12/09/bailout-watchdog-crisis-response-worked-somewhat.html,^GSPC,S&P 500,subidas post-crisis global,2009-12-09,bullish,0.584,1.2072,4.4737,neutral,neutral,bullish,1095.95,1102.35,1109.1801,1144.98,ok
62,https://www.cnbc.com/2009/09/01/anatomy-of-a-crisis-key-data-points-then-and-now.html,^GSPC,S&P 500,subidas post-crisis global,2009-09-01,bullish,-0.3296,3.5399,5.9156,neutral,bullish,bullish,998.04,994.75,1033.37,1057.08,ok
63,https://www.cnbc.com/2009/11/12/aig-symbol-of-wall-st-crisis-sees-its-stock-zoom-back.html,^GSPC,S&P 500,subidas post-crisis global,2009-11-12,bullish,0.5739,0.7045,1.7632,neutral,neutral,neutral,1087.24,1093.48,1094.9,1106.41,ok
64,https://www.cnbc.com/2010/03/11/us-household-wealth-rises-helped-by-stock-rebound.html,^GSPC,S&P 500,subidas post-crisis global,2010-03-11,bullish,-0.0217,1.3554,3.8366,neutral,neutral,bullish,1150.24,1149.99,1165.83,1194.37,ok
65,https://www.cnbc.com/2009/09/12/lehman-had-to-die-so-global-finance-could-live.html,^GSPC,S&P 500,subidas post-crisis global,2009-09-12,bullish,0.3135,1.46,2.5587,neutral,neutral,bullish,1049.34,1052.63,1064.66,1076.1899,ok
66,https://www.cnbc.com/2009/08/06/despite-bailouts-business-as-usual-at-goldman.html,^GSPC,S&P 500,subidas post-crisis global,2009-08-06,bullish,1.3439,1.5696,0.6178,neutral,neutral,neutral,997.08,1010.48,1012.73,1003.24,ok
67,https://www.cnbc.com/2009/11/24/8-stocks-that-could-gain-with-rising-gdp.html,^GSPC,S&P 500,subidas post-crisis global,2009-11-24,bullish,0.4504,0.3247,1.3512,neutral,neutral,neutral,1105.65,1110.63,1109.24,1120.59,ok
68,https://www.cnbc.com/id/33010116,^GSPC,S&P 500,subidas post-crisis global,2009-09-29,bullish,-0.3328,-0.5553,0.264,neutral,neutral,neutral,1060.61,1057.08,1054.72,1063.41,ok
69,https://www.cnbc.com/2009/07/27/bernanke-had-to-hold-my-nose-over-bailouts.html,^GSPC,S&P 500,subidas post-crisis global,2009-07-27,bullish,0.0,2.818,5.1705,neutral,bullish,bullish,975.15,975.15,1002.63,1025.5699,ok
70,https://www.cnbc.com/2010/02/17/markets-likely-rebounding-to-recovery-highs-sps-stovall.html,^GSPC,S&P 500,subidas post-crisis global,2010-02-17,bullish,0.6585,0.5211,6.0663,neutral,neutral,bullish,1099.51,1106.75,1105.24,1166.21,ok
71,https://www.cnbc.com/2010/04/29/dow-up-over-100-as-debt-fears-ease.html,^GSPC,S&P 500,subidas post-crisis global,2010-04-29,bullish,-1.6648,-6.5157,-8.5948,neutral,bearish,bearish,1206.78,1186.6899,1128.15,1103.0601,ok
72,https://cincodias.elpais.com/cincodias/2009/03/19/mercados/1237560432_850215.html,^GSPC,S&P 500,subidas post-crisis global,2009-03-18,bullish,-1.2979,2.4586,8.9318,neutral,bullish,bullish,794.35,784.04,813.88,865.3,ok
73,https://www.expansion.com/2009/03/19/financialtimes/1237465972.html,^GSPC,S&P 500,subidas post-crisis global,2009-03-19,bullish,-1.9769,6.2267,10.9127,neutral,bullish,bullish,784.04,768.54,832.86,869.6,ok
74,http://www.elmundo.es/mundodinero/2009/03/23/economia/1237840314.html,^GSPC,S&P 500,subidas post-crisis global,2009-03-23,bullish,-2.0415,-4.3005,3.3004,bearish,bearish,bullish,822.92,806.12,787.53,850.08,ok
75,https://www.expansion.com/2009/03/23/inversion/1237826499.html,^GSPC,S&P 500,subidas post-crisis global,2009-03-23,bullish,-2.0415,-4.3005,3.3004,bearish,bearish,bullish,822.92,806.12,787.53,850.08,ok
76,https://cincodias.elpais.com/cincodias/2009/08/20/mercados/1250983606_850215.html,^GSPC,S&P 500,subidas post-crisis global,2009-08-20,bullish,1.8623,2.3437,6.0484,neutral,bullish,bullish,1007.37,1026.13,1030.98,1068.3,ok
77,https://www.cnbc.com/2020/08/15/the-2020-comeback-to-record-highs-resembles-storied-market-revivals-of-the-past.html,^GSPC,S&P 500,subidas estimulos COVID-19,2020-08-15,bullish,0.2303,1.4574,0.568,neutral,neutral,neutral,3381.99,3389.78,3431.28,3401.2,ok
78,https://www.cnbc.com/2020/08/29/market-posts-one-of-the-strongest-july-august-rallies-in-history-as-hazard-after-hazard-melts-away.html,^GSPC,S&P 500,subidas estimulos COVID-19,2020-08-29,bullish,0.7525,-4.813,-4.7093,neutral,bearish,bearish,3500.3101,3526.6499,3331.8401,3335.47,ok
79,https://www.cnbc.com/2020/08/18/stock-market-today-live.html,^GSPC,S&P 500,subidas estimulos COVID-19,2020-08-18,bullish,-0.4404,1.5883,-0.1266,neutral,neutral,neutral,3389.78,3374.8501,3443.6201,3385.49,ok
80,https://www.cnbc.com/2020/04/11/the-sp-500-has-rebounded-25percent-in-less-than-three-weeks-heres-whats-going-on.html,^GSPC,S&P 500,subidas estimulos COVID-19,2020-04-11,bullish,3.0573,2.228,6.1036,bullish,bullish,bullish,2761.6299,2846.0601,2823.1599,2930.1899,ok
81,https://www.cnbc.com/2020/06/13/top-investors-cite-historic-policy-after-markets-return.html,^GSPC,S&P 500,subidas estimulos COVID-19,2020-06-13,bullish,1.8962,1.6719,4.2696,neutral,neutral,bullish,3066.5901,3124.74,3117.8601,3197.52,ok
82,https://www.cnbc.com/2020/07/10/big-tech-went-from-growth-stocks-to-wall-streets-treasury-bond-substitute-during-the-coronavirus.html,^GSPC,S&P 500,subidas estimulos COVID-19,2020-07-10,bullish,-0.9363,1.2461,5.2194,neutral,neutral,bullish,3185.04,3155.22,3224.73,3351.28,ok
83,https://www.cnbc.com/2020/08/28/sp-500-heads-for-best-august-since-1986-as-stunning-summer-rally-continues.html,^GSPC,S&P 500,subidas estimulos COVID-19,2020-08-28,bullish,-0.2195,-2.3104,-4.4587,neutral,bearish,bearish,3508.01,3500.3101,3426.96,3351.6001,ok
84,https://finance.yahoo.com/news/stock-markets-rally-fueled-by-microsoft-apple-amazon-alphabet-facebook-171702690.html,^GSPC,S&P 500,subidas estimulos COVID-19,2020-04-17,bullish,-1.7881,-1.3157,-0.3778,neutral,neutral,neutral,2874.5601,2823.1599,2836.74,2863.7,ok
85,https://www.cnbc.com/2020/05/22/central-banks-are-creating-fake-markets-bank-of-america-strategists-say.html,^GSPC,S&P 500,subidas estimulos COVID-19,2020-05-22,bullish,1.2289,3.3931,5.4953,neutral,bullish,bullish,2955.45,2991.77,3055.73,3117.8601,ok
86,https://finance.yahoo.com/news/stock-market-news-live-june-30-2020-221903237.html,^GSPC,S&P 500,subidas estimulos COVID-19,2020-06-30,bullish,0.5022,2.2466,5.1011,neutral,bullish,bullish,3100.29,3115.8601,3169.9399,3258.4399,ok
87,https://www.cnbc.com/2020/04/09/fed-fires-an-even-bigger-bazooka-expands-its-shopping-list-to-include-junk-bonds.html,^GSPC,S&P 500,subidas estimulos COVID-19,2020-04-09,bullish,-1.0105,3.0375,5.0175,neutral,bullish,bullish,2789.8201,2761.6299,2874.5601,2929.8,ok
88,https://www.cnbc.com/2020/08/01/investors-got-it-right-piling-into-big-tech-but-might-need-new-catalysts-to-power-stocks-in-august.html,^GSPC,S&P 500,subidas estimulos COVID-19,2020-08-01,bullish,0.3612,1.999,6.2435,neutral,neutral,bullish,3294.6101,3306.51,3360.47,3500.3101,ok
89,https://www.cnbc.com/2020/04/09/federal-reserve-makes-an-unprecedented-move-stocks-rally.html,^GSPC,S&P 500,subidas estimulos COVID-19,2020-04-09,bullish,-1.0105,3.0375,5.0175,neutral,bullish,bullish,2789.8201,2761.6299,2874.5601,2929.8,ok
90,https://www.cnbc.com/2020/06/19/the-stock-market-may-be-pricey-but-its-nothing-like-the-genuine-market-bubbles-of-the-past.html,^GSPC,S&P 500,subidas estimulos COVID-19,2020-06-20,bullish,0.4307,-2.0726,4.4723,neutral,bearish,bullish,3117.8601,3131.29,3053.24,3257.3,ok
91,https://www.cnbc.com/2020/04/26/qe4ever-to-drive-stocks-to-new-records-post-coronavirus-ed-yardeni.html,^GSPC,S&P 500,subidas estimulos COVID-19,2020-04-26,bullish,-0.5242,-1.2416,3.9358,neutral,neutral,bullish,2878.48,2863.3899,2842.74,2991.77,ok
92,https://finance.yahoo.com/news/wall-street-futures-rise-home-105501033.html,^GSPC,S&P 500,subidas estimulos COVID-19,2020-08-18,bullish,-0.4404,1.5883,-0.1266,neutral,neutral,neutral,3389.78,3374.8501,3443.6201,3385.49,ok
93,https://www.cnbc.com/2020/06/10/stock-market-today-live.html,^GSPC,S&P 500,subidas estimulos COVID-19,2020-06-10,bullish,-5.8944,-2.4027,-1.194,bearish,bearish,neutral,3190.1399,3002.1001,3113.49,3152.05,ok
94,https://www.cnbc.com/2020/04/20/after-a-crazy-12-months-the-sp-500-is-about-back-to-where-it-started.html,^GSPC,S&P 500,subidas estimulos COVID-19,2020-04-20,bullish,-3.0675,1.9595,4.6313,bearish,neutral,bullish,2823.1599,2736.5601,2878.48,2953.9099,ok
95,https://www.cnbc.com/2020/06/03/stock-market-futures-open-to-close-news.html,^GSPC,S&P 500,subidas estimulos COVID-19,2020-06-03,bullish,-0.3369,2.1541,-0.2245,neutral,bullish,neutral,3122.8701,3112.3501,3190.1399,3115.8601,ok
96,https://www.cnbc.com/2020/05/18/the-sp-500-is-up-3percent-over-the-past-12-months-as-the-markets-resilience-continues-to-mystify-many.html,^GSPC,S&P 500,subidas estimulos COVID-19,2020-05-18,bullish,-1.0484,1.2817,5.7832,neutral,neutral,bullish,2953.9099,2922.9399,2991.77,3124.74,ok
97,https://www.elconfidencial.com/mercados/the-wall-street-journal/2020-08-20/motvos-justificados-excepcionalidad-estadounidense-stocks_2719527/,^GSPC,S&P 500,subidas estimulos COVID-19,2020-08-20,bullish,0.3441,2.9254,-1.9507,neutral,bullish,neutral,3385.51,3397.1599,3484.55,3319.47,ok
98,https://www.elconfidencial.com/mercados/2020-06-08/wall-street-ano-coronavirus-s-p-500-positivo_2629811/,^GSPC,S&P 500,subidas estimulos COVID-19,2020-06-08,bullish,-0.7799,-5.1293,-2.6937,neutral,bearish,bearish,3232.3899,3207.1799,3066.5901,3145.3201,ok
99,https://cincodias.elpais.com/cincodias/2020/05/15/mercados/1589557344_972250.html,^GSPC,S&P 500,subidas estimulos COVID-19,2020-05-16,bullish,-1.0484,1.2817,5.7832,neutral,neutral,bullish,2953.9099,2922.9399,2991.77,3124.74,ok
100,https://www.expansion.com/mercados/2020/08/19/5f3c55b0e5fdea8c1b8b4599.html,^GSPC,S&P 500,subidas estimulos COVID-19,2020-08-18,bullish,-0.4404,1.5883,-0.1266,neutral,neutral,neutral,3389.78,3374.8501,3443.6201,3385.49,ok
101,https://www.expansion.com/mercados/2020/08/29/5f4a1708468aebe11e8b45e2.html,^GSPC,S&P 500,subidas estimulos COVID-19,2020-08-29,bullish,0.7525,-4.813,-4.7093,neutral,bearish,bearish,3500.3101,3526.6499,3331.8401,3335.47,ok
102,https://www.cnbc.com/2023/06/12/stock-market-today-live-updates.html,^GSPC,S&P 500,subidas desinflacion + boom IA,2023-06-12,bullish,0.6932,1.1473,3.0706,neutral,neutral,bullish,4338.9302,4369.0098,4388.71,4472.1602,ok
103,https://www.cnbc.com/2023/05/26/tech-stocks-are-back-driven-by-ai-craze-slowing-rate-hikes.html,^GSPC,S&P 500,subidas desinflacion + boom IA,2023-05-26,bullish,0.0017,1.625,4.1128,neutral,neutral,bullish,4205.4502,4205.52,4273.79,4378.4102,ok
104,https://finance.yahoo.com/news/inflation-report-points-to-fed-pause-at-june-meeting-economists-say-the-fed-is-getting-what-it-wants-171059338.html,^GSPC,S&P 500,subidas desinflacion + boom IA,2023-06-13,bullish,0.0819,-0.076,3.228,neutral,neutral,bullish,4369.0098,4372.5898,4365.6899,4510.04,ok
105,https://finance.yahoo.com/news/us-stocks-us-stocks-end-202541632.html,^GSPC,S&P 500,subidas desinflacion + boom IA,2023-06-13,bullish,0.0819,-0.076,3.228,neutral,neutral,bullish,4369.0098,4372.5898,4365.6899,4510.04,ok
106,https://www.cnbc.com/2023/06/15/stock-markets-the-fed-paused-rates-and-the-rally-in-markets.html,^GSPC,S&P 500,subidas desinflacion + boom IA,2023-06-15,bullish,-0.3672,-1.7513,2.1905,neutral,neutral,bullish,4425.8398,4409.5898,4348.3301,4522.79,ok
107,https://www.investing.com/analysis/macro-factors-indicate-us-stock-market-has-more-room-to-rally-200638791,^GSPC,S&P 500,subidas desinflacion + boom IA,2023-06-07,bullish,0.6189,2.4621,3.0798,neutral,bullish,bullish,4267.52,4293.9302,4372.5898,4398.9502,ok
108,https://finance.yahoo.com/news/goldman-sachs-lifts-sp-500-price-target-to-4500-as-index-enters-bull-market-134435728.html,^GSPC,S&P 500,subidas desinflacion + boom IA,2023-06-12,bullish,0.6932,1.1473,3.0706,neutral,neutral,bullish,4338.9302,4369.0098,4388.71,4472.1602,ok
109,https://www.cnbc.com/2023/06/08/stock-market-today-live-updates.html,^GSPC,S&P 500,subidas desinflacion + boom IA,2023-06-08,bullish,0.1148,3.072,2.6922,neutral,bullish,bullish,4293.9302,4298.8599,4425.8398,4409.5298,ok
110,https://www.cnbc.com/video/2023/06/09/can-nvidia-and-the-ai-boom-save-the-us-stock-market-and-economy.html,^GSPC,S&P 500,subidas desinflacion + boom IA,2023-06-09,bullish,0.9321,2.5758,3.266,neutral,bullish,bullish,4298.8599,4338.9302,4409.5898,4439.2598,ok
111,https://www.cnbc.com/2023/06/07/stock-market-today-live-updates.html,^GSPC,S&P 500,subidas desinflacion + boom IA,2023-06-07,bullish,0.6189,2.4621,3.0798,neutral,bullish,bullish,4267.52,4293.9302,4372.5898,4398.9502,ok
112,https://www.marketwatch.com/story/summer-doldrums-in-stocks-put-to-the-test-as-doubts-linger-on-more-fed-rate-hikes-cfaa4dc0,^GSPC,S&P 500,subidas desinflacion + boom IA,2023-06-18,bullish,-0.5245,-0.2347,3.0551,neutral,neutral,bullish,4388.71,4365.6899,4378.4102,4522.79,ok
113,https://www.cnbc.com/2023/06/29/stock-market-today-live-updates.html,^GSPC,S&P 500,subidas desinflacion + boom IA,2023-06-29,bullish,1.2269,0.0571,4.2259,neutral,neutral,bullish,4396.4399,4450.3799,4398.9502,4582.23,ok
114,https://www.elconfidencial.com/mercados/telon-de-fondo/2023-06-14/el-sp-500-ha-subido-y-casi-nadie_3664947/,^GSPC,S&P 500,subidas desinflacion + boom IA,2023-06-14,bullish,1.2178,0.2127,3.0378,neutral,neutral,bullish,4372.5898,4425.8398,4381.8901,4505.4199,ok
115,https://www.elconfidencial.com/mercados/the-wall-street-journal/2023-06-24/el-auge-de-las-acciones-tecnologicas-enfrenta-a-la-ia_3668580/,^GSPC,S&P 500,subidas desinflacion + boom IA,2023-06-24,bullish,1.1456,2.9285,5.5128,neutral,bullish,bullish,4328.8198,4378.4102,4455.5898,4567.46,ok
116,https://www.elconfidencial.com/mercados/the-wall-street-journal/2023-06-14/los-alcistas-de-la-bolsa-ven-espacio-para-maniobrar_3664516/,^GSPC,S&P 500,subidas desinflacion + boom IA,2023-06-14,bullish,1.2178,0.2127,3.0378,neutral,neutral,bullish,4372.5898,4425.8398,4381.8901,4505.4199,ok
117,https://www.elconfidencial.com/mercados/the-wall-street-journal/2023-06-12/no-temer-mercado-alcista-por-que-suben-acciones_3662766/,^GSPC,S&P 500,subidas desinflacion + boom IA,2023-06-12,bullish,0.6932,1.1473,3.0706,neutral,neutral,bullish,4338.9302,4369.0098,4388.71,4472.1602,ok
118,https://cincodias.elpais.com/mercados-financieros/2023-06-20/las-grandes-tecnologicas-suben-un-74-y-recuperan-todo-lo-perdido-en-2022.html,^GSPC,S&P 500,subidas desinflacion + boom IA,2023-06-20,bullish,-0.5245,-0.2347,4.0333,neutral,neutral,bullish,4388.71,4365.6899,4378.4102,4565.7202,ok
119,https://www.cnbc.com/2011/08/10/stocks-drop-4-dow-skids-500-led-by-banks.html,^GSPC,S&P 500,lateral deuda europea,2011-08-10,sideways,4.629,6.525,5.8121,bullish,bullish,bullish,1120.76,1172.64,1193.89,1185.9,ok
120,https://www.cnbc.com/2011/08/08/dow-skids-600-worst-day-since-credit-crisis.html,^GSPC,S&P 500,lateral deuda europea,2011-08-08,sideways,4.7407,7.5956,4.0895,bullish,bullish,bullish,1119.46,1172.53,1204.49,1165.24,ok
121,https://www.cnbc.com/2011/08/15/volatility-sparks-biggest-fund-exodus-since-2002.html,^GSPC,S&P 500,lateral deuda europea,2011-08-15,sideways,-0.9739,-6.6974,-2.6252,neutral,bearish,bearish,1204.49,1192.76,1123.8199,1172.87,ok
122,https://www.cnbc.com/2011/08/04/investors-dash-for-cash-amid-global-market-turmoil.html,^GSPC,S&P 500,lateral deuda europea,2011-08-05,sideways,-6.6634,-1.715,-2.1186,bearish,neutral,bearish,1199.38,1119.46,1178.8101,1173.97,ok
123,https://www.cnbc.com/2011/08/05/euro-zone-crisis-resembles-us-turmoil-in-2008.html,^GSPC,S&P 500,lateral deuda europea,2011-08-05,sideways,-6.6634,-1.715,-2.1186,bearish,neutral,bearish,1199.38,1119.46,1178.8101,1173.97,ok
124,https://www.cnbc.com/2011/08/14/investors-could-be-in-for-more-stock-market-vertigo-in-week-ahead.html,^GSPC,S&P 500,lateral deuda europea,2011-08-14,sideways,-0.9739,-6.6974,-2.6252,neutral,bearish,bearish,1204.49,1192.76,1123.8199,1172.87,ok
125,https://www.cnbc.com/2011/08/08/looking-for-market-bottom-you-could-have-a-long-wait.html,^GSPC,S&P 500,lateral deuda europea,2011-08-08,sideways,4.7407,7.5956,4.0895,bullish,bullish,bullish,1119.46,1172.53,1204.49,1165.24,ok
126,https://www.cnbc.com/2011/08/31/stocks-log-worst-aug-in-10-years-dow-up-for-2011.html,^GSPC,S&P 500,lateral deuda europea,2011-08-31,sideways,-1.1871,-2.7066,-4.7986,neutral,bearish,bearish,1218.89,1204.42,1185.9,1160.4,ok
127,https://www.cnbc.com/2011/08/06/sp-downgrades-us-credit-rating-to-aaplus.html,^GSPC,S&P 500,lateral deuda europea,2011-08-06,sideways,4.7407,7.5956,4.0895,bullish,bullish,bullish,1119.46,1172.53,1204.49,1165.24,ok
128,https://www.cnbc.com/2011/09/29/friday-look-ahead-goodbye-to-worst-stock-market-quarter-since-the-financial-crisis.html,^GSPC,S&P 500,lateral deuda europea,2011-09-30,sideways,-2.8451,2.1248,13.582,bearish,bullish,bullish,1131.42,1099.23,1155.46,1285.09,ok
129,https://www.cnbc.com/2011/09/30/stocks-log-worst-quarter-since-credit-crisis.html,^GSPC,S&P 500,lateral deuda europea,2011-09-30,sideways,-2.8451,2.1248,13.582,bearish,bullish,bullish,1131.42,1099.23,1155.46,1285.09,ok
130,https://www.cnbc.com/2011/09/02/stocks-lose-for-week-as-recession-fears-grow.html,^GSPC,S&P 500,lateral deuda europea,2011-09-02,sideways,-0.7436,-0.9966,-6.3664,neutral,neutral,bearish,1173.97,1165.24,1162.27,1099.23,ok
131,https://www.economist.com/free-exchange/2011/08/08/carnage,^GSPC,S&P 500,lateral deuda europea,2011-08-08,sideways,4.7407,7.5956,4.0895,bullish,bullish,bullish,1119.46,1172.53,1204.49,1165.24,ok
132,https://www.cnbc.com/2011/10/03/Eleven-Momentous-Market-Days-in-2011.html,^GSPC,S&P 500,lateral deuda europea,2011-10-03,sideways,2.2488,8.7025,14.0162,bullish,bullish,bullish,1099.23,1123.95,1194.89,1253.3,ok
133,https://www.cnbc.com/2011/07/29/market-fades-as-debt-deal-proves-elusive.html,^GSPC,S&P 500,lateral deuda europea,2011-07-29,sideways,-0.4132,-7.1888,-8.9361,neutral,bearish,bearish,1292.28,1286.9399,1199.38,1176.8,ok
134,https://www.cnbc.com/2011/06/06/stocks-end-lower-for-fourth-straight-session.html,^GSPC,S&P 500,lateral deuda europea,2011-06-06,sideways,-0.0956,-1.1149,4.0205,neutral,neutral,bullish,1286.17,1284.9399,1271.83,1337.88,ok
135,https://www.cnbc.com/2011/06/01/stocks-plunge-amid-global-recovery-fears.html,^GSPC,S&P 500,lateral deuda europea,2011-06-01,sideways,-0.1225,-2.6617,-0.5432,neutral,bearish,neutral,1314.55,1312.9399,1279.5601,1307.41,ok
136,https://www.cnbc.com/2011/06/17/worries-grow-about-breadth-of-debt-crisis.html,^GSPC,S&P 500,lateral deuda europea,2011-06-17,sideways,0.5395,-0.2399,2.6693,neutral,neutral,bullish,1271.5,1278.36,1268.45,1305.4399,ok
137,https://www.cnbc.com/2011/08/08/moodys-backs-uss-aaa-rating-sp-cuts-fannie-others.html,^GSPC,S&P 500,lateral deuda europea,2011-08-08,sideways,4.7407,7.5956,4.0895,bullish,bullish,bullish,1119.46,1172.53,1204.49,1165.24,ok
138,https://www.cnbc.com/2011/09/28/the-bestperforming-sp-500-stocks-of-2011.html,^GSPC,S&P 500,lateral deuda europea,2011-09-28,sideways,0.8114,-0.6108,7.9005,neutral,neutral,bullish,1151.0601,1160.4,1144.03,1242.0,ok
139,https://www.lavanguardia.com/economia/20110802/54194367110/el-pesimismo-sobre-estados-unidos-hunde-la-fragil-confianza-en-europa.html,^GSPC,S&P 500,lateral deuda europea,2011-08-01,sideways,-2.5557,-13.0138,-5.9723,bearish,bearish,bearish,1286.9399,1254.05,1119.46,1210.08,ok
140,https://cincodias.elpais.com/cincodias/2011/07/27/mercados/1311982015_850215.html,^GSPC,S&P 500,lateral deuda europea,2011-07-27,sideways,-0.3234,-3.4141,-9.7548,neutral,bearish,bearish,1304.89,1300.67,1260.34,1177.6,ok
141,https://www.elmundo.es/america/2011/08/08/economia/1312811324.html,^GSPC,S&P 500,lateral deuda europea,2011-08-08,sideways,4.7407,7.5956,4.0895,bullish,bullish,bullish,1119.46,1172.53,1204.49,1165.24,ok
142,https://cincodias.elpais.com/cincodias/2011/08/09/lealtad/1312878527_131287.html,^GSPC,S&P 500,lateral deuda europea,2011-08-09,sideways,-4.4152,1.7253,2.2251,bearish,neutral,bullish,1172.53,1120.76,1192.76,1198.62,ok
143,https://www.elmundo.es/elmundo/2011/08/08/economia/1312786761.html,^GSPC,S&P 500,lateral deuda europea,2011-08-08,sideways,4.7407,7.5956,4.0895,bullish,bullish,bullish,1119.46,1172.53,1204.49,1165.24,ok
144,https://www.cnbc.com/2015/06/09/a-sorting-out-what-does-it-all-mean.html,^GSPC,S&P 500,lateral espera de FED,2015-06-10,sideways,0.1739,-0.2261,-2.5598,neutral,neutral,bearish,2105.2,2108.8601,2100.4399,2051.3101,ok
145,https://www.cnbc.com/2015/06/09/us-stocks-eye-data-for-rate-hike-clues.html,^GSPC,S&P 500,lateral espera de FED,2015-06-09,sideways,1.2042,0.7759,-1.609,neutral,neutral,neutral,2080.1499,2105.2,2096.29,2046.6801,ok
146,https://www.cnbc.com/2015/06/09/stock-pullback-coming-this-summer-analysts.html,^GSPC,S&P 500,lateral espera de FED,2015-06-09,sideways,1.2042,0.7759,-1.609,neutral,neutral,neutral,2080.1499,2105.2,2096.29,2046.6801,ok
147,https://www.cnbc.com/2015/06/09/trendless-market-showing-some-weak-spots.html,^GSPC,S&P 500,lateral espera de FED,2015-06-09,sideways,1.2042,0.7759,-1.609,neutral,neutral,neutral,2080.1499,2105.2,2096.29,2046.6801,ok
148,https://www.cnbc.com/2015/06/04/nasdaq-turns-positive-as-stocks-pare-gains-street-eyes-yields-data.html,^GSPC,S&P 500,lateral espera de FED,2015-06-04,sideways,0.0,0.7659,-0.7669,neutral,neutral,neutral,2092.8301,2092.8301,2108.8601,2076.78,ok
149,https://www.cnbc.com/2015/06/12/fed-moves-closer-to-policy-change-in-week-ahead.html,^GSPC,S&P 500,lateral espera de FED,2015-06-12,sideways,-0.4623,0.7583,0.2622,neutral,neutral,neutral,2094.1101,2084.4299,2109.99,2099.6001,ok
150,https://www.cnbc.com/2015/06/17/fed-on-track-to-hike-rates-despite-caution-on-economy.html,^GSPC,S&P 500,lateral espera de FED,2015-06-17,sideways,0.9903,0.3875,0.4052,neutral,neutral,neutral,2100.4399,2121.24,2108.5801,2108.95,ok
151,https://www.cnbc.com/2015/06/15/wall-street-sees-fed-rate-hike-in-3q-cnbc-fed-survey.html,^GSPC,S&P 500,lateral espera de FED,2015-06-16,sideways,0.198,1.3314,0.6039,neutral,neutral,neutral,2096.29,2100.4399,2124.2,2108.95,ok
152,https://www.cnbc.com/2015/06/15/this-would-be-scary-enough-to-give-fed-pause.html,^GSPC,S&P 500,lateral espera de FED,2015-06-15,sideways,0.569,1.8432,1.1763,neutral,neutral,neutral,2084.4299,2096.29,2122.8501,2108.95,ok
153,https://www.cnbc.com/2015/07/29/fed-tea-leaves-leave-market-wanting-more.html,^GSPC,S&P 500,lateral espera de FED,2015-07-29,sideways,0.0028,-0.414,-7.9703,neutral,neutral,bearish,2108.5701,2108.6299,2099.8401,1940.51,ok
154,https://www.cnbc.com/2015/06/05/cramer-wait-till-september-for-rate-hike.html,^GSPC,S&P 500,lateral espera de FED,2015-06-05,sideways,-0.6475,0.0612,-1.1501,neutral,neutral,neutral,2092.8301,2079.28,2094.1101,2068.76,ok
155,https://www.cnbc.com/2015/06/16/market-curious-about-feds-4-trillion-shades-of-gray.html,^GSPC,S&P 500,lateral espera de FED,2015-06-16,sideways,0.198,1.3314,0.6039,neutral,neutral,neutral,2096.29,2100.4399,2124.2,2108.95,ok
156,https://www.cnbc.com/2015/03/10/fed-fear-factor-could-keep-markets-turbulent.html,^GSPC,S&P 500,lateral espera de FED,2015-03-11,sideways,1.2601,2.9046,2.4968,neutral,bullish,bullish,2040.24,2065.95,2099.5,2091.1799,ok
157,https://www.cnbc.com/2015/03/15/why-the-fed-is-setting-markets-on-a-hair-trigger.html,^GSPC,S&P 500,lateral espera de FED,2015-03-15,sideways,-0.332,1.1162,0.7039,neutral,neutral,neutral,2081.1899,2074.28,2104.4199,2095.8401,ok
158,https://www.cnbc.com/2015/03/06/us-stocks-open-lower-on-jobs-report-apple-to-join-dow.html,^GSPC,S&P 500,lateral espera de FED,2015-03-06,sideways,0.3944,-0.8623,0.4519,neutral,neutral,neutral,2071.26,2079.4299,2053.3999,2080.6201,ok
159,https://www.cnbc.com/2015/05/14/markets-may-show-if-stocks-ready-to-break-out-or-just-fake-out.html,^GSPC,S&P 500,lateral espera de FED,2015-05-15,sideways,0.3048,0.1569,-1.8043,neutral,neutral,neutral,2122.73,2129.2,2126.0601,2084.4299,ok
160,https://www.cnbc.com/2015/05/27/market-is-screaming-for-a-decision-from-the-fed-commentary.html,^GSPC,S&P 500,lateral espera de FED,2015-05-27,sideways,-0.1267,-0.4431,-0.7017,neutral,neutral,neutral,2123.48,2120.79,2114.0701,2108.5801,ok
161,https://www.cnbc.com/2015/07/09/will-the-feds-greek-worries-keep-rate-hike-at-bay.html,^GSPC,S&P 500,lateral espera de FED,2015-07-09,sideways,1.2338,2.8099,1.5722,neutral,bullish,neutral,2051.3101,2076.6201,2108.95,2083.5601,ok
162,https://www.cnbc.com/2015/04/06/fed-in-focus-after-weak-jobs-report-spooks-markets.html,^GSPC,S&P 500,lateral espera de FED,2015-04-06,sideways,-0.2062,0.5676,1.6279,neutral,neutral,neutral,2080.6201,2076.3301,2092.4299,2114.49,ok
163,https://www.cnbc.com/2015/04/16/feds-lockhart-sees-advantages-in-waiting-for-stronger-data-ahead-of-rate-increase.html,^GSPC,S&P 500,lateral espera de FED,2015-04-16,sideways,-1.1311,0.3772,0.7653,neutral,neutral,neutral,2104.99,2081.1799,2112.9299,2121.1001,ok
164,https://www.elconfidencial.com/mercados/cronicas/cronica-del-ibex/2015-05-21/un-pasito-adelante-un-pasito-atras-el-ibex-se-aferra-al-nivel-psicologico-de-los-11-500_852187/,^GSPC,S&P 500,lateral espera de FED,2015-05-21,sideways,-0.2234,-1.0996,-0.9776,neutral,neutral,neutral,2130.8201,2126.0601,2107.3899,2109.99,ok
165,https://www.elconfidencial.com/mercados/inversion/2015-04-08/w_755616/,^GSPC,S&P 500,lateral espera de FED,2015-04-08,sideways,0.4457,1.1879,-0.0841,neutral,neutral,neutral,2081.8999,2091.1799,2106.6299,2080.1499,ok
166,https://www.expansion.com/agencia/efe/2015/02/18/20428020.html,^GSPC,S&P 500,lateral espera de FED,2015-02-18,sideways,-0.1062,0.6754,-0.0086,neutral,neutral,neutral,2099.6799,2097.45,2113.8601,2099.5,ok
167,https://www.elconfidencial.com/mercados/inversion/2015-04-29/yellen-enfria-la-subida-de-los-tipos-en-junio-a-la-espera-de-mas-crecimiento-e-inflacion_785472/,^GSPC,S&P 500,lateral espera de FED,2015-04-29,sideways,-1.0129,-1.2673,0.6616,neutral,neutral,neutral,2106.8501,2085.51,2080.1499,2120.79,ok
168,https://www.expansion.com/2015/02/18/mercados/1424288113.html,^GSPC,S&P 500,lateral espera de FED,2015-02-18,sideways,-0.1062,0.6754,-0.0086,neutral,neutral,neutral,2099.6799,2097.45,2113.8601,2099.5,ok
169,https://www.cnbc.com/2021/06/11/the-great-value-rotation-in-the-stock-market-could-be-over-already-as-investors-embrace-tech-again.html,^GSPC,S&P 500,lateral consolidacion post-COVID,2021-06-11,sideways,0.1815,-1.9068,3.2299,neutral,neutral,bullish,4247.4399,4255.1499,4166.4502,4384.6299,ok
170,https://www.cnbc.com/2021/06/18/explaining-the-volatile-stock-and-bond-market-moves-this-week-following-the-feds-update.html,^GSPC,S&P 500,lateral consolidacion post-COVID,2021-06-18,sideways,1.4002,2.7421,2.2091,neutral,bullish,bullish,4166.4502,4224.79,4280.7002,4258.4902,ok
171,https://finance.yahoo.com/news/a-significant-stock-market-consolidation-may-only-be-months-away-deutsche-bank-173851762.html,^GSPC,S&P 500,lateral consolidacion post-COVID,2021-04-06,sideways,0.1475,1.6606,2.2268,neutral,neutral,bullish,4073.9399,4079.95,4141.5898,4164.6602,ok
172,https://www.cnbc.com/2021/06/21/market-volatility-is-back-as-covid-and-monetary-policy-uncertainty-hit-sentiment.html,^GSPC,S&P 500,lateral consolidacion post-COVID,2021-06-21,sideways,0.5124,1.5579,2.326,neutral,neutral,bullish,4224.79,4246.4399,4290.6099,4323.0601,ok
173,https://www.cnbc.com/2021/06/16/after-traders-get-past-this-tricky-fed-meeting-a-confusing-second-half-awaits.html,^GSPC,S&P 500,lateral consolidacion post-COVID,2021-06-16,sideways,-0.0436,0.4295,3.2277,neutral,neutral,bullish,4223.7002,4221.8599,4241.8398,4360.0298,ok
174,https://www.cnbc.com/2021/05/20/op-ed-this-is-what-investors-are-misunderstanding-about-tech-stocks.html,^GSPC,S&P 500,lateral consolidacion post-COVID,2021-05-20,sideways,-0.0784,1.0041,0.1762,neutral,neutral,neutral,4159.1201,4155.8599,4200.8799,4166.4502,ok
175,https://www.cnbc.com/2021/05/12/inflation-worries-slam-stocks-market-analysts-on-navigating-the-noise.html,^GSPC,S&P 500,lateral consolidacion post-COVID,2021-05-12,sideways,1.2173,1.2956,4.3352,neutral,neutral,bullish,4063.04,4112.5,4115.6802,4239.1802,ok
176,https://www.marketwatch.com/story/as-the-s-p-500-falters-this-is-what-it-will-take-to-revive-the-bull-market-11623942534,^GSPC,S&P 500,lateral consolidacion post-COVID,2021-06-17,sideways,-1.3124,1.0571,2.4942,neutral,neutral,bullish,4221.8599,4166.4502,4266.4902,4327.1602,ok
177,https://www.cnbc.com/2021/06/07/stocks-are-on-the-path-towards-new-records-even-with-fed-and-inflation-worries-increasing.html,^GSPC,S&P 500,lateral consolidacion post-COVID,2021-06-07,sideways,0.0175,0.6774,2.7687,neutral,neutral,bullish,4226.52,4227.2598,4255.1499,4343.54,ok
178,https://www.cnbc.com/2021/04/05/beat-the-sp-handily-by-owning-cyclicals-and-growth-art-hogan.html,^GSPC,S&P 500,lateral consolidacion post-COVID,2021-04-05,sideways,-0.0974,1.2281,2.8139,neutral,neutral,bullish,4077.9099,4073.9399,4127.9902,4192.6602,ok
179,https://www.cnbc.com/2021/04/30/five-sp-sectors-hit-new-highstraders-flag-top-groups-to-watch.html,^GSPC,S&P 500,lateral consolidacion post-COVID,2021-04-30,sideways,0.2748,1.23,0.5487,neutral,neutral,neutral,4181.1699,4192.6602,4232.6001,4204.1099,ok
180,https://www.cnbc.com/2021/06/18/the-fed-will-continue-to-dominate-the-market-in-the-week-ahead-after-sell-off.html,^GSPC,S&P 500,lateral consolidacion post-COVID,2021-06-18,sideways,1.4002,2.7421,2.2091,neutral,bullish,bullish,4166.4502,4224.79,4280.7002,4258.4902,ok
181,https://www.cnbc.com/2021/04/01/economic-boom-in-the-second-quarter-a-boost-for-stocks.html,^GSPC,S&P 500,lateral consolidacion post-COVID,2021-04-01,sideways,1.4438,2.7098,4.0126,neutral,bullish,bullish,4019.8701,4077.9099,4128.7998,4181.1699,ok
182,https://www.cnbc.com/2021/04/09/the-economy-is-on-the-cusp-of-a-major-boom-and-economists-believe-it-could-last.html,^GSPC,S&P 500,lateral consolidacion post-COVID,2021-04-09,sideways,-0.0196,1.3726,2.5141,neutral,neutral,bullish,4128.7998,4127.9902,4185.4702,4232.6001,ok
183,https://www.cnbc.com/2021/05/07/aprils-big-jobs-miss-explained-and-what-it-means-for-the-us-economic-outlook.html,^GSPC,S&P 500,lateral consolidacion post-COVID,2021-05-07,sideways,-1.0436,-1.388,-0.1436,neutral,neutral,neutral,4232.6001,4188.4302,4173.8501,4226.52,ok
184,https://www.cnbc.com/2021/06/02/market-bull-predicts-calmer-june-but-delivers-a-summer-swoon-warning.html,^GSPC,S&P 500,lateral consolidacion post-COVID,2021-06-02,sideways,-0.3629,0.2716,2.124,neutral,neutral,bullish,4208.1201,4192.8501,4219.5498,4297.5,ok
185,https://www.cnbc.com/2021/04/12/op-ed-fundamentals-will-drive-stocks-as-the-economy-improves.html,^GSPC,S&P 500,lateral consolidacion post-COVID,2021-04-12,sideways,0.3294,0.8544,1.4642,neutral,neutral,neutral,4127.9902,4141.5898,4163.2598,4188.4302,ok
186,https://finance.yahoo.com/news/u-retail-sales-fall-may-124223075.html,^GSPC,S&P 500,lateral consolidacion post-COVID,2021-06-15,sideways,-0.539,-0.0035,3.0074,neutral,neutral,bullish,4246.5898,4223.7002,4246.4399,4374.2998,ok
187,https://finance.yahoo.com/news/stock-market-news-live-updates-may-11-2021-221907344.html,^GSPC,S&P 500,lateral consolidacion post-COVID,2021-05-11,sideways,-2.1449,-0.5845,1.6245,bearish,neutral,neutral,4152.1001,4063.04,4127.8301,4219.5498,ok
188,https://finance.yahoo.com/news/why-portfolio-drops-while-indexes-125056373.html,^GSPC,S&P 500,lateral consolidacion post-COVID,2021-05-10,sideways,-0.8674,-0.6002,0.9271,neutral,neutral,neutral,4188.4302,4152.1001,4163.29,4227.2598,ok
189,https://cincodias.elpais.com/cincodias/2021/04/26/mercados/1619460729_778313.html,^GSPC,S&P 500,lateral consolidacion post-COVID,2021-04-27,sideways,-0.0846,-0.5269,0.0337,neutral,neutral,neutral,4186.7202,4183.1802,4164.6602,4188.1299,ok
190,https://www.expansion.com/mercados/2021/04/13/6074b929e5fdea293a8b45fe.html,^GSPC,S&P 500,lateral consolidacion post-COVID,2021-04-12,sideways,0.3294,0.8544,1.4642,neutral,neutral,neutral,4127.9902,4141.5898,4163.2598,4188.4302,ok
191,https://www.vozpopuli.com/opinion/la-bolsa-en-tiempos-de-taper-y-ii.html,^GSPC,S&P 500,lateral consolidacion post-COVID,2021-06-26,sideways,0.0277,1.2336,2.5836,neutral,neutral,bullish,4290.6099,4291.7998,4343.54,4401.46,ok
192,https://cincodias.elpais.com/cincodias/2021/04/09/mercados/1617987353_653846.html,^GSPC,S&P 500,lateral consolidacion post-COVID,2021-04-10,sideways,0.3294,0.8544,1.4642,neutral,neutral,neutral,4127.9902,4141.5898,4163.2598,4188.4302,ok
193,https://www.elconfidencial.com/mercados/2021-04-29/100-dias-de-biden-es-momento-de-invertir-en-wall-street_3055303/,^GSPC,S&P 500,lateral consolidacion post-COVID,2021-04-29,sideways,-0.7195,-0.2339,-0.2515,neutral,neutral,neutral,4211.4702,4181.1699,4201.6201,4200.8799,ok
194,https://www.cnbc.com/2022/05/05/tech-selloff-puts-nasdaq-on-pace-for-worst-day-since-june-2020.html,^NDX,NASDAQ 100,caidas tipos altos contra tecnologicas,2022-05-05,bearish,-1.2219,-7.0429,-2.3541,neutral,bearish,bearish,12850.5498,12693.5303,11945.5,12548.0303,ok
195,https://www.marketwatch.com/story/tech-stocks-are-seeing-their-biggest-blowup-since-the-dot-com-era-11656088409,^NDX,NASDAQ 100,caidas tipos altos contra tecnologicas,2022-06-24,bearish,-0.8063,-4.2968,1.8385,neutral,bearish,neutral,12105.8496,12008.2402,11585.6797,12328.4102,ok
196,https://www.barrons.com/articles/tech-stocks-slump-inflation-jobs-federal-reserve-51662116254,^NDX,NASDAQ 100,caidas tipos altos contra tecnologicas,2022-09-02,bearish,-0.7202,5.3005,-7.1803,neutral,bullish,bearish,12098.4404,12011.3096,12739.7197,11229.7305,ok
197,https://www.cnbc.com/2022/06/30/tech-stocks-q2-2022-worst-quarter-in-years-for-tsla-amzn-msft-goog.html,^NDX,NASDAQ 100,caidas tipos altos contra tecnologicas,2022-06-30,bearish,0.7125,5.4067,12.5546,neutral,bullish,bullish,11503.7197,11585.6797,12125.6904,12947.9697,ok
198,https://www.ft.com/content/4c7d6b7d-55c1-4e27-8ec1-71aade052993?syn-25a6b1a6=1,^NDX,NASDAQ 100,caidas tipos altos contra tecnologicas,2022-01-07,bearish,0.1426,0.1244,-6.5478,neutral,neutral,bearish,15592.1904,15614.4297,15611.5898,14571.25,ok
199,https://www.cnbc.com/2022/01/24/the-stock-market-slide-is-unlikely-to-budge-the-fed-from-tightening.html,^NDX,NASDAQ 100,caidas tipos altos contra tecnologicas,2022-01-24,bearish,-2.4843,2.8979,-4.4043,bearish,bullish,bearish,14509.5801,14149.1201,14930.0498,13870.5303,ok
200,https://www.cnbc.com/2022/01/24/the-sp-500-is-on-track-for-its-worst-january-ever-heres-why-stocks-are-getting-hit-so-hard.html,^NDX,NASDAQ 100,caidas tipos altos contra tecnologicas,2022-01-24,bearish,-2.4843,2.8979,-4.4043,bearish,bullish,bearish,14509.5801,14149.1201,14930.0498,13870.5303,ok
201,https://www.cnbc.com/2022/01/07/cloud-stocks-plunge-as-investors-sour-on-pandemics-top-performers.html,^NDX,NASDAQ 100,caidas tipos altos contra tecnologicas,2022-01-07,bearish,0.1426,0.1244,-6.5478,neutral,neutral,bearish,15592.1904,15614.4297,15611.5898,14571.25,ok
202,https://www.cnbc.com/2022/09/23/tech-stocks-worst-two-week-stretch-since-the-start-of-pandemic.html,^NDX,NASDAQ 100,caidas tipos altos contra tecnologicas,2022-09-23,bearish,-0.5051,-3.006,-0.008,neutral,bearish,neutral,11311.2402,11254.1104,10971.2197,11310.3301,ok
203,https://www.barrons.com/articles/tech-stocks-secondhalf-could-be-worse-51656693199,^NDX,NASDAQ 100,caidas tipos altos contra tecnologicas,2022-07-01,bearish,1.6764,2.3702,11.6963,neutral,bullish,bullish,11585.6797,11779.9004,11860.2803,12940.7803,ok
204,https://finance.yahoo.com/news/fed-casts-long-shadow-over-104643676.html,^NDX,NASDAQ 100,caidas tipos altos contra tecnologicas,2022-04-29,bearish,1.7196,-1.2545,-1.3488,neutral,neutral,neutral,12854.7998,13075.8496,12693.5303,12681.4199,ok
205,https://www.cnbc.com/2022/01/10/stock-market-sell-off-stings-for-now-but-may-not-lead-to-a-broad-correction.html,^NDX,NASDAQ 100,caidas tipos altos contra tecnologicas,2022-01-10,bearish,1.471,-2.5852,-5.5551,neutral,bearish,bearish,15614.4297,15844.1201,15210.7598,14747.0303,ok
206,https://www.cnbc.com/2022/09/13/tech-stocks-crushed-in-market-selloff.html,^NDX,NASDAQ 100,caidas tipos altos contra tecnologicas,2022-09-13,bearish,0.8375,-1.5131,-10.3233,neutral,neutral,bearish,12033.6201,12134.4004,11851.54,10791.3496,ok
207,https://www.cnbc.com/2022/10/09/stock-futures-are-down-as-market-exits-rollercoaster-week.html,^NDX,NASDAQ 100,caidas tipos altos contra tecnologicas,2022-10-09,bearish,-1.2412,1.2406,0.4579,neutral,neutral,neutral,10926.9697,10791.3496,11062.5303,10977.0,ok
208,https://www.ft.com/content/90cb4e56-b460-4654-b420-9c470218fd9b?syn-25a6b1a6=1,^NDX,NASDAQ 100,caidas tipos altos contra tecnologicas,2022-09-18,bearish,-0.8511,-5.8491,-7.4518,neutral,bearish,bearish,11953.2695,11851.54,11254.1104,11062.5303,ok
209,https://www.investing.com/analysis/asia-session-wobbling-postus-inflation-print-200624036,^NDX,NASDAQ 100,caidas tipos altos contra tecnologicas,2022-05-12,bearish,3.6993,-0.5849,5.6057,bullish,neutral,bullish,11945.5,12387.4004,11875.6299,12615.1299,ok
210,https://www.cnbc.com/2022/09/20/stock-market-futures-open-to-close-newshtml.html,^NDX,NASDAQ 100,caidas tipos altos contra tecnologicas,2022-09-20,bearish,-1.8036,-4.8921,-5.9385,neutral,bearish,bearish,11851.54,11637.79,11271.75,11147.7402,ok
211,https://www.cnbc.com/2022/10/06/stock-market-futures-open-to-close-news.html,^NDX,NASDAQ 100,caidas tipos altos contra tecnologicas,2022-10-06,bearish,-3.8834,-3.9347,-6.9209,bearish,bearish,bearish,11485.5,11039.4697,11033.5801,10690.5996,ok
212,https://www.cnbc.com/2022/09/22/futures-inch-higher-following-another-day-of-losses-after-fed-rate-hike-sell-offs.html,^NDX,NASDAQ 100,caidas tipos altos contra tecnologicas,2022-09-22,bearish,-1.6555,-2.9289,-3.9554,neutral,bearish,bearish,11501.6504,11311.2402,11164.7803,11046.71,ok
213,https://www.investing.com/analysis/are-us-big-tech-stocks-following-their-chinese-counterparts-part-2-200625196,^NDX,NASDAQ 100,caidas tipos altos contra tecnologicas,2022-06-01,bearish,2.7456,0.5321,-8.3249,bullish,neutral,bearish,12548.3604,12892.8896,12615.1299,11503.7197,ok
214,https://cincodias.elpais.com/cincodias/2022/10/06/mercados/1665075999_489744.html,^NDX,NASDAQ 100,caidas tipos altos contra tecnologicas,2022-10-07,bearish,-1.0191,-3.147,-1.6526,neutral,bearish,neutral,11039.4697,10926.9697,10692.0596,10857.0303,ok
215,https://www.elconfidencial.com/economia/laissez-faire/2022-05-11/por-que-nasdaq-caidas_3422051/,^NDX,NASDAQ 100,caidas tipos altos contra tecnologicas,2022-05-11,bearish,-0.1843,-0.328,5.411,neutral,neutral,bullish,11967.5596,11945.5,11928.3096,12615.1299,ok
216,https://cincodias.elpais.com/cincodias/2022/05/10/mercados/1652188635_190851.html,^NDX,NASDAQ 100,caidas tipos altos contra tecnologicas,2022-05-11,bearish,-0.1843,-0.328,5.411,neutral,neutral,bullish,11967.5596,11945.5,11928.3096,12615.1299,ok
217,https://www.elconfidencial.com/mercados/el-valor-anadido/2022-04-27/reves-nasdaq-desconfianza-gigantes-tecnologicos_3415173/,^NDX,NASDAQ 100,caidas tipos altos contra tecnologicas,2022-04-27,bearish,3.4814,4.0939,-8.1474,bullish,bullish,bearish,13003.3604,13456.0596,13535.71,11943.9297,ok
218,https://www.elconfidencial.com/mercados/2022-01-31/cotizacion-nasdaq-netflix-moderna-tecnologicas-bolsa_3367373/,^NDX,NASDAQ 100,caidas tipos altos contra tecnologicas,2022-01-31,bearish,0.6003,-2.4032,-6.1893,neutral,bearish,bearish,14930.0498,15019.6797,14571.25,14005.9902,ok
219,https://finance.yahoo.com/news/timeline-federal-reserve-zero-interest-rates-231355542.html,^NDX,NASDAQ 100,caidas covid,2020-03-16,bearish,6.4608,-0.1917,23.8132,bullish,neutral,bullish,7020.3799,7473.9502,7006.9199,8692.1602,ok
220,https://www.cnbc.com/2020/03/12/stock-market-today-live.html,^NDX,NASDAQ 100,caidas covid,2020-03-12,bearish,10.0722,0.3424,13.4214,bullish,neutral,bullish,7263.6499,7995.2598,7288.52,8238.5303,ok
221,https://finance.yahoo.com/news/top-5-things-know-market-065819911.html,^NDX,NASDAQ 100,caidas covid,2020-03-19,bearish,-4.0369,8.3503,21.1825,bearish,bullish,bullish,7288.52,6994.29,7897.1299,8832.4102,ok
222,https://www.cnbc.com/2020/03/08/dow-futures-drop-700-points-as-all-out-oil-price-war-adds-to-coronavirus-stress.html,^NDX,NASDAQ 100,caidas covid,2020-03-08,bearish,0.0,-12.3123,0.9435,neutral,bearish,neutral,8006.1201,8006.1201,7020.3799,8081.6602,ok
223,https://www.cnbc.com/2020/03/23/trump-fed-congress-government-efforts-to-contain-coronavirus-economic-impact.html,^NDX,NASDAQ 100,caidas covid,2020-03-23,bearish,7.8053,12.5888,19.9243,bullish,bullish,bullish,7006.9199,7553.8301,7889.0098,8403.0,ok
224,https://www.marketwatch.com/story/dow-ends-around-3000-points-lower-nasdaq-sees-worst-day-ever-2020-03-16,^NDX,NASDAQ 100,caidas covid,2020-03-16,bearish,6.4608,-0.1917,23.8132,bullish,neutral,bullish,7020.3799,7473.9502,7006.9199,8692.1602,ok
225,https://www.cnbc.com/2020/03/22/breaking-down-this-sell-off-among-the-most-extreme-and-rare-wall-street-has-ever-seen.html,^NDX,NASDAQ 100,caidas covid,2020-03-22,bearish,7.8053,12.5888,19.9243,bullish,bullish,bullish,7006.9199,7553.8301,7889.0098,8403.0,ok
226,https://www.cnbc.com/2020/03/11/futures-are-steady-wednesday-night-after-dow-closes-in-bear-market-traders-await-trump.html,^NDX,NASDAQ 100,caidas covid,2020-03-11,bearish,-9.2738,-10.3788,2.7906,bearish,bearish,bullish,8006.1201,7263.6499,7175.1802,8229.54,ok
227,https://www.cnbc.com/2020/03/16/stock-market-today-live.html,^NDX,NASDAQ 100,caidas covid,2020-03-16,bearish,6.4608,-0.1917,23.8132,bullish,neutral,bullish,7020.3799,7473.9502,7006.9199,8692.1602,ok
228,https://www.cnbc.com/2020/03/15/traders-await-futures-open-after-fed-cuts-rates-launches-easing-program.html,^NDX,NASDAQ 100,caidas covid,2020-03-15,bearish,6.4608,-0.1917,23.8132,bullish,neutral,bullish,7020.3799,7473.9502,7006.9199,8692.1602,ok
229,https://www.cnbc.com/2020/03/09/stock-market-today-live.html,^NDX,NASDAQ 100,caidas covid,2020-03-09,bearish,0.0,-12.3123,0.9435,neutral,bearish,neutral,8006.1201,8006.1201,7020.3799,8081.6602,ok
230,https://www.barrons.com/articles/dow-jones-industrial-average-fell-as-the-bear-claims-s-p-500-nasdaq-51584048446,^NDX,NASDAQ 100,caidas covid,2020-03-12,bearish,10.0722,0.3424,13.4214,bullish,neutral,bullish,7263.6499,7995.2598,7288.52,8238.5303,ok
231,https://www.cnbc.com/2020/03/10/dow-futures-point-to-a-loss-of-more-than-400-points-after-tuesdays-surge.html,^NDX,NASDAQ 100,caidas covid,2020-03-10,bearish,0.0,-6.647,0.5395,neutral,bearish,neutral,8006.1201,8006.1201,7473.9502,8049.3101,ok
232,https://www.cnbc.com/2020/03/19/stock-market-futures-open-to-close-news.html,^NDX,NASDAQ 100,caidas covid,2020-03-19,bearish,-4.0369,8.3503,21.1825,bearish,bullish,bullish,7288.52,6994.29,7897.1299,8832.4102,ok
233,https://www.cnbc.com/2020/03/23/this-was-the-fastest-30percent-stock-market-decline-ever.html,^NDX,NASDAQ 100,caidas covid,2020-03-23,bearish,7.8053,12.5888,19.9243,bullish,bullish,bullish,7006.9199,7553.8301,7889.0098,8403.0,ok
234,https://www.cnbc.com/2020/03/16/us-stock-futures-rise-slightly-following-dows-third-worst-day-ever.html,^NDX,NASDAQ 100,caidas covid,2020-03-16,bearish,6.4608,-0.1917,23.8132,bullish,neutral,bullish,7020.3799,7473.9502,7006.9199,8692.1602,ok
235,https://www.cnbc.com/2020/03/11/stock-market-today-live.html,^NDX,NASDAQ 100,caidas covid,2020-03-11,bearish,-9.2738,-10.3788,2.7906,bearish,bearish,bullish,8006.1201,7263.6499,7175.1802,8229.54,ok
236,https://www.cnbc.com/2020/03/13/stock-market-today-live.html,^NDX,NASDAQ 100,caidas covid,2020-03-13,bearish,-12.1932,-12.5195,4.221,bearish,bearish,bullish,7995.2598,7020.3799,6994.29,8332.7402,ok
237,https://finance.yahoo.com/news/stock-market-news-live-march-12-013620137.html,^NDX,NASDAQ 100,caidas covid,2020-03-12,bearish,10.0722,0.3424,13.4214,bullish,neutral,bullish,7263.6499,7995.2598,7288.52,8238.5303,ok
238,https://www.cnbc.com/2020/03/20/stock-market-live-today.html,^NDX,NASDAQ 100,caidas covid,2020-03-20,bearish,0.1806,8.4938,24.7662,neutral,bullish,bullish,6994.29,7006.9199,7588.3701,8726.5098,ok
239,https://www.elmundo.es/economia/empresas/2020/03/09/5e6649b021efa04f7e8b464f.html,^NDX,NASDAQ 100,caidas covid,2020-03-09,bearish,0.0,-12.3123,0.9435,neutral,bearish,neutral,8006.1201,8006.1201,7020.3799,8081.6602,ok
240,https://cincodias.elpais.com/cincodias/2020/03/15/mercados/1584311841_535047.html,^NDX,NASDAQ 100,caidas covid,2020-03-16,bearish,6.4608,-0.1917,23.8132,bullish,neutral,bullish,7020.3799,7473.9502,7006.9199,8692.1602,ok
241,https://www.expansion.com/mercados/2020/03/27/5e7dd481468aeb725a8b45ee.html,^NDX,NASDAQ 100,caidas covid,2020-03-27,bearish,3.9618,-0.7941,16.4632,bullish,neutral,bullish,7588.3701,7889.0098,7528.1099,8837.6602,ok
242,https://cincodias.elpais.com/cincodias/2020/03/12/mercados/1583994351_431644.html,^NDX,NASDAQ 100,caidas covid,2020-03-13,bearish,-12.1932,-12.5195,4.221,bearish,bearish,bullish,7995.2598,7020.3799,6994.29,8332.7402,ok
243,https://cincodias.elpais.com/cincodias/2020/03/23/mercados/1584965667_363584.html,^NDX,NASDAQ 100,caidas covid,2020-03-23,bearish,7.8053,12.5888,19.9243,bullish,bullish,bullish,7006.9199,7553.8301,7889.0098,8403.0,ok
244,https://www.barrons.com/articles/SB1009594395773595440,^NDX,NASDAQ 100,caidas burbuja puntocom,2001-12-31,bearish,2.1141,5.6771,-2.4165,bullish,bullish,bearish,1577.05,1610.39,1666.58,1538.9399,ok
245,https://www.economist.com/finance-and-economics/2000/04/20/after-the-gold-rush,^NDX,NASDAQ 100,caidas burbuja puntocom,2000-04-20,bearish,-4.3295,7.6424,-6.9795,bearish,bullish,bearish,3505.29,3353.53,3773.1799,3260.6399,ok
246,https://www.economist.com/unknown/2000/12/03/chopping-tech-stocks-down-to-size,^NDX,NASDAQ 100,caidas burbuja puntocom,2000-12-03,bearish,11.6846,16.3839,-1.0186,bullish,bullish,neutral,2554.3999,2852.8701,2972.9099,2528.3799,ok
247,https://www.economist.com/finance-and-economics/2000/03/23/bubble-bubble,^NDX,NASDAQ 100,caidas burbuja puntocom,2000-03-23,bearish,0.6649,-8.8063,-24.7892,neutral,bearish,bearish,4660.6201,4691.6099,4250.1899,3505.29,ok
248,https://www.economist.com/finance-and-economics/2000/04/06/monopoly-money,^NDX,NASDAQ 100,caidas burbuja puntocom,2000-04-06,bearish,5.0113,-13.0403,-9.7479,bullish,bearish,bearish,4086.73,4291.5298,3553.8101,3688.3601,ok
249,https://www.economist.com/finance-and-economics/2000/03/16/to-infinity-and-beyond,^NDX,NASDAQ 100,caidas burbuja puntocom,2000-03-16,bearish,2.0012,7.0587,-18.3657,bullish,bullish,bearish,4353.3301,4440.4502,4660.6201,3553.8101,ok
250,https://www.economist.com/finance-and-economics/2000/03/23/wake-up-call,^NDX,NASDAQ 100,caidas burbuja puntocom,2000-03-23,bearish,0.6649,-8.8063,-24.7892,neutral,bearish,bearish,4660.6201,4691.6099,4250.1899,3505.29,ok
251,https://www.economist.com/financial-indicators/2000/05/11/stockmarkets,^NDX,NASDAQ 100,caidas burbuja puntocom,2000-05-11,bearish,0.7298,1.3242,11.1986,neutral,neutral,bullish,3381.5701,3406.25,3426.3501,3760.26,ok
252,https://www.economist.com/special-report/2001/06/16/easycom-easygone,^NDX,NASDAQ 100,caidas burbuja puntocom,2001-06-16,bearish,0.5647,4.6451,3.784,neutral,bullish,bullish,1666.49,1675.9,1743.9,1729.55,ok
253,https://www.economist.com/special-report/2000/09/23/bubblecom,^NDX,NASDAQ 100,caidas burbuja puntocom,2000-09-23,bearish,-1.0908,-4.5314,-5.5244,neutral,bearish,bearish,3622.1001,3582.5901,3457.97,3422.0,ok
254,https://www.economist.com/finance-and-economics/2002/06/13/terrible-twins,^NDX,NASDAQ 100,caidas burbuja puntocom,2002-06-13,bearish,0.2765,-3.9845,-9.5541,neutral,bearish,bearish,1106.54,1109.6,1062.45,1000.82,ok
255,https://www.economist.com/business/2000/12/07/consultant-heal-thyself,^NDX,NASDAQ 100,caidas burbuja puntocom,2000-12-07,bearish,6.4517,-2.9652,-16.1171,bullish,bearish,bearish,2719.9099,2895.3899,2639.26,2281.54,ok
256,https://cincodias.elpais.com/cincodias/2001/03/24/mercados/985531637_850215.html,^NDX,NASDAQ 100,caidas burbuja puntocom,2001-03-23,bearish,-1.6492,-7.7284,6.268,neutral,bearish,bullish,1705.02,1676.9,1573.25,1811.89,ok
257,https://cincodias.elpais.com/cincodias/2001/03/06/mercados/983976431_850215.html,^NDX,NASDAQ 100,caidas burbuja puntocom,2001-03-05,bearish,3.1111,-12.315,-20.8746,bullish,bearish,bearish,1916.6801,1976.3101,1680.64,1516.58,ok
258,https://cincodias.elpais.com/cincodias/2001/08/27/mercados/999006431_850215.html,^NDX,NASDAQ 100,caidas burbuja puntocom,2001-08-26,bearish,-3.2965,-9.7705,-27.0596,bearish,bearish,bearish,1578.33,1526.3,1424.12,1151.24,ok
259,https://cincodias.elpais.com/cincodias/2001/09/01/mercados/999438433_850215.html,^NDX,NASDAQ 100,caidas burbuja puntocom,2001-08-31,bearish,-3.1013,-7.0974,-13.4701,bearish,bearish,bearish,1469.7,1424.12,1365.39,1271.73,ok
260,https://cincodias.elpais.com/cincodias/2002/02/16/mercados/1013957234_850215.html,^NDX,NASDAQ 100,caidas burbuja puntocom,2002-02-15,bearish,-3.4405,-1.9983,4.8159,bearish,neutral,bullish,1436.7,1387.27,1407.99,1505.89,ok
261,https://www.economist.com/special-report/2003/11/13/time-to-get-this-show-back-on-the-road,^NDX,NASDAQ 100,subidas recuperacion post dotcom,2003-11-13,bullish,-2.2474,-5.3046,-1.5696,bearish,bearish,neutral,1439.87,1407.51,1363.49,1417.27,ok
262,https://www.economist.com/finance-and-economics/2003/10/09/theyre-back,^NDX,NASDAQ 100,subidas recuperacion post dotcom,2003-10-09,bullish,0.5669,2.1304,3.0874,neutral,bullish,bullish,1396.95,1404.87,1426.71,1440.08,ok
263,https://www.economist.com/finance-and-economics/2003/05/22/bucking-the-trend,^NDX,NASDAQ 100,subidas recuperacion post dotcom,2003-05-22,bullish,-0.1237,5.8721,8.1267,neutral,bullish,bullish,1131.45,1130.05,1197.89,1223.4,ok
264,https://www.economist.com/finance-and-economics/2003/06/05/cheaper-than-a-penny-stock,^NDX,NASDAQ 100,subidas recuperacion post dotcom,2003-06-05,bullish,-1.5109,-0.1949,-0.0309,neutral,neutral,neutral,1231.72,1213.11,1229.3199,1231.34,ok
265,https://www.economist.com/business/2003/06/19/is-big-blue-the-next-big-thing,^NDX,NASDAQ 100,subidas recuperacion post dotcom,2003-06-19,bullish,-0.2031,-0.9226,2.7751,neutral,neutral,bullish,1225.89,1223.4,1214.58,1259.91,ok
266,https://cincodias.elpais.com/cincodias/2003/07/19/mercados/1058857530_850215.html,^NDX,NASDAQ 100,subidas recuperacion post dotcom,2003-07-18,bullish,-1.5184,1.4604,-0.4984,neutral,neutral,neutral,1259.91,1240.78,1278.3101,1253.63,ok
267,https://cincodias.elpais.com/cincodias/2003/12/27/mercados/1072771528_850215.html,^NDX,NASDAQ 100,subidas recuperacion post dotcom,2003-12-26,bullish,1.8361,3.6513,5.22,neutral,bullish,bullish,1443.86,1470.37,1496.58,1519.23,ok
268,https://cincodias.elpais.com/cincodias/2003/10/14/mercados/1066222770_850215.html,^NDX,NASDAQ 100,subidas recuperacion post dotcom,2003-10-13,bullish,0.4199,-0.3824,-0.0071,neutral,neutral,neutral,1414.72,1420.66,1409.3101,1414.62,ok
269,https://cincodias.elpais.com/cincodias/2003/12/31/mercados/1072968434_850215.html,^NDX,NASDAQ 100,subidas recuperacion post dotcom,2003-12-30,bullish,-0.1422,3.0102,1.7952,neutral,bullish,neutral,1470.01,1467.92,1514.26,1496.4,ok
270,https://cincodias.elpais.com/cincodias/2003/09/19/mercados/1064065631_850215.html,^NDX,NASDAQ 100,subidas recuperacion post dotcom,2003-09-18,bullish,-0.5621,-5.3124,1.8984,neutral,bearish,neutral,1400.13,1392.26,1325.75,1426.71,ok
271,https://www.marketwatch.com/story/nasdaq-on-the-verge-of-closing-at-psychological-milestone-at-10000-even-as-the-economy-is-in-recessionheres-how-we-got-here-2020-06-09,^NDX,NASDAQ 100,subidas tech rally covid,2020-06-09,bullish,1.2751,-0.1786,7.0183,neutral,neutral,bullish,9967.1699,10094.2598,9949.3701,10666.7002,ok
272,https://www.cnbc.com/2020/07/22/these-six-tech-stocks-make-up-half-the-nasdaq-100s-value.html,^NDX,NASDAQ 100,subidas tech rally covid,2020-07-22,bullish,-2.6692,-1.9113,4.1201,bearish,neutral,bullish,10870.75,10580.5898,10662.9805,11318.6396,ok
273,https://www.marketwatch.com/story/the-nasdaq-just-wiped-out-all-of-its-losses-for-2020--a-stunning-feat-in-the-aftermath-of-the-coronvirus-crisis-2020-05-07,^NDX,NASDAQ 100,subidas tech rally covid,2020-05-07,bullish,1.3016,-0.082,7.938,neutral,neutral,bullish,9101.8799,9220.3496,9094.4199,9824.3896,ok
274,https://www.cnbc.com/2020/05/04/big-techs-earnings-prove-its-immune-to-the-coronavirus.html,^NDX,NASDAQ 100,subidas tech rally covid,2020-05-04,bullish,1.0925,5.2615,9.3184,neutral,bullish,bullish,8834.1104,8930.6201,9298.9199,9657.3096,ok
275,https://www.cnbc.com/2020/06/09/amazon-apple-facebook-microsoft-close-all-time-high-big-tech-rally.html,^NDX,NASDAQ 100,subidas tech rally covid,2020-06-09,bullish,1.2751,-0.1786,7.0183,neutral,neutral,bullish,9967.1699,10094.2598,9949.3701,10666.7002,ok
276,https://www.cnbc.com/2020/06/30/stock-market-futures-open-to-close-news.html,^NDX,NASDAQ 100,subidas tech rally covid,2020-06-30,bullish,1.2051,5.0198,4.9831,neutral,bullish,bullish,10156.8496,10279.25,10666.7002,10662.9805,ok
277,https://finance.yahoo.com/news/stock-markets-rally-fueled-by-microsoft-apple-amazon-alphabet-facebook-171702690.html,^NDX,NASDAQ 100,subidas tech rally covid,2020-04-17,bullish,-1.199,-0.5187,3.6256,neutral,neutral,bullish,8832.4102,8726.5098,8786.5996,9152.6396,ok
278,https://www.investing.com/analysis/dot-com-dejavu-the-nasdaq-hasnt-been-this-overvalued-in-20-years-200528936,^NDX,NASDAQ 100,subidas tech rally covid,2020-06-26,bullish,1.1351,7.6624,8.3764,neutral,bullish,bullish,9849.3604,9961.1602,10604.0596,10674.3799,ok
279,https://www.cnbc.com/2020/06/22/stock-market-futures-open-to-close-news.html,^NDX,NASDAQ 100,subidas tech rally covid,2020-06-22,bullish,0.7847,-1.6699,6.937,neutral,neutral,bullish,10130.3301,10209.8203,9961.1602,10833.0703,ok
280,https://www.cnbc.com/2020/06/04/stock-market-futures-open-to-close-news.html,^NDX,NASDAQ 100,subidas tech rally covid,2020-06-04,bullish,2.0222,-0.4276,7.3962,bullish,neutral,bullish,9629.6602,9824.3896,9588.4805,10341.8896,ok
281,https://www.cnbc.com/2020/06/08/jim-cramer-on-why-the-nasdaq-hit-a-new-all-time-high-during-the-pandemic.html,^NDX,NASDAQ 100,subidas tech rally covid,2020-06-08,bullish,0.663,-1.2587,6.2868,neutral,neutral,bullish,9901.5195,9967.1699,9776.8896,10524.0098,ok
282,https://www.cnbc.com/2020/08/05/stock-market-live-updates-dow-futures-up-200-disney-pops-6percent-after-big-subscriber-beat.html,^NDX,NASDAQ 100,subidas tech rally covid,2020-08-05,bullish,1.2731,0.2901,11.6409,neutral,neutral,bullish,11125.4404,11267.0801,11157.7197,12420.54,ok
283,https://www.cnbc.com/2020/05/07/stock-market-futures-open-to-close-news.html,^NDX,NASDAQ 100,subidas tech rally covid,2020-05-07,bullish,1.3016,-0.082,7.938,neutral,neutral,bullish,9101.8799,9220.3496,9094.4199,9824.3896,ok
284,https://www.cnbc.com/2020/05/18/the-sp-500-is-up-3percent-over-the-past-12-months-as-the-markets-resilience-continues-to-mystify-many.html,^NDX,NASDAQ 100,subidas tech rally covid,2020-05-18,bullish,-0.3578,0.6221,6.6164,neutral,neutral,bullish,9331.9297,9298.54,9389.9805,9949.3701,ok
285,https://www.investing.com/analysis/lighten-up-on-the-nasdaq-100-qqq-200532535,^NDX,NASDAQ 100,subidas tech rally covid,2020-07-31,bullish,1.3681,2.1411,9.9943,neutral,bullish,bullish,10905.8799,11055.0801,11139.3896,11995.8496,ok
286,https://www.cnbc.com/2020/06/02/stock-market-futures-open-to-close-news.html,^NDX,NASDAQ 100,subidas tech rally covid,2020-06-02,bullish,0.4906,3.2086,5.1727,neutral,bullish,bullish,9657.3096,9704.6904,9967.1699,10156.8496,ok
287,https://www.cnbc.com/2020/04/13/stock-market-futures-open-to-close-news.html,^NDX,NASDAQ 100,subidas tech rally covid,2020-04-13,bullish,4.3133,4.7256,11.595,bullish,bullish,bullish,8332.7402,8692.1602,8726.5098,9298.9199,ok
288,https://www.cnbc.com/2020/06/05/the-stock-market-could-crater-again-heres-why-investors-shouldnt-worry.html,^NDX,NASDAQ 100,subidas tech rally covid,2020-06-05,bullish,0.7851,-1.6348,7.9361,neutral,neutral,bullish,9824.3896,9901.5195,9663.7803,10604.0596,ok
289,https://www.cnbc.com/2020/09/08/stock-market-futures-open-to-close-news.html,^NDX,NASDAQ 100,subidas tech rally covid,2020-09-08,bullish,2.9597,3.3484,2.0149,bullish,bullish,bullish,11068.2598,11395.8496,11438.8701,11291.2695,ok
290,https://cincodias.elpais.com/cincodias/2020/07/07/mercados/1594152907_203826.html,^NDX,NASDAQ 100,subidas tech rally covid,2020-07-07,bullish,1.3559,0.7431,5.4402,neutral,neutral,bullish,10524.0098,10666.7002,10602.21,11096.54,ok
291,https://www.lavanguardia.com/economia/20200427/48740909533/nasdaq-mercado-bolsa-resultados-wall-street-dow-jones.html,^NDX,NASDAQ 100,subidas tech rally covid,2020-04-27,bullish,-1.8111,-0.0402,6.2496,neutral,neutral,bullish,8837.6602,8677.5996,8834.1104,9389.9805,ok
292,https://www.expansion.com/mercados/2020/06/09/5edfdf07e5fdea9b5b8b45cf.html,^NDX,NASDAQ 100,subidas tech rally covid,2020-06-09,bullish,1.2751,-0.1786,7.0183,neutral,neutral,bullish,9967.1699,10094.2598,9949.3701,10666.7002,ok
293,https://www.expansion.com/mercados/2020/04/24/5ea1fe09468aeb302b8b45f5.html,^NDX,NASDAQ 100,subidas tech rally covid,2020-04-23,bullish,1.6791,4.1545,8.5227,neutral,bullish,bullish,8641.5,8786.5996,9000.5098,9377.9902,ok
294,https://www.elconfidencial.com/mercados/the-wall-street-journal/2020-08-20/motvos-justificados-excepcionalidad-estadounidense-stocks_2719527/,^NDX,NASDAQ 100,subidas tech rally covid,2020-08-20,bullish,0.6806,3.9131,-4.7056,neutral,bullish,bearish,11477.0498,11555.1602,11926.1602,10936.9805,ok
295,https://finance.yahoo.com/news/ai-mania-driving-nasdaq-100-214724840.html,^NDX,NASDAQ 100,subidas auge ia generativa,2023-12-28,bullish,-0.4293,-3.5062,4.1294,neutral,bearish,bullish,16898.4707,16825.9297,16305.9805,17596.2695,ok
296,https://www.cnbc.com/2023/12/29/tech-stocks-wrap-up-2023-rally-after-last-years-slump.html,^NDX,NASDAQ 100,subidas auge ia generativa,2023-12-29,bullish,-1.6759,-1.0464,3.8677,neutral,neutral,bullish,16825.9297,16543.9395,16649.8691,17476.7109,ok
297,https://www.cnbc.com/2023/06/30/nasdaq-best-first-half-in-40-years-powered-by-apple-nvidia-and-meta.html,^NDX,NASDAQ 100,subidas auge ia generativa,2023-06-30,bullish,0.1942,-0.88,3.8065,neutral,neutral,bullish,15179.21,15208.6904,15045.6396,15757.0,ok
298,https://www.cnbc.com/2023/10/17/amid-ai-buzz-big-us-tech-giants-add-2point5-trillion-in-market-cap.html,^NDX,NASDAQ 100,subidas auge ia generativa,2023-10-17,bullish,-1.4069,-2.4874,4.5659,neutral,bearish,bullish,15122.0098,14909.2598,14745.8604,15812.4697,ok
299,https://www.cnbc.com/2023/12/27/generative-ai-big-year-meant-profit-for-nvidia-experiments-elsewhere.html,^NDX,NASDAQ 100,subidas auge ia generativa,2023-12-27,bullish,-0.0493,-3.6955,3.0414,neutral,bearish,bullish,16906.8008,16898.4707,16282.0098,17421.0098,ok
300,https://awealthofcommonsense.com/2023/12/a-short-history-of-returns-for-the-nasdaq-100/,^NDX,NASDAQ 100,subidas auge ia generativa,2023-12-19,bullish,-1.5328,0.5648,2.9869,neutral,neutral,bullish,16811.8496,16554.1602,16906.8008,17314.0,ok
301,https://www.investing.com/analysis/the-ai-revolution-a-speculative-bubble-or-a-new-era-for-investors-200638139,^NDX,NASDAQ 100,subidas auge ia generativa,2023-05-16,bullish,1.2159,1.8362,11.7658,neutral,neutral,bullish,13426.0098,13589.2598,13672.54,15005.6904,ok
302,https://www.cnbc.com/2023/12/26/here-are-3-stocks-other-than-nvidia-getting-ai-premium-from-investors.html,^NDX,NASDAQ 100,subidas auge ia generativa,2023-12-26,bullish,0.1679,-3.0214,3.7831,neutral,bearish,bullish,16878.4609,16906.8008,16368.4902,17516.9902,ok
303,https://www.cnbc.com/2023/05/29/its-not-a-bubble-yet-whartons-jeremy-siegel-predicts-big-tech-boom-fueled-by-ai.html,^NDX,NASDAQ 100,subidas auge ia generativa,2023-05-29,bullish,-0.7029,1.4148,4.2465,neutral,neutral,bullish,14354.9902,14254.0898,14558.0898,14964.5703,ok
304,https://finance.yahoo.com/news/hype-could-signal-start-fourth-110000080.html,^NDX,NASDAQ 100,subidas auge ia generativa,2023-07-02,bullish,-0.0323,-0.5893,3.3489,neutral,neutral,bullish,15208.6904,15203.7803,15119.0596,15718.0098,ok
305,https://finance.yahoo.com/news/play-ai-boom-nasdaq-rally-204238815.html,^NDX,NASDAQ 100,subidas auge ia generativa,2023-06-15,bullish,-0.6688,,3.4757,neutral,,bullish,15185.4805,15083.9199,,15713.2803,ok
306,https://www.cnbc.com/2023/11/20/nvidia-earnings-report-to-give-investors-peek-into-ai-demand-for-2024.html,^NDX,NASDAQ 100,subidas auge ia generativa,2023-11-20,bullish,-0.583,-0.1038,4.8967,neutral,neutral,bullish,16027.0596,15933.6201,16010.4297,16811.8496,ok
307,https://finance.yahoo.com/video/2023-market-recap-tech-stocks-222925799.html,^NDX,NASDAQ 100,subidas auge ia generativa,2023-12-29,bullish,-1.6759,-1.0464,3.8677,neutral,neutral,bullish,16825.9297,16543.9395,16649.8691,17476.7109,ok
308,https://www.cnbc.com/2023/06/25/stock-market-today-live-updates.html,^NDX,NASDAQ 100,subidas auge ia generativa,2023-06-25,bullish,1.7489,3.5378,5.9391,neutral,bullish,bullish,14689.0195,14945.9102,15208.6904,15561.4199,ok
309,https://finance.yahoo.com/news/stock-market-winners-in-2023-are-last-years-losers-184035963.html,^NDX,NASDAQ 100,subidas auge ia generativa,2023-06-07,bullish,1.2672,4.9108,5.1286,neutral,bullish,bullish,14303.29,14484.54,15005.6904,15036.8496,ok
310,https://www.ft.com/content/02053c2f-613d-49de-a2a8-2400d53b1c20?syn-25a6b1a6=1,^NDX,NASDAQ 100,subidas auge ia generativa,2023-10-25,bullish,-1.8918,1.9697,11.2626,neutral,neutral,bullish,14381.6396,14109.5703,14664.9102,16001.3896,ok
311,https://www.ft.com/content/8f4463c8-1e83-4bfc-a370-62cd41c35bf1?syn-25a6b1a6=1,^NDX,NASDAQ 100,subidas auge ia generativa,2023-12-15,bullish,0.6398,0.9261,0.6787,neutral,neutral,neutral,16623.4492,16729.8008,16777.4004,16736.2793,ok
312,https://finance.yahoo.com/news/ai-primed-power-another-dot-172106385.html,^NDX,NASDAQ 100,subidas auge ia generativa,2023-05-24,bullish,2.4554,6.1526,9.4601,bullish,bullish,bullish,13604.4805,13938.5303,14441.5098,14891.4805,ok
313,https://www.investing.com/analysis/heres-how-to-jump-on-the-nvidia-and-meta-bandwagon-at-this-point-200638719,^NDX,NASDAQ 100,subidas auge ia generativa,2023-06-05,bullish,0.0109,1.5649,4.4467,neutral,neutral,bullish,14556.5,14558.0898,14784.2998,15203.7803,ok
314,https://finance.yahoo.com/news/read-mercer-ai-2023-performance-131543811.html,^NDX,NASDAQ 100,subidas auge ia generativa,2023-12-29,bullish,-1.6759,-1.0464,3.8677,neutral,neutral,bullish,16825.9297,16543.9395,16649.8691,17476.7109,ok
315,https://www.expansion.com/mercados/2023/07/26/64c05dcb468aeb9a778b45a8.html,^NDX,NASDAQ 100,subidas auge ia generativa,2023-07-26,bullish,-0.2215,-0.8292,-2.2659,neutral,neutral,bearish,15499.2598,15464.9297,15370.7402,15148.0596,ok
316,https://www.elconfidencial.com/mercados/2023-07-15/entusiasmo-tecnologicas-mercados_3700614/,^NDX,NASDAQ 100,subidas auge ia generativa,2023-07-15,bullish,0.815,-1.6881,-3.231,neutral,neutral,bearish,15713.2803,15841.3496,15448.0195,15205.5898,ok
317,https://www.expansion.com/economia-digital/2023/11/29/65677d42e5fdeac5598b4648.html,^NDX,NASDAQ 100,subidas auge ia generativa,2023-11-29,bullish,-0.2485,-1.2482,5.6974,neutral,neutral,bullish,15987.5996,15947.8701,15788.0498,16898.4707,ok
318,https://www.eleconomista.es/mercados-cotizaciones/noticias/12369787/07/23/el-nasdaq-100-se-rebalancea-para-quitar-peso-a-sus-gigantes-a-que-fondos-afecta-en-espana.html,^NDX,NASDAQ 100,subidas auge ia generativa,2023-07-17,bullish,0.815,-1.6881,-3.231,neutral,neutral,bearish,15713.2803,15841.3496,15448.0195,15205.5898,ok
319,https://cincodias.elpais.com/mercados-financieros/2023-07-31/hay-riesgo-de-burbuja-en-la-inteligencia-artificial.html,^NDX,NASDAQ 100,subidas auge ia generativa,2023-07-31,bullish,-0.2474,-2.2158,-4.4713,neutral,bearish,bearish,15757.0,15718.0098,15407.8496,15052.46,ok
320,https://www.cnbc.com/2018/10/19/charts-point-to-more-trouble-for-the-nasdaq-100-tradinganalysiscom.html,^NDX,NASDAQ 100,lateralizacion guerra comercial eeuu china,2018-10-19,sideways,0.4781,-3.5855,-3.3798,neutral,bearish,bearish,7107.23,7141.21,6852.3999,6867.02,ok
321,https://www.cnbc.com/2018/11/30/trump-xi-talks-could-spark-explosion-higher-for-stocks-like-apple----or-a-bear-market-.html,^NDX,NASDAQ 100,lateralizacion guerra comercial eeuu china,2018-11-30,sideways,1.6279,-3.8318,-8.4636,neutral,bearish,bearish,6949.0098,7062.1299,6682.7402,6360.8701,ok
322,https://www.investing.com/analysis/no-holiday-cheer-yet-as-panic-mode-does-major-technical-damage-despite-attractive-200366834,^NDX,NASDAQ 100,lateralizacion guerra comercial eeuu china,2018-12-11,sideways,0.8908,-3.1729,-1.2425,neutral,bearish,neutral,6704.2402,6763.96,6491.52,6620.9399,ok
323,https://www.cnbc.com/2018/11/16/trump-trade-war-with-china-could-disrupt-traditional-thanksgiving-rally.html,^NDX,NASDAQ 100,lateralizacion guerra comercial eeuu china,2018-11-17,sideways,-1.7456,0.8749,-4.5153,neutral,neutral,bearish,6642.9199,6526.96,6701.04,6342.9702,ok
324,https://www.cnbc.com/2018/12/03/us-china-trade-war-still-on-despite-trump-xi-90-days-truce-experts.html,^NDX,NASDAQ 100,lateralizacion guerra comercial eeuu china,2018-12-03,sideways,-3.7796,-5.0677,-12.9564,bearish,bearish,bearish,7062.1299,6795.21,6704.2402,6147.1299,ok
325,https://www.investing.com/analysis/week-ahead-200370470,^NDX,NASDAQ 100,lateralizacion guerra comercial eeuu china,2018-12-23,sideways,6.1603,7.8232,13.6151,bullish,bullish,bullish,5899.3501,6262.77,6360.8701,6702.5498,ok
326,https://www.investing.com/analysis/arresting-developments-at-another-oversold-edge-200365959,^NDX,NASDAQ 100,lateralizacion guerra comercial eeuu china,2018-12-07,sideways,1.0503,-0.277,-0.9289,neutral,neutral,neutral,6613.2798,6682.7402,6594.96,6551.8501,ok
327,https://www.cnbc.com/2018/12/08/its-a-messy-correction--not-a-bear-market-money-manager-says.html,^NDX,NASDAQ 100,lateralizacion guerra comercial eeuu china,2018-12-08,sideways,0.3217,-3.5068,-1.2278,neutral,bearish,neutral,6682.7402,6704.2402,6448.3901,6600.6899,ok
328,https://www.cnbc.com/2018/12/20/nasdaq-enters-bear-market-as-investors-ditch-pricey-faang-stocks.html,^NDX,NASDAQ 100,lateralizacion guerra comercial eeuu china,2018-12-20,sideways,-3.1495,0.674,6.465,bearish,neutral,bullish,6243.1899,6046.5601,6285.27,6646.8101,ok
329,https://www.cnbc.com/2018/11/30/market-looks-for-clarity-on-tariffs-with-china-to-figure-out-2019.html,^NDX,NASDAQ 100,lateralizacion guerra comercial eeuu china,2018-11-30,sideways,1.6279,-3.8318,-8.4636,neutral,bearish,bearish,6949.0098,7062.1299,6682.7402,6360.8701,ok
330,https://www.cnbc.com/2018/12/09/dow-futures-drop-200-points-as-sell-off-is-set-to-continue-in-new-week.html,^NDX,NASDAQ 100,lateralizacion guerra comercial eeuu china,2018-12-09,sideways,0.3217,-3.5068,-1.2278,neutral,bearish,neutral,6682.7402,6704.2402,6448.3901,6600.6899,ok
331,https://www.cnbc.com/2018/12/06/stock-market-slide-accelerates-as-huawei-arrest-creates-fear-backlash-will-slam-trade-global-economy.html,^NDX,NASDAQ 100,lateralizacion guerra comercial eeuu china,2018-12-06,sideways,-3.2984,-1.0364,-5.1266,bearish,neutral,bearish,6838.8501,6613.2798,6767.9702,6488.25,ok
332,https://www.cnbc.com/2018/11/23/trumps-trade-talks-with-china-could-snap-markets-out-of-their-funk.html,^NDX,NASDAQ 100,lateralizacion guerra comercial eeuu china,2018-11-23,sideways,,,,,,,,,,,no_price
333,https://www.cnbc.com/2018/11/27/btig-stocks-could-lose-another-14percent-on-us-china-economic-cold-war.html,^NDX,NASDAQ 100,lateralizacion guerra comercial eeuu china,2018-11-27,sideways,3.168,1.4053,-6.1593,bullish,neutral,bearish,6701.04,6913.3301,6795.21,6288.2998,ok
334,https://www.cnbc.com/2018/11/29/its-now-up-to-president-trump-to-rescue-the-stock-market-from-ending-2018-in-the-red.html,^NDX,NASDAQ 100,lateralizacion guerra comercial eeuu china,2018-11-29,sideways,0.8213,-4.0497,-8.1601,neutral,bearish,bearish,6892.3999,6949.0098,6613.2798,6329.9702,ok
335,https://www.cnbc.com/2018/12/07/trumps-trade-war-has-cost-the-sp-10percent-this-year-jp-morgan-estimates.html,^NDX,NASDAQ 100,lateralizacion guerra comercial eeuu china,2018-12-07,sideways,1.0503,-0.277,-0.9289,neutral,neutral,neutral,6613.2798,6682.7402,6594.96,6551.8501,ok
336,https://www.cnbc.com/2018/12/03/trump-xi-agreed-to-non-escalation-china-under-pressure-expert.html,^NDX,NASDAQ 100,lateralizacion guerra comercial eeuu china,2018-12-03,sideways,-3.7796,-5.0677,-12.9564,bearish,bearish,bearish,7062.1299,6795.21,6704.2402,6147.1299,ok
337,https://www.cnbc.com/2018/12/06/the-market-is-tanking-this-week-heres-what-you-need-to-know.html,^NDX,NASDAQ 100,lateralizacion guerra comercial eeuu china,2018-12-06,sideways,-3.2984,-1.0364,-5.1266,bearish,neutral,bearish,6838.8501,6613.2798,6767.9702,6488.25,ok
338,https://www.investing.com/analysis/jeff-gundlach-thinks-that-a-bear-market-has-started-is-he-right-200368939,^NDX,NASDAQ 100,lateralizacion guerra comercial eeuu china,2018-12-18,sideways,-2.2884,-3.5238,3.4958,bearish,bearish,bullish,6491.52,6342.9702,6262.77,6718.4502,ok
339,https://www.cnbc.com/2018/10/26/trump-goes-quiet-as-stock-market-falls-on-trade-war-rate-hikes.html,^NDX,NASDAQ 100,lateralizacion guerra comercial eeuu china,2018-10-28,sideways,1.4331,3.3243,-0.1915,neutral,bullish,neutral,6713.8999,6810.1201,6937.0898,6701.04,ok
340,https://cincodias.elpais.com/cincodias/2018/12/06/companias/1544078736_420210.html,^NDX,NASDAQ 100,lateralizacion guerra comercial eeuu china,2018-12-06,sideways,-3.2984,-1.0364,-5.1266,bearish,neutral,bearish,6838.8501,6613.2798,6767.9702,6488.25,ok
341,https://www.elconfidencial.com/mercados/2018-12-26/wall-street-peores-trimestres-historia-moderna_1728290/,^NDX,NASDAQ 100,lateralizacion guerra comercial eeuu china,2018-12-26,sideways,0.4076,-1.8465,8.3765,neutral,neutral,bullish,6262.77,6288.2998,6147.1299,6787.3701,ok
342,https://cincodias.elpais.com/cincodias/2018/12/25/mercados/1545736439_339803.html,^NDX,NASDAQ 100,lateralizacion guerra comercial eeuu china,2018-12-25,sideways,0.4076,-1.8465,8.3765,neutral,neutral,bullish,6262.77,6288.2998,6147.1299,6787.3701,ok
343,https://www.elmundo.es/economia/macroeconomia/2018/12/26/5c228bde21efa045458b47c1.html,^NDX,NASDAQ 100,lateralizacion guerra comercial eeuu china,2018-12-26,sideways,0.4076,-1.8465,8.3765,neutral,neutral,bullish,6262.77,6288.2998,6147.1299,6787.3701,ok
344,https://www.elmundo.es/economia/2018/12/09/5c0d5fd4fc6c830a6d8b469a.html,^NDX,NASDAQ 100,lateralizacion guerra comercial eeuu china,2018-12-09,sideways,0.3217,-3.5068,-1.2278,neutral,bearish,neutral,6682.7402,6704.2402,6448.3901,6600.6899,ok
345,http://www.marketwatch.com/story/hunting-for-tech-gems-in-stock-market-wreckage,^NDX,NASDAQ 100,lateralizacion recuperacion lenta tech,2004-08-20,sideways,0.3051,1.5973,4.243,neutral,neutral,bullish,1366.73,1370.9,1388.5601,1424.72,ok
346,https://www.economist.com/business/2004/08/19/losing-the-hp-way,^NDX,NASDAQ 100,lateralizacion recuperacion lenta tech,2004-08-19,sideways,0.9969,2.2716,5.3989,neutral,bullish,bullish,1353.24,1366.73,1383.98,1426.3,ok
347,https://www.economist.com/special-report/2004/04/01/after-the-drought,^NDX,NASDAQ 100,lateralizacion recuperacion lenta tech,2004-04-01,sideways,2.5516,2.222,-3.5686,bullish,bullish,bearish,1453.22,1490.3,1485.51,1401.36,ok
348,https://www.economist.com/unknown/2004/08/20/googles-ipo-rollercoaster,^NDX,NASDAQ 100,lateralizacion recuperacion lenta tech,2004-08-20,sideways,0.3051,1.5973,4.243,neutral,neutral,bullish,1366.73,1370.9,1388.5601,1424.72,ok
349,https://www.economist.com/news/2004/07/23/giving-75-billion-back-with-plenty-to-spare,^NDX,NASDAQ 100,lateralizacion recuperacion lenta tech,2004-07-23,sideways,-0.5147,1.811,-0.6361,neutral,neutral,neutral,1375.48,1368.4,1400.39,1366.73,ok
350,https://www.economist.com/business/2004/06/24/growth-stocks-anyone,^NDX,NASDAQ 100,lateralizacion recuperacion lenta tech,2004-06-24,sideways,0.6766,0.0846,-7.5811,neutral,neutral,bearish,1488.3101,1498.38,1489.5699,1375.48,ok
351,https://www.economist.com/economic-and-financial-indicators/2004/08/26/hedge-fund-performance,^NDX,NASDAQ 100,lateralizacion recuperacion lenta tech,2004-08-26,sideways,0.3309,1.0376,1.0889,neutral,neutral,neutral,1383.98,1388.5601,1398.34,1399.05,ok
352,https://www.economist.com/finance-and-economics/2004/04/01/the-golden-spigot,^NDX,NASDAQ 100,lateralizacion recuperacion lenta tech,2004-04-01,sideways,2.5516,2.222,-3.5686,bullish,bullish,bearish,1453.22,1490.3,1485.51,1401.36,ok
353,https://www.economist.com/finance-and-economics/2004/09/23/low-fidelity,^NDX,NASDAQ 100,lateralizacion recuperacion lenta tech,2004-09-23,sideways,-0.478,0.4958,4.9098,neutral,neutral,bullish,1405.77,1399.05,1412.74,1474.79,ok
354,https://www.marketwatch.com/archive/2004/07/29,^NDX,NASDAQ 100,lateralizacion recuperacion lenta tech,2004-07-01,sideways,-0.5626,-3.3278,-5.987,neutral,bearish,bearish,1489.5699,1481.1899,1440.0,1400.39,ok
355,https://www.economist.com/unknown/2004/04/02/fightback-or-death-rattle,^NDX,NASDAQ 100,lateralizacion recuperacion lenta tech,2004-04-02,sideways,1.2125,0.3778,-5.0332,neutral,neutral,bearish,1490.3,1508.37,1495.9301,1415.29,ok
356,https://www.economist.com/finance-and-economics/2004/07/08/reeling-and-dealing,^NDX,NASDAQ 100,lateralizacion recuperacion lenta tech,2004-07-08,sideways,0.6198,-1.0628,-5.4286,neutral,neutral,bearish,1431.13,1440.0,1415.92,1353.4399,ok
357,https://cincodias.elpais.com/cincodias/2004/07/17/mercados/1090158433_850215.html,^NDX,NASDAQ 100,lateralizacion recuperacion lenta tech,2004-07-16,sideways,0.3304,-1.1988,-6.0589,neutral,neutral,bearish,1392.17,1396.77,1375.48,1307.8199,ok
358,https://cincodias.elpais.com/cincodias/2004/07/13/mercados/1089809970_850215.html,^NDX,NASDAQ 100,lateralizacion recuperacion lenta tech,2004-07-12,sideways,-0.2395,-2.4677,-7.91,neutral,bearish,bearish,1432.11,1428.6801,1396.77,1318.83,ok
359,https://cincodias.elpais.com/cincodias/2004/05/15/mercados/1084863932_850215.html,^NDX,NASDAQ 100,lateralizacion recuperacion lenta tech,2004-05-14,sideways,-1.4252,0.5943,5.6685,neutral,neutral,bullish,1399.85,1379.9,1408.17,1479.2,ok
360,https://cincodias.elpais.com/cincodias/2004/08/21/mercados/1093331129_850215.html,^NDX,NASDAQ 100,lateralizacion recuperacion lenta tech,2004-08-20,sideways,0.3051,1.5973,4.243,neutral,neutral,bullish,1366.73,1370.9,1388.5601,1424.72,ok
361,https://www.elmundo.es/navegante/2004/06/28/empresas/1088411650.html,^NDX,NASDAQ 100,lateralizacion recuperacion lenta tech,2004-06-28,sideways,0.8426,-3.172,-6.8028,neutral,bearish,bearish,1493.0699,1505.65,1445.71,1391.5,ok
362,https://www.investing.com/analysis/fomc-earnings-playbook-for-nasdaq-usdjpy-and-nzdusd-200640374,^NDX,NASDAQ 100,lateralizacion espera de politica monetaria,2023-07-26,sideways,-0.2215,-0.8292,-2.2659,neutral,neutral,bearish,15499.2598,15464.9297,15370.7402,15148.0596,ok
363,https://www.investing.com/analysis/the-stock-market-bet-wrong-on-fed-rate-cuts-200642028,^NDX,NASDAQ 100,lateralizacion espera de politica monetaria,2023-09-21,sideways,0.0467,0.058,0.6049,neutral,neutral,neutral,14694.2402,14701.0996,14702.7695,14783.1299,ok
364,https://finance.yahoo.com/news/higher-rate-indigestion-144502815.html,^NDX,NASDAQ 100,lateralizacion espera de politica monetaria,2023-08-22,sideways,1.6037,0.9625,0.4089,neutral,neutral,neutral,14908.96,15148.0596,15052.46,14969.9199,ok
365,https://www.barrons.com/livecoverage/stock-market-today-102323/card/u-s-stock-futures-slip-with-bond-yields-big-tech-earnings-in-focus-TYLj0coWDK8owifEbHbE,^NDX,NASDAQ 100,lateralizacion espera de politica monetaria,2023-10-23,sideways,0.9655,-1.8442,9.7379,neutral,neutral,bullish,14604.8496,14745.8604,14335.5098,16027.0596,ok
366,https://www.barrons.com/livecoverage/stock-market-today-082123/card/tech-stocks-have-taken-a-hit-bond-yields-are-the-culprit--owynGLnpsT6acgycoHl1,^NDX,NASDAQ 100,lateralizacion espera de politica monetaria,2023-08-21,sideways,-0.1857,0.7751,1.7041,neutral,neutral,neutral,14936.6904,14908.96,15052.46,15191.2305,ok
367,https://www.barrons.com/livecoverage/stock-market-today-092123/card/big-tech-is-getting-tired-after-massive-2023-rally-B850Bx0qCuLTP4EVPilu,^NDX,NASDAQ 100,lateralizacion espera de politica monetaria,2023-09-21,sideways,0.0467,0.058,0.6049,neutral,neutral,neutral,14694.2402,14701.0996,14702.7695,14783.1299,ok
368,https://www.ft.com/content/35dae6f7-9554-442d-abfa-608adcbc72aa,^NDX,NASDAQ 100,lateralizacion espera de politica monetaria,2023-07-17,sideways,0.815,-1.6881,-3.231,neutral,neutral,bearish,15713.2803,15841.3496,15448.0195,15205.5898,ok
369,https://www.barrons.com/livecoverage/stock-market-today-101023/card/u-s-stock-futures-rise-as-bond-yields-fall-on-hopes-that-fed-rate-hikes-are-done-5aYW9L1GpBId3tHKZ5vj,^NDX,NASDAQ 100,lateralizacion espera de politica monetaria,2023-10-10,sideways,0.7243,-0.0628,1.0871,neutral,neutral,neutral,15131.5195,15241.1201,15122.0098,15296.0195,ok
370,https://www.barrons.com/livecoverage/stock-market-today-101323/card/philadelphia-fed-president-patrick-harker-is-in-for-a-rate-pause-jv31xr2eIZ4HX7XOasl6,^NDX,NASDAQ 100,lateralizacion espera de politica monetaria,2023-10-13,sideways,1.1845,-2.8959,3.5612,neutral,bearish,bullish,14995.1201,15172.7305,14560.8799,15529.1201,ok
371,https://www.investing.com/analysis/large-cap-tech-eyeing-massive-implication-level-200640264,^NDX,NASDAQ 100,lateralizacion espera de politica monetaria,2023-07-21,sideways,0.1449,2.1086,-4.7378,neutral,bullish,bearish,15425.6699,15448.0195,15750.9297,14694.8398,ok
372,https://klementoninvesting.substack.com/p/forget-about-the-fed-decision,^NDX,NASDAQ 100,lateralizacion espera de politica monetaria,2023-07-25,sideways,-0.3995,1.0063,-4.1928,neutral,neutral,bearish,15561.4199,15499.2598,15718.0098,14908.96,ok
373,https://www.cnbc.com/2023/07/11/nasdaq-100-to-undergo-rejiggering-because-a-few-tech-stocks-are-now-too-big.html,^NDX,NASDAQ 100,lateralizacion espera de politica monetaria,2023-07-11,sideways,1.2446,4.7773,1.0185,neutral,bullish,neutral,15119.0596,15307.2305,15841.3496,15273.0498,ok
374,https://www.barrons.com/articles/nasdaq-100-special-rebalance-apple-stock-price-98515240,^NDX,NASDAQ 100,lateralizacion espera de politica monetaria,2023-07-10,sideways,0.488,4.4374,2.4074,neutral,bullish,bullish,15045.6396,15119.0596,15713.2803,15407.8496,ok
375,https://www.investing.com/analysis/deflation-stagflation-or-crackup-inflation-what-lies-ahead-for-the-economy-200641845,^NDX,NASDAQ 100,lateralizacion espera de politica monetaria,2023-09-14,sideways,-1.7545,-5.0385,-1.8728,neutral,bearish,neutral,15473.8896,15202.4004,14694.2402,15184.0996,ok
376,https://www.investing.com/analysis/earnings-growth-not-fed-policy-drives-stock-market-returns-200640288,^NDX,NASDAQ 100,lateralizacion espera de politica monetaria,2023-07-24,sideways,0.7341,2.0001,-3.31,neutral,bullish,bearish,15448.0195,15561.4199,15757.0,14936.6904,ok
377,https://www.investing.com/analysis/q4-kicks-off-amid-significant-risks-is-the-bull-market-already-over-200642331,^NDX,NASDAQ 100,lateralizacion espera de politica monetaria,2023-10-03,sideways,1.4461,3.8852,-1.0699,neutral,bullish,neutral,14565.6201,14776.25,15131.5195,14409.7803,ok
378,https://www.investing.com/analysis/market-fireworks-continue-whats-in-store-for-the-second-half-200639600,^NDX,NASDAQ 100,lateralizacion espera de politica monetaria,2023-07-03,sideways,-0.0323,-0.5893,3.3489,neutral,neutral,bullish,15208.6904,15203.7803,15119.0596,15718.0098,ok
379,https://finance.yahoo.com/news/big-tech-gains-force-nasdaq-014009503.html,^NDX,NASDAQ 100,lateralizacion espera de politica monetaria,2023-07-20,sideways,-0.2613,-0.0075,-4.8511,neutral,neutral,bearish,15466.0898,15425.6699,15464.9297,14715.8096,ok
380,https://finance.yahoo.com/news/nasdaq-100-rebalance-etf-investors-200100622.html,^NDX,NASDAQ 100,lateralizacion espera de politica monetaria,2023-07-24,sideways,0.7341,2.0001,-3.31,neutral,bullish,bearish,15448.0195,15561.4199,15757.0,14936.6904,ok
381,https://cincodias.elpais.com/mercados-financieros/2023-10-30/la-fed-prepara-el-terreno-para-subir-tipos-antes-de-fin-de-ano-aunque-no-este-miercoles.html,^NDX,NASDAQ 100,lateralizacion espera de politica monetaria,2023-10-30,sideways,0.5181,5.716,11.6837,neutral,bullish,bullish,14335.5098,14409.7803,15154.9297,16010.4297,ok
382,https://www.elconfidencial.com/mercados/the-wall-street-journal/2023-10-16/la-fed-confia-demasiado-en-que-los-mercados_3754045/,^NDX,NASDAQ 100,lateralizacion espera de politica monetaria,2023-10-16,sideways,-0.3343,-3.7428,2.0435,neutral,bearish,bullish,15172.7305,15122.0098,14604.8496,15482.79,ok
383,https://www.expansion.com/mercados/2023/10/19/6530685fe5fdea5e5b8b4651.html,^NDX,NASDAQ 100,lateralizacion espera de politica monetaria,2023-10-18,sideways,-0.846,-3.5389,6.0896,neutral,bearish,bullish,14909.2598,14783.1299,14381.6396,15817.1797,ok
384,https://www.eleconomista.es/mercados-cotizaciones/noticias/12461608/09/23/wall-street-rescata-la-opcion-put-de-la-fed-ante-el-temor-de-unos-tipos-altos-durante-mas-tiempo.html,^NDX,NASDAQ 100,lateralizacion espera de politica monetaria,2023-09-26,sideways,0.236,0.1361,1.3752,neutral,neutral,neutral,14545.8301,14580.1602,14565.6201,14745.8604,ok
385,https://www.expansion.com/opinion/2023/08/26/64e92488e5fdea376b8b4598.html,^NDX,NASDAQ 100,lateralizacion espera de politica monetaria,2023-08-25,sideways,0.7404,,-1.1574,neutral,,neutral,14941.8301,15052.46,,14768.9004,ok
386,https://www.cnbc.com/2020/03/12/europe-markets-poised-to-open-lower-after-trump-restricts-european-travel-to-us.html,^STOXX50E,Euro Stoxx 50,caidas covid europa,2020-03-12,bearish,1.6026,-3.5812,13.6553,neutral,bearish,bullish,2545.23,2586.02,2454.0801,2892.79,ok
387,https://www.cnbc.com/2020/03/16/european-markets-spooked-as-regional-shutdown-widens.html,^STOXX50E,Euro Stoxx 50,caidas covid europa,2020-03-16,bearish,3.2701,1.4353,19.0734,bullish,neutral,bullish,2450.3701,2530.5,2485.54,2917.74,ok
388,https://www.cnbc.com/2020/03/18/european-markets-react-to-multi-billion-dollar-stimulus-pledges.html,^STOXX50E,Euro Stoxx 50,caidas covid europa,2020-03-18,bearish,2.8611,17.3659,21.0611,bullish,bullish,bullish,2385.8201,2454.0801,2800.1399,2888.3,ok
389,https://www.cnbc.com/2020/03/17/short-selling-bans-sweep-europe-in-hope-of-stemming-stock-market-bleeding.html,^STOXX50E,Euro Stoxx 50,caidas covid europa,2020-03-17,bearish,-5.7174,7.2954,11.1381,bearish,bullish,bullish,2530.5,2385.8201,2715.1101,2812.3501,ok
390,https://www.cnbc.com/2020/03/19/european-markets-shun-ecb-stimulus-package-and-head-for-lower-open.html,^STOXX50E,Euro Stoxx 50,caidas covid europa,2020-03-19,bearish,3.8475,16.0427,18.5577,bullish,bullish,bullish,2454.0801,2548.5,2847.78,2909.5,ok
391,https://www.cnbc.com/2020/03/13/european-stocks-set-for-mixed-open-after-historic-sell-off.html,^STOXX50E,Euro Stoxx 50,caidas covid europa,2020-03-13,bearish,-5.2455,-1.4509,12.8274,bearish,neutral,bullish,2586.02,2450.3701,2548.5,2917.74,ok
392,https://www.cnbc.com/2020/03/17/european-markets-focus-on-coronavirus.html,^STOXX50E,Euro Stoxx 50,caidas covid europa,2020-03-17,bearish,-5.7174,7.2954,11.1381,bearish,bullish,bullish,2530.5,2385.8201,2715.1101,2812.3501,ok
393,https://www.cnbc.com/2020/03/23/european-markets-shaky-as-coronavirus-outbreak-continues.html,^STOXX50E,Euro Stoxx 50,caidas covid europa,2020-03-23,bearish,9.2362,11.2684,14.0557,bullish,bullish,bullish,2485.54,2715.1101,2765.6201,2834.8999,ok
394,https://www.cnbc.com/2020/03/09/european-markets-plunge-as-coronavirus-spreads-further-and-oil-slumps.html,^STOXX50E,Euro Stoxx 50,caidas covid europa,2020-03-09,bearish,-1.6576,-17.1912,-5.5119,neutral,bearish,bearish,2959.0701,2910.02,2450.3701,2795.97,ok
395,https://www.cnbc.com/2020/03/20/european-stocks-react-to-monetary-and-fiscal-measures-agnaist-virus.html,^STOXX50E,Euro Stoxx 50,caidas covid europa,2020-03-20,bearish,-2.4705,7.0689,9.5287,bearish,bullish,bullish,2548.5,2485.54,2728.6499,2791.3401,ok
396,https://www.cnbc.com/2020/03/12/stock-market-today-live.html,^STOXX50E,Euro Stoxx 50,caidas covid europa,2020-03-12,bearish,1.6026,-3.5812,13.6553,neutral,bearish,bullish,2545.23,2586.02,2454.0801,2892.79,ok
397,https://www.cnbc.com/2020/03/10/european-markets-rebound-after-global-rout-amid-oil-virus-fears.html,^STOXX50E,Euro Stoxx 50,caidas covid europa,2020-03-10,bearish,-0.1533,-13.0418,-1.799,neutral,bearish,neutral,2910.02,2905.5601,2530.5,2857.6699,ok
398,https://finance.yahoo.com/news/stock-market-news-live-march-12-013620137.html,^STOXX50E,Euro Stoxx 50,caidas covid europa,2020-03-12,bearish,1.6026,-3.5812,13.6553,neutral,bearish,bullish,2545.23,2586.02,2454.0801,2892.79,ok
399,https://www.cnbc.com/2020/03/16/coronavirus-live-updates-us-retail-closures-could-explode-irans-deaths-surge.html,^STOXX50E,Euro Stoxx 50,caidas covid europa,2020-03-16,bearish,3.2701,1.4353,14.6031,bullish,neutral,bullish,2450.3701,2530.5,2485.54,2808.2,ok
400,https://www.cnbc.com/2020/03/11/european-markets-focus-on-the-coronavirus.html,^STOXX50E,Euro Stoxx 50,caidas covid europa,2020-03-11,bearish,-12.4014,-17.8878,-1.8685,bearish,bearish,neutral,2905.5601,2545.23,2385.8201,2851.27,ok
401,https://www.cnbc.com/2020/03/27/europe-markets-investors-monitor-coronavirus-and-stimulus-measures.html,^STOXX50E,Euro Stoxx 50,caidas covid europa,2020-03-27,bearish,1.3549,-2.4063,7.4546,neutral,bearish,bullish,2728.6499,2765.6201,2662.99,2932.0601,ok
402,https://www.cnbc.com/2020/03/24/euro-zone-business-activity-collapses-in-march-as-coronavirus-spreads.html,^STOXX50E,Euro Stoxx 50,caidas covid europa,2020-03-24,bearish,3.1317,2.6441,5.0587,bullish,bullish,bullish,2715.1101,2800.1399,2786.8999,2852.46,ok
403,https://www.cnbc.com/2020/03/24/european-markets-react-to-fed-stimulus.html,^STOXX50E,Euro Stoxx 50,caidas covid europa,2020-03-24,bearish,3.1317,2.6441,5.0587,bullish,bullish,bullish,2715.1101,2800.1399,2786.8999,2852.46,ok
404,https://www.cnbc.com/2020/02/28/europe-markets-coronavirus-hammers-global-stocks.html,^STOXX50E,Euro Stoxx 50,caidas covid europa,2020-02-28,bearish,0.2805,-2.926,-18.046,neutral,bearish,bearish,3329.49,3338.8301,3232.0701,2728.6499,ok
405,https://www.cnbc.com/2020/03/19/coronavirus-live-updates.html,^STOXX50E,Euro Stoxx 50,caidas covid europa,2020-03-19,bearish,3.8475,16.0427,18.5577,bullish,bullish,bullish,2454.0801,2548.5,2847.78,2909.5,ok
406,https://cincodias.elpais.com/cincodias/2020/03/15/mercados/1584311841_535047.html,^STOXX50E,Euro Stoxx 50,caidas covid europa,2020-03-16,bearish,3.2701,1.4353,14.6031,bullish,neutral,bullish,2450.3701,2530.5,2485.54,2808.2,ok
407,https://cincodias.elpais.com/cincodias/2020/03/12/mercados/1583994351_431644.html,^STOXX50E,Euro Stoxx 50,caidas covid europa,2020-03-13,bearish,-5.2455,-1.4509,12.8274,bearish,neutral,bullish,2586.02,2450.3701,2548.5,2917.74,ok
408,https://www.lavanguardia.com/economia/20200317/474219239102/coronavirus-bolsas-hunden-gran-recesion-ibex-wall-street.html,^STOXX50E,Euro Stoxx 50,caidas covid europa,2020-03-17,bearish,-5.7174,7.2954,11.1381,bearish,bullish,bullish,2530.5,2385.8201,2715.1101,2812.3501,ok
409,https://www.elmundo.es/economia/macroeconomia/2020/03/23/5e7871f921efa017298b4576.html,^STOXX50E,Euro Stoxx 50,caidas covid europa,2020-03-23,bearish,9.2362,11.2684,14.0557,bullish,bullish,bullish,2485.54,2715.1101,2765.6201,2834.8999,ok
410,https://www.elconfidencial.com/mercados/2020-03-16/bolsa-cotizaciones-mercados-lunes-negro-fed-coronavirus_2499875/,^STOXX50E,Euro Stoxx 50,caidas covid europa,2020-03-16,bearish,3.2701,1.4353,14.6031,bullish,neutral,bullish,2450.3701,2530.5,2485.54,2808.2,ok
411,https://www.cnbc.com/2011/09/05/european-stocks-fall-sharply-as-debt-fears-hit-banks.html,^STOXX50E,Euro Stoxx 50,caidas crisis deuda soberana europea,2011-09-05,bearish,-1.2893,-5.3273,1.4697,neutral,bearish,neutral,2107.27,2080.1001,1995.01,2138.24,ok
412,https://www.cnbc.com/2011/07/18/why-banks-are-tanking.html,^STOXX50E,Euro Stoxx 50,caidas crisis deuda soberana europea,2011-07-18,bearish,0.3668,4.589,-11.3592,neutral,bullish,bearish,2622.3601,2631.98,2742.7,2324.48,ok
413,https://www.cnbc.com/2011/08/10/global-banking-crisis-fears-lurch-to-the-foreground.html,^STOXX50E,Euro Stoxx 50,caidas crisis deuda soberana europea,2011-08-10,bearish,2.8638,8.2344,-0.1212,bullish,bullish,neutral,2153.77,2215.45,2331.1201,2151.1599,ok
414,https://www.cnbc.com/2011/08/10/stocks-drop-4-dow-skids-500-led-by-banks.html,^STOXX50E,Euro Stoxx 50,caidas crisis deuda soberana europea,2011-08-10,bearish,2.8638,8.2344,-0.1212,bullish,bullish,neutral,2153.77,2215.45,2331.1201,2151.1599,ok
415,https://www.cnbc.com/2011/08/16/latest-solution-for-euro-crisis-not-what-the-markets-wanted.html,^STOXX50E,Euro Stoxx 50,caidas crisis deuda soberana europea,2011-08-16,bearish,0.3206,,-12.3524,neutral,,bearish,2323.6699,2331.1201,,2036.64,ok
416,https://www.cnbc.com/2011/08/09/600point-dow-plunge-primes-europe-for-heavy-losses.html,^STOXX50E,Euro Stoxx 50,caidas crisis deuda soberana europea,2011-08-09,bearish,-6.1227,1.2828,-9.3338,bearish,neutral,bearish,2294.24,2153.77,2323.6699,2080.1001,ok
417,https://www.cnbc.com/2011/06/24/unicredit-intesa-shares-sharply-lower.html,^STOXX50E,Euro Stoxx 50,caidas crisis deuda soberana europea,2011-06-24,bearish,0.2964,5.8835,2.0885,neutral,bullish,bullish,2715.8799,2723.9299,2875.6699,2772.6001,ok
418,https://www.cnbc.com/2011/09/12/global-stock-selloff-to-continue-on-eu-debt-crisis-experts.html,^STOXX50E,Euro Stoxx 50,caidas crisis deuda soberana europea,2011-09-12,bearish,2.0867,5.0671,16.3302,bullish,bullish,bullish,1995.01,2036.64,2096.1001,2320.8,ok
419,https://www.cnbc.com/2011/06/15/stocks-fall-1-amid-greece-fears-pandora-up.html,^STOXX50E,Euro Stoxx 50,caidas crisis deuda soberana europea,2011-06-15,bearish,-0.0322,2.3273,-0.6022,neutral,bullish,neutral,2731.5,2730.6201,2795.0701,2715.05,ok
420,https://www.cnbc.com/2011/06/17/worries-grow-about-breadth-of-debt-crisis.html,^STOXX50E,Euro Stoxx 50,caidas crisis deuda soberana europea,2011-06-17,bearish,-0.7982,-1.958,-3.4201,neutral,neutral,bearish,2770.1201,2748.01,2715.8799,2675.3799,ok
421,https://www.cnbc.com/2011/08/05/euro-zone-crisis-resembles-us-turmoil-in-2008.html,^STOXX50E,Euro Stoxx 50,caidas crisis deuda soberana europea,2011-08-05,bearish,-3.7151,-2.8554,-6.5019,bearish,bearish,bearish,2375.1499,2286.9099,2307.3301,2220.72,ok
422,https://www.cnbc.com/2011/08/08/dow-skids-600-worst-day-since-credit-crisis.html,^STOXX50E,Euro Stoxx 50,caidas crisis deuda soberana europea,2011-08-08,bearish,0.3205,1.6428,-7.8551,neutral,neutral,bearish,2286.9099,2294.24,2324.48,2107.27,ok
423,https://www.cnbc.com/id/44352060,^STOXX50E,Euro Stoxx 50,caidas crisis deuda soberana europea,2011-09-01,bearish,-3.6877,-6.1737,-4.0468,bearish,bearish,bearish,2305.75,2220.72,2163.3999,2212.4399,ok
424,https://www.cnbc.com/2011/09/26/uncertainty-plagues-euro-zone-as-crisis-rages-on.html,^STOXX50E,Euro Stoxx 50,caidas crisis deuda soberana europea,2011-09-26,bearish,5.3126,2.6347,13.7144,bullish,bullish,bullish,2083.3501,2194.03,2138.24,2369.0701,ok
425,https://www.cnbc.com/2011/08/19/europes-debt-crisis-wont-end-until-greece-defaults.html,^STOXX50E,Euro Stoxx 50,caidas crisis deuda soberana europea,2011-08-19,bearish,,,0.0097,,,neutral,2159.0701,,,2159.28,ok
426,https://www.cnbc.com/2011/09/19/greek-default-could-tip-us-into-recession.html,^STOXX50E,Euro Stoxx 50,caidas crisis deuda soberana europea,2011-09-19,bearish,2.1139,-0.6083,10.4857,bullish,neutral,bullish,2096.1001,2140.4099,2083.3501,2315.8899,ok
427,https://www.cnbc.com/2011/06/16/is-greece-the-next-lehman-brothers.html,^STOXX50E,Euro Stoxx 50,caidas crisis deuda soberana europea,2011-06-16,bearish,1.4466,0.0088,-3.6124,neutral,neutral,bearish,2730.6201,2770.1201,2730.8601,2631.98,ok
428,https://www.cnbc.com/2011/05/23/what-is-behind-europes-stock-market-selloff.html,^STOXX50E,Euro Stoxx 50,caidas crisis deuda soberana europea,2011-05-23,bearish,0.2509,1.1953,-1.6552,neutral,neutral,neutral,2794.26,2801.27,2827.6599,2748.01,ok
429,https://www.cnbc.com/2011/05/25/why-a-greek-default-would-be-worse-than-lehman-brothers-collapse.html,^STOXX50E,Euro Stoxx 50,caidas crisis deuda soberana europea,2011-05-25,bearish,-0.6042,0.3841,-0.7729,neutral,neutral,neutral,2816.8401,2799.8201,2827.6599,2795.0701,ok
430,https://www.cnbc.com/2011/09/28/fear-and-loathing-in-the-euro-zone.html,^STOXX50E,Euro Stoxx 50,caidas crisis deuda soberana europea,2011-09-28,bearish,1.6447,0.1277,7.2782,neutral,neutral,bullish,2176.6399,2212.4399,2179.4199,2335.0601,ok
431,https://cincodias.elpais.com/cincodias/2011/08/10/mercados/1313191602_850215.html,^STOXX50E,Euro Stoxx 50,caidas crisis deuda soberana europea,2011-08-10,bearish,2.8638,8.2344,-0.1212,bullish,bullish,neutral,2153.77,2215.45,2331.1201,2151.1599,ok
432,https://cincodias.elpais.com/cincodias/2011/09/19/mercados/1316647600_850215.html,^STOXX50E,Euro Stoxx 50,caidas crisis deuda soberana europea,2011-09-19,bearish,2.1139,-0.6083,10.4857,bullish,neutral,bullish,2096.1001,2140.4099,2083.3501,2315.8899,ok
433,https://www.expansion.com/2011/06/15/mercados/1308165424.html,^STOXX50E,Euro Stoxx 50,caidas crisis deuda soberana europea,2011-06-15,bearish,-0.0322,2.3273,-0.6022,neutral,bullish,neutral,2731.5,2730.6201,2795.0701,2715.05,ok
434,https://cincodias.elpais.com/cincodias/2011/08/19/mercados/1313848034_850215.html,^STOXX50E,Euro Stoxx 50,caidas crisis deuda soberana europea,2011-08-19,bearish,,,0.0097,,,neutral,2159.0701,,,2159.28,ok
435,https://www.elmundo.es/elmundo/2011/05/09/economia/1304955811.html,^STOXX50E,Euro Stoxx 50,caidas crisis deuda soberana europea,2011-05-09,bearish,1.2617,-0.7266,-4.7226,neutral,neutral,bearish,2902.3999,2939.02,2881.3101,2765.3301,ok
436,https://finance.yahoo.com/news/1-european-shares-steady-end-081828302.html,^STOXX50E,Euro Stoxx 50,caidas guerra ucrania energia,2022-06-17,bearish,0.9123,2.7544,1.1267,neutral,bullish,neutral,3438.46,3469.8301,3533.1699,3477.2,ok
437,https://www.cnbc.com/2022/02/24/european-markets-set-to-plunge-after-russia-launches-attack-on-ukraine.html,^STOXX50E,Euro Stoxx 50,caidas guerra ucrania energia,2022-02-24,bearish,3.6926,-2.2853,0.8905,bullish,bearish,neutral,3829.29,3970.6899,3741.78,3863.3899,ok
438,https://www.cnbc.com/2022/03/04/europe-markets-russia-attacks-ukraine-power-plant.html,^STOXX50E,Euro Stoxx 50,caidas guerra ucrania energia,2022-03-04,bearish,-1.2314,3.6774,10.1988,neutral,bullish,bullish,3556.01,3512.22,3686.78,3918.6799,ok
439,https://www.cnbc.com/2022/05/09/europe-stocks-head-for-lower-open-as-inflation-rattles-global-markets.html,^STOXX50E,Euro Stoxx 50,caidas guerra ucrania energia,2022-05-09,bearish,0.7922,4.4935,,neutral,bullish,,3526.8601,3554.8,3685.3401,,ok
440,https://www.cnbc.com/2022/03/31/european-markets-tumultuous-month-for-markets-with-russia-ukraine-war.html,^STOXX50E,Euro Stoxx 50,caidas guerra ucrania energia,2022-03-31,bearish,0.4141,-1.9944,,neutral,neutral,,3902.52,3918.6799,3824.6899,,ok
441,https://www.cnbc.com/2022/03/03/european-markets-head-for-mixed-open-amid-ukraine-russia-tensions.html,^STOXX50E,Euro Stoxx 50,caidas guerra ucrania energia,2022-03-03,bearish,-4.9647,-2.4157,4.2958,bearish,bearish,bullish,3741.78,3556.01,3651.3899,3902.52,ok
442,https://www.cnbc.com/2022/02/17/europe-markets-investors-track-earnings-geopolitical-tensions.html,^STOXX50E,Euro Stoxx 50,caidas guerra ucrania energia,2022-02-17,bearish,-0.946,-6.9022,-5.54,neutral,bearish,bearish,4113.1899,4074.28,3829.29,3885.3201,ok
443,https://www.cnbc.com/2022/02/22/european-markets-watch-as-russia-ukraine-tensions-escalate.html,^STOXX50E,Euro Stoxx 50,caidas guerra ucrania energia,2022-02-22,bearish,-0.3026,-5.5105,-1.4892,neutral,bearish,neutral,3985.47,3973.4099,3765.8501,3926.1201,ok
444,https://www.cnbc.com/2022/02/23/european-markets-investors-watch-ukraine-russia-crisis-unfold.html,^STOXX50E,Euro Stoxx 50,caidas guerra ucrania energia,2022-02-23,bearish,-3.6271,-3.8461,-2.6222,bearish,bearish,bearish,3973.4099,3829.29,3820.5901,3869.22,ok
445,https://www.cnbc.com/2022/10/02/stock-market-futures-open-to-close-news.html,^STOXX50E,Euro Stoxx 50,caidas guerra ucrania energia,2022-10-02,bearish,4.258,0.4401,8.2393,bullish,neutral,bullish,3342.1699,3484.48,3356.8799,3617.54,ok
446,https://www.cnbc.com/2022/06/13/sp-500-is-in-official-bear-market-according-to-sp-dow-jones-indices.html,^STOXX50E,Euro Stoxx 50,caidas guerra ucrania energia,2022-06-13,bearish,-0.78,-0.9328,-0.8797,neutral,neutral,neutral,3502.5,3475.1799,3469.8301,3471.6899,ok
447,https://www.marketwatch.com/story/the-top-25-market-events-of-the-last-25-years-11665839614,^STOXX50E,Euro Stoxx 50,caidas guerra ucrania energia,2022-10-15,bearish,0.6448,2.5032,12.9552,neutral,bullish,bullish,3441.6399,3463.8301,3527.79,3887.51,ok
448,https://www.ft.com/content/5546e1d9-f222-4136-bd8a-2b6932f0028d,^STOXX50E,Euro Stoxx 50,caidas guerra ucrania energia,2022-02-20,bearish,-0.006,-1.5425,-2.6071,neutral,neutral,bearish,3985.71,3985.47,3924.23,3881.8,ok
449,https://www.eleconomista.es/mercados-cotizaciones/noticias/11634388/02/22/Ventas-masivas-en-las-bolsas-europeas-tras-el-ataque-de-Rusia-a-Ucrania-el-Ibex-35-se-desploma-un-4.html,^STOXX50E,Euro Stoxx 50,caidas guerra ucrania energia,2022-02-24,bearish,3.6926,-2.2853,0.8905,bullish,bearish,neutral,3829.29,3970.6899,3741.78,3863.3899,ok
450,https://cincodias.elpais.com/cincodias/2022/02/24/mercados/1645696280_089590.html,^STOXX50E,Euro Stoxx 50,caidas guerra ucrania energia,2022-02-25,bearish,-1.1701,-10.4435,-2.593,neutral,bearish,bearish,3970.6899,3924.23,3556.01,3867.73,ok
451,https://www.elmundo.es/economia/macroeconomia/2022/01/24/61ee8771e4d4d8a3608b45b4.html,^STOXX50E,Euro Stoxx 50,caidas guerra ucrania energia,2022-01-24,bearish,0.5895,2.9657,-1.6932,neutral,bullish,neutral,4054.3601,4078.26,4174.6001,3985.71,ok
452,https://cincodias.elpais.com/cincodias/2022/05/06/mercados/1651817227_623811.html,^STOXX50E,Euro Stoxx 50,caidas guerra ucrania energia,2022-05-08,bearish,0.7922,4.4935,,neutral,bullish,,3526.8601,3554.8,3685.3401,,ok
453,https://www.elconfidencial.com/mercados/el-valor-anadido/2022-05-31/europa-veto-petroleo-ruso-rompecabezas-economia_3434110/,^STOXX50E,Euro Stoxx 50,caidas guerra ucrania energia,2022-05-31,bearish,-0.783,0.4626,-6.3317,neutral,neutral,bearish,3789.21,3759.54,3806.74,3549.29,ok
454,https://www.cnbc.com/2009/06/08/european-banks-upgraded-to-overweight-kbw.html,^STOXX50E,Euro Stoxx 50,subidas recuperacion financiera,2009-06-08,bullish,0.446,-1.4978,-5.0434,neutral,neutral,bearish,2468.3701,2479.3799,2431.3999,2343.8799,ok
455,https://www.marketwatch.com/story/shares-in-europe-up-for-fourth-session-in-five,^STOXX50E,Euro Stoxx 50,subidas recuperacion financiera,2009-05-29,bullish,3.3832,2.1185,-2.502,bullish,bullish,bearish,2451.24,2534.1699,2503.1699,2389.9099,ok
456,https://www.cnbc.com/2009/03/23/asian-stocks-at-twomonth-high-us-debt-plan.html,^STOXX50E,Euro Stoxx 50,subidas recuperacion financiera,2009-03-23,bullish,0.2663,-5.2368,7.7282,neutral,bearish,bullish,2121.72,2127.3701,2010.61,2285.6899,ok
457,https://www.cnbc.com/2009/03/10/stocks-hold-surge-as-citi-up-nearly-40.html,^STOXX50E,Euro Stoxx 50,subidas recuperacion financiera,2009-03-10,bullish,0.6908,4.8303,12.8172,neutral,bullish,bullish,1919.53,1932.79,2012.25,2165.5601,ok
458,https://www.economist.com/finance-and-economics/2009/03/26/liquidity-carrier,^STOXX50E,Euro Stoxx 50,subidas recuperacion financiera,2009-03-26,bullish,-1.7715,2.7594,7.4359,neutral,bullish,bullish,2156.97,2118.76,2216.49,2317.3601,ok
459,https://www.cnbc.com/2009/03/23/for-stocks-treasury-plan-may-be-a-gamechanger.html,^STOXX50E,Euro Stoxx 50,subidas recuperacion financiera,2009-03-23,bullish,0.2663,-5.2368,7.7282,neutral,bearish,bullish,2121.72,2127.3701,2010.61,2285.6899,ok
460,https://www.ft.com/content/6b226b66-07f0-11de-8a33-0000779fd2ac,^STOXX50E,Euro Stoxx 50,subidas recuperacion financiera,2009-03-03,bullish,0.0,3.6323,11.817,neutral,bullish,bullish,1852.25,1852.25,1919.53,2071.1299,ok
461,https://www.cnbc.com/2009/03/18/stocks-rally-on-fed-plan-to-buy-us-debt.html,^STOXX50E,Euro Stoxx 50,subidas recuperacion financiera,2009-03-18,bullish,1.0098,6.4377,15.945,neutral,bullish,bullish,2019.1899,2039.58,2149.1799,2341.1499,ok
462,https://www.cnbc.com/2009/09/23/dow-breaks-9900-after-fed-statement.html,^STOXX50E,Euro Stoxx 50,subidas recuperacion financiera,2009-09-23,bullish,-1.6978,-0.506,1.7176,neutral,neutral,neutral,2887.24,2838.22,2872.6299,2936.8301,ok
463,https://www.cnbc.com/2009/03/23/dow-rallies-nearly-7-on-treasury-plan.html,^STOXX50E,Euro Stoxx 50,subidas recuperacion financiera,2009-03-23,bullish,0.2663,-5.2368,7.7282,neutral,bearish,bullish,2121.72,2127.3701,2010.61,2285.6899,ok
464,https://www.economist.com/leaders/2009/08/13/an-astonishing-rebound,^STOXX50E,Euro Stoxx 50,subidas recuperacion financiera,2009-08-13,bullish,-1.3427,-1.5548,4.1305,neutral,neutral,bullish,2705.74,2669.4099,2663.6699,2817.5,ok
465,https://www.cnbc.com/2009/03/17/stocks-barrel-higher-as-techs-rally.html,^STOXX50E,Euro Stoxx 50,subidas recuperacion financiera,2009-03-17,bullish,0.3449,5.721,14.3253,neutral,bullish,bullish,2012.25,2019.1899,2127.3701,2300.51,ok
466,https://www.cnbc.com/2009/04/13/stocks-rebound-goldmans-earnings-surprise.html,^STOXX50E,Euro Stoxx 50,subidas recuperacion financiera,2009-04-13,bullish,-0.6886,-1.5369,3.4516,neutral,neutral,bullish,2278.6499,2262.96,2243.6299,2357.3,ok
467,https://www.cnbc.com/2010/02/17/markets-likely-rebounding-to-recovery-highs-sps-stovall.html,^STOXX50E,Euro Stoxx 50,subidas recuperacion financiera,2010-02-17,bullish,0.581,-0.9883,6.1204,neutral,neutral,bullish,2762.25,2778.3,2734.95,2931.3101,ok
468,https://www.cnbc.com/2010/04/28/stocks-rise-as-banks-bounce-back-apple-falls.html,^STOXX50E,Euro Stoxx 50,subidas recuperacion financiera,2010-04-28,bullish,1.4194,-3.9175,-9.2593,neutral,bearish,bearish,2788.54,2828.1201,2679.3,2530.3401,ok
469,https://www.cnbc.com/2010/04/29/dow-up-over-100-as-debt-fears-ease.html,^STOXX50E,Euro Stoxx 50,subidas recuperacion financiera,2010-04-29,bullish,-0.3981,-7.6627,-7.3816,neutral,bearish,bearish,2828.1201,2816.8601,2611.4099,2619.3601,ok
470,https://www.expansion.com/2009/03/23/edicion_impresa/1237840422.html,^STOXX50E,Euro Stoxx 50,subidas recuperacion financiera,2009-03-23,bullish,0.2663,-5.2368,7.7282,neutral,bearish,bullish,2121.72,2127.3701,2010.61,2285.6899,ok
471,https://cincodias.elpais.com/cincodias/2009/05/09/mercados/1241830899_850215.html,^STOXX50E,Euro Stoxx 50,subidas recuperacion financiera,2009-05-08,bullish,-1.1696,-3.9916,1.6561,neutral,bearish,neutral,2462.3899,2433.5901,2364.1001,2503.1699,ok
472,https://cincodias.elpais.com/cincodias/2009/03/24/mercados/1237992432_850215.html,^STOXX50E,Euro Stoxx 50,subidas recuperacion financiera,2009-03-23,bullish,0.2663,-5.2368,7.7282,neutral,bearish,bullish,2121.72,2127.3701,2010.61,2285.6899,ok
473,https://cincodias.elpais.com/cincodias/2009/06/05/economia/1244337811_850215.html,^STOXX50E,Euro Stoxx 50,subidas recuperacion financiera,2009-06-05,bullish,-1.3902,0.2417,-5.0612,neutral,neutral,bearish,2503.1699,2468.3701,2509.22,2376.48,ok
474,https://www.elconfidencial.com/economia/2009-06-24/macroinyeccion-de-liquidez-el-bce-presta-442-000-millones-de-euros-a-1-121-bancos_470246/,^STOXX50E,Euro Stoxx 50,subidas recuperacion financiera,2009-06-24,bullish,-0.6674,1.293,4.5645,neutral,neutral,bullish,2418.46,2402.3201,2449.73,2528.8501,ok
475,https://www.cnbc.com/2020/11/09/european-stock-future-markets-react-to-biden-win.html,^STOXX50E,Euro Stoxx 50,subidas vacunas reapertura,2020-11-09,bullish,1.0185,1.7107,3.5849,neutral,neutral,bullish,3407.9099,3442.6201,3466.21,3530.0801,ok
476,https://www.cnbc.com/2020/11/30/european-stock-futures-stocks-pause-after-mega-month.html,^STOXX50E,Euro Stoxx 50,subidas vacunas reapertura,2020-11-30,bullish,0.9363,1.0749,2.2634,neutral,neutral,bullish,3492.54,3525.24,3530.0801,3571.5901,ok
477,https://www.cnbc.com/2020/11/18/european-stock-futures-vaccine-rally-stalls-and-data-in-focus.html,^STOXX50E,Euro Stoxx 50,subidas vacunas reapertura,2020-11-18,bullish,-0.8673,0.8538,1.7469,neutral,neutral,neutral,3482.1699,3451.97,3511.8999,3543.0,ok
478,https://www.cnbc.com/2020/11/09/vaccine-news-unleashes-new-momentum-in-stock-market-as-hunkered-down-investors-flee-cash.html,^STOXX50E,Euro Stoxx 50,subidas vacunas reapertura,2020-11-09,bullish,1.0185,1.7107,3.5849,neutral,neutral,bullish,3407.9099,3442.6201,3466.21,3530.0801,ok
479,https://www.cnbc.com/2021/02/15/european-stock-futures-vaccine-rollouts-and-recovery-hopes-in-focus.html,^STOXX50E,Euro Stoxx 50,subidas vacunas reapertura,2021-02-15,bullish,-0.2089,-0.9199,2.5612,neutral,neutral,bullish,3734.2,3726.3999,3699.8501,3829.8401,ok
480,https://www.cnbc.com/2021/02/03/european-stocks-boosted-by-optimism-over-vaccines-us-stimulus.html,^STOXX50E,Euro Stoxx 50,subidas vacunas reapertura,2021-02-03,bullish,0.8967,1.0699,2.8542,neutral,neutral,bullish,3609.75,3642.1201,3648.3701,3712.78,ok
481,https://www.cnbc.com/2021/02/05/european-stock-futures-vaccine-rollouts-underpin-recovery-hopes.html,^STOXX50E,Euro Stoxx 50,subidas vacunas reapertura,2021-02-05,bullish,0.2664,1.0898,0.3767,neutral,neutral,neutral,3655.77,3665.51,3695.6101,3669.54,ok
482,https://www.cnbc.com/2021/01/08/european-markets-set-for-higher-op.html,^STOXX50E,Euro Stoxx 50,subidas vacunas reapertura,2021-01-08,bullish,-0.6702,-1.2483,0.2941,neutral,neutral,neutral,3645.05,3620.6201,3599.55,3655.77,ok
483,https://www.cnbc.com/2021/03/01/european-markets-global-markets-surge-as-treasury-yields-fall.html,^STOXX50E,Euro Stoxx 50,subidas vacunas reapertura,2021-03-01,bullish,0.0297,1.5275,4.755,neutral,neutral,bullish,3706.6201,3707.72,3763.24,3882.8701,ok
484,https://www.cnbc.com/2020/11/08/election-stock-market-futures-open-to-close-news.html,^STOXX50E,Euro Stoxx 50,subidas vacunas reapertura,2020-11-08,bullish,1.0185,1.7107,3.5849,neutral,neutral,bullish,3407.9099,3442.6201,3466.21,3530.0801,ok
485,https://www.cnbc.com/2021/01/13/european-stock-futures-coronavirus-recovery-hopes-boosted.html,^STOXX50E,Euro Stoxx 50,subidas vacunas reapertura,2021-01-13,bullish,0.6874,0.2082,0.881,neutral,neutral,neutral,3616.51,3641.3701,3624.04,3648.3701,ok
486,https://www.cnbc.com/2020/12/29/european-stock-futures-brexit-deal-us-coronavirus-relief-package.html,^STOXX50E,Euro Stoxx 50,subidas vacunas reapertura,2020-12-29,bullish,-0.2731,0.8296,-1.2562,neutral,neutral,neutral,3581.3701,3571.5901,3611.0801,3536.3799,ok
487,https://www.cnbc.com/2021/02/09/european-markets-earnings-data-global-rally-stimulus-coronavirus.html,^STOXX50E,Euro Stoxx 50,subidas vacunas reapertura,2021-02-09,bullish,-0.3485,1.7828,3.4121,neutral,neutral,bullish,3661.1299,3648.3701,3726.3999,3786.05,ok
488,https://www.cnbc.com/2021/04/08/european-markets-head-for-higher-open-tracking-global-gains.html,^STOXX50E,Euro Stoxx 50,subidas vacunas reapertura,2021-04-08,bullish,0.0254,0.3922,0.5433,neutral,neutral,neutral,3977.8301,3978.8401,3993.4299,3999.4399,ok
489,https://www.cnbc.com/2021/03/18/european-markets-react-to-fed-reassurance-data-earnings-ema.html,^STOXX50E,Euro Stoxx 50,subidas vacunas reapertura,2021-03-18,bullish,-0.7891,-0.9042,3.9397,neutral,neutral,bullish,3867.54,3837.02,3832.5701,4019.9099,ok
490,https://www.cnbc.com/2021/06/01/europe-markets-fourth-month-of-gains-economic-data-on-the-radar.html,^STOXX50E,Euro Stoxx 50,subidas vacunas reapertura,2021-06-01,bullish,0.4114,0.5958,0.8782,neutral,neutral,neutral,4071.75,4088.5,4096.0098,4107.5098,ok
491,https://www.cnbc.com/2021/05/28/europe-markets-us-data-recovery-hopes-stimulus-euro-zone-surveys.html,^STOXX50E,Euro Stoxx 50,subidas vacunas reapertura,2021-05-28,bullish,-0.764,0.4623,1.2308,neutral,neutral,neutral,4070.5601,4039.46,4089.3799,4120.6602,ok
492,https://www.cnbc.com/2021/01/05/why-uk-assets-remain-resilient-as-england-enters-third-national-lockdown.html,^STOXX50E,Euro Stoxx 50,subidas vacunas reapertura,2021-01-05,bullish,1.7822,1.8118,1.201,neutral,neutral,neutral,3547.8501,3611.0801,3612.1299,3590.46,ok
493,https://finance.yahoo.com/news/goldman-sachs-hexcel-corp-pfizer-160404897.html,^STOXX50E,Euro Stoxx 50,subidas vacunas reapertura,2020-12-03,bullish,0.6303,0.1481,0.8743,neutral,neutral,neutral,3517.1001,3539.27,3522.3101,3547.8501,ok
494,https://www.cnbc.com/2020/12/07/coronavirus-live-updates.html,^STOXX50E,Euro Stoxx 50,subidas vacunas reapertura,2020-12-07,bullish,-0.1193,-0.7399,2.6158,neutral,neutral,bullish,3530.0801,3525.8701,3503.96,3622.4199,ok
495,https://www.expansion.com/mercados/cronica-bolsa/2020/11/09/5fa8e507468aeb7a578b46ba.html,^STOXX50E,Euro Stoxx 50,subidas vacunas reapertura,2020-11-09,bullish,1.0185,1.7107,3.5849,neutral,neutral,bullish,3407.9099,3442.6201,3466.21,3530.0801,ok
496,https://www.elmundo.es/economia/macroeconomia/2020/11/10/5faa536cfc6c8328108b4616.html,^STOXX50E,Euro Stoxx 50,subidas vacunas reapertura,2020-11-10,bullish,0.7169,0.7512,2.4182,neutral,neutral,bullish,3442.6201,3467.3,3468.48,3525.8701,ok
497,https://www.elconfidencial.com/mercados/el-valor-anadido/2020-11-10/euforia-bolsas-vacuna-gran-noticia-no-cambio-de-juego_2825080/,^STOXX50E,Euro Stoxx 50,subidas vacunas reapertura,2020-11-10,bullish,0.7169,0.7512,2.4182,neutral,neutral,bullish,3442.6201,3467.3,3468.48,3525.8701,ok
498,https://www.elconfidencial.com/mercados/2020-11-09/cronica-de-mercados-bolsas-deuda-economia_2824688/,^STOXX50E,Euro Stoxx 50,subidas vacunas reapertura,2020-11-09,bullish,1.0185,1.7107,3.5849,neutral,neutral,bullish,3407.9099,3442.6201,3466.21,3530.0801,ok
499,https://cincodias.elpais.com/cincodias/2021/04/08/mercados/1617862076_918409.html,^STOXX50E,Euro Stoxx 50,subidas vacunas reapertura,2021-04-09,bullish,-0.4258,1.3609,1.3926,neutral,neutral,neutral,3978.8401,3961.8999,4032.99,4034.25,ok
500,https://www.cnbc.com/2023/01/04/european-markets-head-for-positive-open-as-investors-await-fed-minutes.html,^STOXX50E,Euro Stoxx 50,subidas moderacion inflacion,2023-01-04,bullish,-0.3646,3.1653,4.9691,neutral,bullish,bullish,3973.97,3959.48,4099.7598,4171.4399,ok
501,https://www.ft.com/content/4bb9dff5-ee3a-430b-a3d3-2ca3d2018de4,^STOXX50E,Euro Stoxx 50,subidas moderacion inflacion,2023-02-13,bullish,-0.0613,0.7031,-3.4145,neutral,neutral,bearish,4241.3599,4238.7598,4271.1802,4096.54,ok
502,https://www.cnbc.com/2023/01/13/european-markets-open-to-close-positive-week-on-us-inflation-hopes.html,^STOXX50E,Euro Stoxx 50,subidas moderacion inflacion,2023-01-13,bullish,0.1494,-0.7444,1.1357,neutral,neutral,neutral,4150.7998,4157.0,4119.8999,4197.9399,ok
503,https://www.cnbc.com/2023/03/03/europe-markets-set-to-open-higher-as-investors-digest-inflation-data.html,^STOXX50E,Euro Stoxx 50,subidas moderacion inflacion,2023-03-03,bullish,0.4419,-1.5197,0.4715,neutral,neutral,neutral,4294.7998,4313.7798,4229.5298,4315.0498,ok
504,https://www.cnbc.com/2023/02/15/european-markets-expected-to-open-lower-after-key-us-inflation-data-.html,^STOXX50E,Euro Stoxx 50,subidas moderacion inflacion,2023-02-15,bullish,0.4019,-0.8682,-5.7271,neutral,neutral,bearish,4280.04,4297.2402,4242.8799,4034.9199,ok
505,https://www.cnbc.com/2023/03/02/european-markets-live-updates-euro-zone-inflation-data-for-february.html,^STOXX50E,Euro Stoxx 50,subidas moderacion inflacion,2023-03-02,bullish,1.2784,1.0737,1.0572,neutral,neutral,neutral,4240.5898,4294.7998,4286.1201,4285.4199,ok
506,https://www.cnbc.com/2023/01/11/european-markets-live-updates-stocks-data-earnings-and-news.html,^STOXX50E,Euro Stoxx 50,subidas moderacion inflacion,2023-01-11,bullish,0.6566,1.8191,2.6682,neutral,neutral,bullish,4099.7598,4126.6802,4174.3398,4209.1499,ok
507,https://www.cnbc.com/2023/01/02/stock-market-futures-open-to-close-news.html,^STOXX50E,Euro Stoxx 50,subidas moderacion inflacion,2023-01-02,bullish,0.0,4.7995,7.118,neutral,bullish,bullish,3882.29,3882.29,4068.6201,4158.6299,ok
508,https://www.cnbc.com/2023/03/30/european-markets-live-updates-stocks-data-news-and-earnings.html,^STOXX50E,Euro Stoxx 50,subidas moderacion inflacion,2023-03-30,bullish,0.6914,0.5607,0.2201,neutral,neutral,neutral,4285.4199,4315.0498,4309.4502,4294.8501,ok
509,https://www.cnbc.com/2022/10/04/european-markets-head-for-higher-open-as-global-markets-rally.html,^STOXX50E,Euro Stoxx 50,subidas moderacion inflacion,2022-10-04,bullish,-1.055,-4.1363,4.7795,neutral,bearish,bullish,3484.48,3447.72,3340.3501,3651.02,ok
510,https://www.cnbc.com/2023/03/08/european-markets-set-to-open-lower-after-powells-comments.html,^STOXX50E,Euro Stoxx 50,subidas moderacion inflacion,2023-03-08,bullish,-0.0543,-5.9119,0.2311,neutral,bearish,neutral,4288.4502,4286.1201,4034.9199,4298.3599,ok
511,https://www.cnbc.com/2023/03/09/european-markets-live-updates-stocks-data-news-and-earnings.html,^STOXX50E,Euro Stoxx 50,subidas moderacion inflacion,2023-03-09,bullish,-1.3203,-3.9462,0.5443,neutral,bearish,neutral,4286.1201,4229.5298,4116.98,4309.4502,ok
512,https://www.investing.com/analysis/stock-market-outlook-2023-will-the-bears-strike-back-200633695,^STOXX50E,Euro Stoxx 50,subidas moderacion inflacion,2022-12-21,bullish,-1.2618,-2.0281,6.3983,neutral,bearish,bullish,3872.1499,3823.29,3793.6201,4119.8999,ok
513,https://www.cnbc.com/2022/10/09/stock-futures-are-down-as-market-exits-rollercoaster-week.html,^STOXX50E,Euro Stoxx 50,subidas moderacion inflacion,2022-10-09,bullish,-0.4924,2.525,10.4835,neutral,bullish,bullish,3356.8799,3340.3501,3441.6399,3708.8,ok
514,https://www.cnbc.com/2023/03/14/stock-market-today-live-updates.html,^STOXX50E,Euro Stoxx 50,subidas moderacion inflacion,2023-03-14,bullish,-3.4586,0.051,4.397,bearish,neutral,bullish,4179.4702,4034.9199,4181.6001,4363.2402,ok
515,https://finance.yahoo.com/news/happened-2022-review-051349158.html,^STOXX50E,Euro Stoxx 50,subidas moderacion inflacion,2022-12-22,bullish,-0.1643,1.5432,8.5667,neutral,neutral,bullish,3823.29,3817.01,3882.29,4150.8198,ok
516,https://www.investing.com/analysis/how-does-the-consumer-price-index-affect-the-stock-market-200635331,^STOXX50E,Euro Stoxx 50,subidas moderacion inflacion,2023-02-15,bullish,0.4019,-0.8682,-5.7271,neutral,neutral,bearish,4280.04,4297.2402,4242.8799,4034.9199,ok
517,https://www.elconfidencial.com/mercados/2022-11-18/bolsa-europea-siete-semanas-subidas_3525647/,^STOXX50E,Euro Stoxx 50,subidas moderacion inflacion,2022-11-18,bullish,,,-3.0783,,,bearish,3924.8401,,,3804.02,ok
518,https://www.expansion.com/mercados/2023/02/09/63e4d433e5fdeae6078b4589.html,^STOXX50E,Euro Stoxx 50,subidas moderacion inflacion,2023-02-09,bullish,-1.2282,1.1082,0.8466,neutral,neutral,neutral,4250.1401,4197.9399,4297.2402,4286.1201,ok
519,https://cincodias.elpais.com/cincodias/2023/01/03/mercados/1672773548_220469.html,^STOXX50E,Euro Stoxx 50,subidas moderacion inflacion,2023-01-04,bullish,-0.3646,3.1653,4.9691,neutral,bullish,bullish,3973.97,3959.48,4099.7598,4171.4399,ok
520,https://www.elconfidencial.com/mercados/the-wall-street-journal/2022-12-09/inversores-prefieren-bolsa-europea-razones_3536397/,^STOXX50E,Euro Stoxx 50,subidas moderacion inflacion,2022-12-09,bullish,-0.5276,-3.5154,2.9128,neutral,bearish,bullish,3942.6201,3921.8201,3804.02,4057.46,ok
521,https://www.expansion.com/mercados/2023/03/10/640a4c72e5fdeac3508b4596.html,^STOXX50E,Euro Stoxx 50,subidas moderacion inflacion,2023-03-09,bullish,-1.3203,-3.9462,0.5443,neutral,bearish,neutral,4286.1201,4229.5298,4116.98,4309.4502,ok
522,https://www.cnbc.com/2014/06/04/europe-shares-seen-lower-ecb-in-focus-data-eyed.html,^STOXX50E,Euro Stoxx 50,lateralizacion espera qe bce,2014-06-04,sideways,0.8993,1.58,0.4423,neutral,neutral,neutral,3237.9299,3267.05,3289.0901,3252.25,ok
523,https://www.cnbc.com/2014/06/05/ecb-cuts-main-interest-rate-to-015-from-025-cuts-deposit-rate-to-010.html,^STOXX50E,Euro Stoxx 50,lateralizacion espera qe bce,2014-06-05,sideways,0.8335,0.5274,0.6948,neutral,neutral,neutral,3267.05,3294.28,3284.28,3289.75,ok
524,https://www.cnbc.com/2014/06/03/all-eyes-on-ecb-what-will-draghi-do.html,^STOXX50E,Euro Stoxx 50,lateralizacion espera qe bce,2014-06-03,sideways,-0.096,2.245,0.5452,neutral,bullish,neutral,3241.04,3237.9299,3313.8,3258.71,ok
525,https://www.cnbc.com/2014/06/03/euro-zone-inflation-fall-piles-more-pressure-on-ecb.html,^STOXX50E,Euro Stoxx 50,lateralizacion espera qe bce,2014-06-03,sideways,-0.096,2.245,0.5452,neutral,bullish,neutral,3241.04,3237.9299,3313.8,3258.71,ok
526,https://www.cnbc.com/2014/06/05/live-blog-ecbs-draghi-poised-to-unveil-stimulus.html,^STOXX50E,Euro Stoxx 50,lateralizacion espera qe bce,2014-06-05,sideways,0.8335,0.5274,0.6948,neutral,neutral,neutral,3267.05,3294.28,3284.28,3289.75,ok
527,https://www.cnbc.com/2014/06/06/mr-muscle-bazooka-draghi-fails-to-answer-critics.html,^STOXX50E,Euro Stoxx 50,lateralizacion espera qe bce,2014-06-06,sideways,0.5925,-0.3473,-0.7228,neutral,neutral,neutral,3294.28,3313.8,3282.8401,3270.47,ok
528,https://www.cnbc.com/2014/06/03/stakes-high-for-draghi-ecb-ahead-of-meeting-cnbc-survey.html,^STOXX50E,Euro Stoxx 50,lateralizacion espera qe bce,2014-06-04,sideways,0.8993,1.58,0.4423,neutral,neutral,neutral,3237.9299,3267.05,3289.0901,3252.25,ok
529,https://www.cnbc.com/2014/06/06/ecb-qe-and-rate-tweaks-on-the-table-constancio.html,^STOXX50E,Euro Stoxx 50,lateralizacion espera qe bce,2014-06-06,sideways,0.5925,-0.3473,-0.7228,neutral,neutral,neutral,3294.28,3313.8,3282.8401,3270.47,ok
530,https://www.cnbc.com/2014/06/02/that-big-euro-bet-everyones-making-might-be-wrong.html,^STOXX50E,Euro Stoxx 50,lateralizacion espera qe bce,2014-06-03,sideways,-0.096,2.245,0.5452,neutral,bullish,neutral,3241.04,3237.9299,3313.8,3258.71,ok
531,https://www.cnbc.com/2014/05/14/ecb-readies-package-of-rate-cuts-and-targeted-measures.html,^STOXX50E,Euro Stoxx 50,lateralizacion espera qe bce,2014-05-14,sideways,-1.4702,-0.727,2.4505,neutral,neutral,bullish,3210.4199,3163.22,3187.0801,3289.0901,ok
532,https://www.cnbc.com/2014/05/28/the-chart-thats-pushing-draghi-to-act.html,^STOXX50E,Euro Stoxx 50,lateralizacion espera qe bce,2014-05-28,sideways,-0.0505,-0.256,0.187,neutral,neutral,neutral,3246.24,3244.6001,3237.9299,3252.3101,ok
533,https://www.cnbc.com/2014/06/02/dollar-perkier-as-data-boosts-sentiment-euro-wary-of-ecb.html,^STOXX50E,Euro Stoxx 50,lateralizacion espera qe bce,2014-06-03,sideways,-0.096,2.245,0.5452,neutral,bullish,neutral,3241.04,3237.9299,3313.8,3258.71,ok
534,https://www.cnbc.com/2014/05/15/europe-seen-lower-as-investors-shun-risk-ecb-eyed.html,^STOXX50E,Euro Stoxx 50,lateralizacion espera qe bce,2014-05-15,sideways,0.3003,0.7717,3.8271,neutral,neutral,bullish,3163.22,3172.72,3187.6299,3284.28,ok
535,https://www.economist.com/free-exchange/2014/06/05/the-waiting-is-over,^STOXX50E,Euro Stoxx 50,lateralizacion espera qe bce,2014-06-05,sideways,0.8335,0.5274,0.6948,neutral,neutral,neutral,3267.05,3294.28,3284.28,3289.75,ok
536,https://www.cnbc.com/2014/05/27/europe-set-for-mixed-open-uks-ftse-plays-catch-up.html,^STOXX50E,Euro Stoxx 50,lateralizacion espera qe bce,2014-05-27,sideways,0.0604,-0.0999,1.2493,neutral,neutral,neutral,3244.28,3246.24,3241.04,3284.8101,ok
537,https://www.cnbc.com/2014/04/03/europe-seen-slightly-higher-ahead-of-ecb-decision.html,^STOXX50E,Euro Stoxx 50,lateralizacion espera qe bce,2014-04-03,sideways,0.735,-1.6808,-1.7766,neutral,neutral,neutral,3206.76,3230.3301,3152.8601,3149.79,ok
538,https://www.cnbc.com/2014/05/15/ecb-ready-to-pull-trigger-amid-stagnation-fears.html,^STOXX50E,Euro Stoxx 50,lateralizacion espera qe bce,2014-05-15,sideways,0.3003,0.7717,3.8271,neutral,neutral,bullish,3163.22,3172.72,3187.6299,3284.28,ok
539,https://www.cnbc.com/2014/04/23/qe-from-ecb-may-not-be-the-panacea-many-hope.html,^STOXX50E,Euro Stoxx 50,lateralizacion espera qe bce,2014-04-23,sideways,0.4358,0.7059,0.3671,neutral,neutral,neutral,3175.97,3189.8101,3198.3899,3187.6299,ok
540,https://www.cnbc.com/2014/06/05/the-ecb-eases-and-the-euro-rises.html,^STOXX50E,Euro Stoxx 50,lateralizacion espera qe bce,2014-06-06,sideways,0.5925,-0.3473,-0.7228,neutral,neutral,neutral,3294.28,3313.8,3282.8401,3270.47,ok
541,https://www.cnbc.com/2014/05/07/ecb-to-buy-time-with-words-not-deeds.html,^STOXX50E,Euro Stoxx 50,lateralizacion espera qe bce,2014-05-07,sideways,1.4125,1.6062,2.4768,neutral,neutral,bullish,3159.6699,3204.3,3210.4199,3237.9299,ok
542,https://cincodias.elpais.com/cincodias/2014/06/04/mercados/1401898159_384953.html,^STOXX50E,Euro Stoxx 50,lateralizacion espera qe bce,2014-06-05,sideways,0.8335,0.5274,0.6948,neutral,neutral,neutral,3267.05,3294.28,3284.28,3289.75,ok
543,https://cincodias.elpais.com/cincodias/2014/06/03/mercados/1401814141_258510.html,^STOXX50E,Euro Stoxx 50,lateralizacion espera qe bce,2014-06-04,sideways,0.8993,1.58,0.4423,neutral,neutral,neutral,3237.9299,3267.05,3289.0901,3252.25,ok
544,https://cincodias.elpais.com/cincodias/2014/05/21/mercados/1400676281_826455.html,^STOXX50E,Euro Stoxx 50,lateralizacion espera qe bce,2014-05-22,sideways,0.491,1.7872,3.9895,neutral,neutral,bullish,3187.6299,3203.28,3244.6001,3314.8,ok
545,https://cincodias.elpais.com/cincodias/2014/06/03/mercados/1401775330_429835.html,^STOXX50E,Euro Stoxx 50,lateralizacion espera qe bce,2014-06-03,sideways,-0.096,2.245,0.5452,neutral,bullish,neutral,3241.04,3237.9299,3313.8,3258.71,ok
546,https://www.expansion.com/blogs/prisma-bursatil/2014/06/04/el-euro-y-el-ibex-ante-la-cita-del-bce.html,^STOXX50E,Euro Stoxx 50,lateralizacion espera qe bce,2014-06-04,sideways,0.8993,1.58,0.4423,neutral,neutral,neutral,3237.9299,3267.05,3289.0901,3252.25,ok
547,https://www.cnbc.com/2015/06/25/european-markets-greece.html,^STOXX50E,Euro Stoxx 50,lateralizacion incertidumbre grecia,2015-06-25,sideways,0.2897,-4.0893,0.6572,neutral,bearish,neutral,3610.9099,3621.3701,3463.25,3634.6399,ok
548,https://www.investing.com/analysis/financial-markets-switch-to-risk-off-mode-256559,^STOXX50E,Euro Stoxx 50,lateralizacion incertidumbre grecia,2015-06-29,sideways,-1.2857,-2.9894,1.2742,neutral,bearish,neutral,3468.8999,3424.3,3365.2,3513.1001,ok
549,https://www.cnbc.com/2015/07/07/-higher-as-pressure-mounts-on-greece.html,^STOXX50E,Euro Stoxx 50,lateralizacion incertidumbre grecia,2015-07-07,sideways,1.0112,9.5016,9.8695,neutral,bullish,bullish,3294.1899,3327.5,3607.1899,3619.3101,ok
550,https://www.cnbc.com/2015/06/29/global-markets-slide-on-greek-crisis-fears.html,^STOXX50E,Euro Stoxx 50,lateralizacion incertidumbre grecia,2015-06-29,sideways,-1.2857,-2.9894,1.2742,neutral,bearish,neutral,3468.8999,3424.3,3365.2,3513.1001,ok
551,https://www.cnbc.com/2015/06/11/europe-flat-as-greek-deal-remains-elusive.html,^STOXX50E,Euro Stoxx 50,lateralizacion incertidumbre grecia,2015-06-11,sideways,-1.3835,-2.8565,-3.7129,neutral,bearish,bearish,3551.9099,3502.77,3450.45,3420.03,ok
552,https://www.cnbc.com/2015/06/15/europe-to-open-lower-as-greece-talks-collapse.html,^STOXX50E,Euro Stoxx 50,lateralizacion incertidumbre grecia,2015-06-15,sideways,0.466,4.5956,4.4316,neutral,bullish,bullish,3438.0701,3454.0901,3596.0701,3590.4299,ok
553,https://www.cnbc.com/2015/06/30/europe-seen-lower-greece-expected-to-miss-imf-payment.html,^STOXX50E,Euro Stoxx 50,lateralizacion incertidumbre grecia,2015-06-30,sideways,2.102,-3.7996,3.7909,bullish,bearish,bullish,3424.3,3496.28,3294.1899,3554.1101,ok
554,https://www.cnbc.com/2015/06/12/europe-seen-lower-as-imf-leaves-greek-talks.html,^STOXX50E,Euro Stoxx 50,lateralizacion incertidumbre grecia,2015-06-12,sideways,-1.8471,-1.3409,0.7434,neutral,neutral,neutral,3502.77,3438.0701,3455.8,3528.8101,ok
555,https://www.cnbc.com/2015/06/18/glimmer-of-greek-hope-boosts-markets.html,^STOXX50E,Euro Stoxx 50,lateralizacion incertidumbre grecia,2015-06-18,sideways,0.1551,4.6504,6.5487,neutral,bullish,bullish,3450.45,3455.8,3610.9099,3676.4099,ok
556,https://www.cnbc.com/2015/06/09/europe-seen-lower-hsbc-cost-cutting-in-focus.html,^STOXX50E,Euro Stoxx 50,lateralizacion incertidumbre grecia,2015-06-09,sideways,2.016,-0.0781,-4.7038,bullish,neutral,bearish,3456.79,3526.48,3454.0901,3294.1899,ok
557,https://www.cnbc.com/2015/06/09/greek-bailout-extension-and-compromise-possible-officials.html,^STOXX50E,Euro Stoxx 50,lateralizacion incertidumbre grecia,2015-06-09,sideways,2.016,-0.0781,-4.7038,bullish,neutral,bearish,3456.79,3526.48,3454.0901,3294.1899,ok
558,https://www.cnbc.com/2015/06/29/lunge-as-greece-imposes-capital-controls.html,^STOXX50E,Euro Stoxx 50,lateralizacion incertidumbre grecia,2015-06-29,sideways,-1.2857,-2.9894,1.2742,neutral,bearish,neutral,3468.8999,3424.3,3365.2,3513.1001,ok
559,https://www.cnbc.com/2015/06/09/germanys-dax-delves-deeper-into-correction-zone.html,^STOXX50E,Euro Stoxx 50,lateralizacion incertidumbre grecia,2015-06-09,sideways,2.016,-0.0781,-4.7038,bullish,neutral,bearish,3456.79,3526.48,3454.0901,3294.1899,ok
560,https://www.cnbc.com/2015/06/19/europe-seen-higher-as-greek-crisis-worsens.html,^STOXX50E,Euro Stoxx 50,lateralizacion incertidumbre grecia,2015-06-19,sideways,4.059,4.7911,6.2081,bullish,bullish,bullish,3455.8,3596.0701,3621.3701,3670.3401,ok
561,https://www.cnbc.com/2015/06/23/europe-seen-mixed-hopes-for-greek-deal-rise.html,^STOXX50E,Euro Stoxx 50,lateralizacion incertidumbre grecia,2015-06-23,sideways,-0.4142,-5.5618,0.6065,neutral,bearish,neutral,3625.97,3610.95,3424.3,3647.96,ok
562,https://www.cnbc.com/2015/07/17/european--markets-greek-bank-aid.html,^STOXX50E,Euro Stoxx 50,lateralizacion incertidumbre grecia,2015-07-17,sideways,0.4425,-1.9164,-4.8854,neutral,neutral,bearish,3670.3401,3686.5801,3600.0,3491.03,ok
563,https://www.cnbc.com/2015/07/10/europe-to-rise-on-china-rebound-greek-plans.html,^STOXX50E,Euro Stoxx 50,lateralizacion incertidumbre grecia,2015-07-10,sideways,1.7462,4.0107,3.0886,neutral,bullish,bullish,3528.8101,3590.4299,3670.3401,3637.8,ok
564,https://www.cnbc.com/2015/07/09/europe-seen-higher-as-markets-await-greek-proposals.html,^STOXX50E,Euro Stoxx 50,lateralizacion incertidumbre grecia,2015-07-09,sideways,3.1807,7.4964,7.2643,bullish,bullish,bullish,3420.03,3528.8101,3676.4099,3668.47,ok
565,https://www.cnbc.com/2015/06/11/greek-stocks-rally-on-aid-rumors.html,^STOXX50E,Euro Stoxx 50,lateralizacion incertidumbre grecia,2015-06-11,sideways,-1.3835,-2.8565,-3.7129,neutral,bearish,bearish,3551.9099,3502.77,3450.45,3420.03,ok
566,https://www.cnbc.com/2015/07/01/europe-sharply-higher-on-fresh-hopes-of-greek-deal.html,^STOXX50E,Euro Stoxx 50,lateralizacion incertidumbre grecia,2015-07-01,sideways,-0.9447,-4.8274,2.2667,neutral,bearish,bullish,3496.28,3463.25,3327.5,3575.53,ok
567,https://www.expansion.com/mercados/2015/06/16/5580772f46163f24648b4590.html,^STOXX50E,Euro Stoxx 50,lateralizacion incertidumbre grecia,2015-06-16,sideways,-0.7333,4.9761,4.4324,neutral,bullish,bullish,3454.0901,3428.76,3625.97,3607.1899,ok
568,https://cincodias.elpais.com/cincodias/2015/06/15/mercados/1434348272_197867.html,^STOXX50E,Euro Stoxx 50,lateralizacion incertidumbre grecia,2015-06-15,sideways,0.466,4.5956,4.4316,neutral,bullish,bullish,3438.0701,3454.0901,3596.0701,3590.4299,ok
569,https://www.expansion.com/mercados/2015/06/04/557097b4e2704e665b8b4578.html,^STOXX50E,Euro Stoxx 50,lateralizacion incertidumbre grecia,2015-06-04,sideways,-1.3039,-0.1257,-2.6187,neutral,neutral,bearish,3556.3799,3510.01,3551.9099,3463.25,ok
570,https://www.elconfidencial.com/mercados/cronicas/cronica-del-ibex/2015-06-15/la-nueva-cuenta-atras-griega-dispara-la-prima-por-encima-de-150-puntos-y-lastra-la-bolsa_886412/,^STOXX50E,Euro Stoxx 50,lateralizacion incertidumbre grecia,2015-06-15,sideways,0.466,4.5956,4.4316,neutral,bullish,bullish,3438.0701,3454.0901,3596.0701,3590.4299,ok
571,https://cincodias.elpais.com/cincodias/2015/06/25/mercados/1435211108_901107.html,^STOXX50E,Euro Stoxx 50,lateralizacion incertidumbre grecia,2015-06-25,sideways,0.2897,-4.0893,0.6572,neutral,bearish,neutral,3610.9099,3621.3701,3463.25,3634.6399,ok
572,https://www.cnbc.com/2019/04/09/european-markets-brexit-earnings-in-focus-as-mood-turns-cautious.html,^STOXX50E,Euro Stoxx 50,lateralizacion tensiones comerciales,2019-04-09,sideways,0.2174,1.3502,-1.6437,neutral,neutral,neutral,3417.22,3424.6499,3463.3601,3361.05,ok
573,https://www.cnbc.com/2019/04/09/us-threatens-tariffs-on-eu-goods-in-retaliation-for-airbus-subsidies.html,^STOXX50E,Euro Stoxx 50,lateralizacion tensiones comerciales,2019-04-09,sideways,0.2174,1.3502,-1.6437,neutral,neutral,neutral,3417.22,3424.6499,3463.3601,3361.05,ok
574,https://www.cnbc.com/2019/04/09/europe-slams-latest-us-tariff-threat-as-greatly-exaggerated.html,^STOXX50E,Euro Stoxx 50,lateralizacion tensiones comerciales,2019-04-09,sideways,0.2174,1.3502,-1.6437,neutral,neutral,neutral,3417.22,3424.6499,3463.3601,3361.05,ok
575,https://www.cnbc.com/2019/06/10/european-stock-market-investors-take-a-breather-as-trade-tensions-ease.html,^STOXX50E,Euro Stoxx 50,lateralizacion tensiones comerciales,2019-06-10,sideways,0.0,-0.526,3.6065,neutral,neutral,bullish,3401.1001,3401.1001,3383.21,3523.76,ok
576,https://www.cnbc.com/2019/06/11/european-stock-markets-investors-focus-on-renewed-us-china-tariff-threat.html,^STOXX50E,Euro Stoxx 50,lateralizacion tensiones comerciales,2019-06-11,sideways,-0.4255,1.5227,3.1946,neutral,neutral,bullish,3401.1001,3386.6299,3452.8899,3509.75,ok
577,https://www.cnbc.com/2019/06/03/european-markets-eye-global-trade-worries-and-trump-state-visit.html,^STOXX50E,Euro Stoxx 50,lateralizacion tensiones comerciales,2019-06-03,sideways,0.0,1.8309,4.7198,neutral,neutral,bullish,3339.95,3339.95,3401.1001,3497.5901,ok
578,https://www.cnbc.com/2019/06/06/european-markets-look-to-ecb-decision-and-trade-talks.html,^STOXX50E,Euro Stoxx 50,lateralizacion tensiones comerciales,2019-06-06,sideways,1.1973,1.5603,6.1628,neutral,neutral,bullish,3338.4099,3378.3799,3390.5,3544.1499,ok
579,https://www.cnbc.com/2019/05/29/ecb-warns-of-sharp-falls-in-asset-prices-if-trade-tensions-escalate.html,^STOXX50E,Euro Stoxx 50,lateralizacion tensiones comerciales,2019-05-29,sideways,-0.527,1.2778,4.4011,neutral,neutral,bullish,3297.8101,3280.4299,3339.95,3442.95,ok
580,https://www.cnbc.com/2019/05/06/trumps-tariffs-on-china-are-a-harbinger-for-europe-heres-why.html,^STOXX50E,Euro Stoxx 50,lateralizacion tensiones comerciales,2019-05-06,sideways,-1.7843,-4.1055,-4.6992,neutral,bearish,bearish,3462.95,3401.1599,3320.78,3300.22,ok
581,https://www.cnbc.com/2019/06/09/trump-mexico-tariff-threat-still-looms-over-businesses.html,^STOXX50E,Euro Stoxx 50,lateralizacion tensiones comerciales,2019-06-09,sideways,0.0,-0.526,3.6065,neutral,neutral,bullish,3401.1001,3401.1001,3383.21,3523.76,ok
582,https://www.cnbc.com/2019/06/17/european-stocks-investors-focus-on-fed-meeting.html,^STOXX50E,Euro Stoxx 50,lateralizacion tensiones comerciales,2019-06-17,sideways,2.0596,2.1388,3.5177,bullish,bullish,bullish,3383.21,3452.8899,3455.5701,3502.22,ok
583,https://www.cnbc.com/2019/06/05/europe-markets-look-to-trade-news-economy-and-politics.html,^STOXX50E,Euro Stoxx 50,lateralizacion tensiones comerciales,2019-06-05,sideways,-0.0461,1.3976,6.0085,neutral,neutral,bullish,3339.95,3338.4099,3386.6299,3540.6299,ok
584,https://www.cnbc.com/2019/05/30/european-markets-set-to-open-mixed-as-investors-monitor-trade-war-escalations.html,^STOXX50E,Euro Stoxx 50,lateralizacion tensiones comerciales,2019-05-30,sideways,0.0,1.7675,4.9369,neutral,neutral,bullish,3280.4299,3280.4299,3338.4099,3442.3799,ok
585,https://www.cnbc.com/2019/06/07/european-markets-eye-us-jobs-report-and-trade-news.html,^STOXX50E,Euro Stoxx 50,lateralizacion tensiones comerciales,2019-06-07,sideways,0.6725,0.024,4.4282,neutral,neutral,bullish,3378.3799,3401.1001,3379.1899,3527.98,ok
586,https://www.cnbc.com/2019/07/17/european-markets-stocks-seen-lower-after-trump-trade-comments.html,^STOXX50E,Euro Stoxx 50,lateralizacion tensiones comerciales,2019-07-17,sideways,-0.5355,0.8944,-6.0795,neutral,neutral,bearish,3501.5801,3482.8301,3532.8999,3288.7,ok
587,https://www.cnbc.com/2019/05/23/european-markets-set-to-open-lower-as-us-china-trade-worries-weigh.html,^STOXX50E,Euro Stoxx 50,lateralizacion tensiones comerciales,2019-05-23,sideways,0.0,-2.0972,3.5032,neutral,bearish,bullish,3350.7,3350.7,3280.4299,3468.0801,ok
588,https://www.cnbc.com/2019/05/13/europe-markets-set-to-open-slightly-higher-as-investors-monitor-trade.html,^STOXX50E,Euro Stoxx 50,lateralizacion tensiones comerciales,2019-05-13,sideways,1.3129,,,neutral,,,3320.78,3364.3799,,,ok
589,https://www.cnbc.com/2019/06/28/european-stocks-set-for-mixed-open-as-investors-monitor-g-20-summit.html,^STOXX50E,Euro Stoxx 50,lateralizacion tensiones comerciales,2019-06-28,sideways,0.688,1.5629,1.4618,neutral,neutral,neutral,3473.6899,3497.5901,3527.98,3524.47,ok
590,https://www.cnbc.com/2019/05/07/worst-case-scenario-if-trump-starts-a-trade-war-with-china.html,^STOXX50E,Euro Stoxx 50,lateralizacion tensiones comerciales,2019-05-07,sideways,0.4734,-1.0814,-1.9896,neutral,neutral,neutral,3401.1599,3417.26,3364.3799,3333.49,ok
591,https://www.cnbc.com/2019/06/04/european-markets-global-growth-trade-tensions-and-state-visit.html,^STOXX50E,Euro Stoxx 50,lateralizacion tensiones comerciales,2019-06-04,sideways,0.1938,2.0282,5.2345,neutral,bullish,bullish,3333.49,3339.95,3401.1001,3507.98,ok
592,https://www.eleconomista.es/mercados-cotizaciones/noticias/9912246/05/19/Estos-son-los-frentes-que-amenazan-los-soportes-de-las-bolsas-de-Europa-a-cierre-semanal.html,^STOXX50E,Euro Stoxx 50,lateralizacion tensiones comerciales,2019-05-31,sideways,0.6033,2.9859,5.8913,neutral,bullish,bullish,3280.4299,3300.22,3378.3799,3473.6899,ok
593,https://cincodias.elpais.com/cincodias/2019/06/03/mercados/1559540836_846208.html,^STOXX50E,Euro Stoxx 50,lateralizacion tensiones comerciales,2019-06-03,sideways,1.0081,3.0568,5.9805,neutral,bullish,bullish,3300.22,3333.49,3401.1001,3497.5901,ok
594,https://cincodias.elpais.com/cincodias/2019/06/10/mercados/1560145760_539423.html,^STOXX50E,Euro Stoxx 50,lateralizacion tensiones comerciales,2019-06-10,sideways,0.0,-0.526,3.6065,neutral,neutral,bullish,3401.1001,3401.1001,3383.21,3523.76,ok
595,https://www.expansion.com/mercados/2019/05/09/5cd33e5de5fdea12308b459b.html,^STOXX50E,Euro Stoxx 50,lateralizacion tensiones comerciales,2019-05-08,sideways,-1.9475,-0.9212,-2.2623,neutral,neutral,bearish,3417.26,3350.71,3385.78,3339.95,ok
596,https://www.elconfidencial.com/economia/2019-04-09/trump-culpa-espana-ue-subsidios-airbus-aranceles-queso-vino_1931754/,^STOXX50E,Euro Stoxx 50,lateralizacion tensiones comerciales,2019-04-09,sideways,0.2174,1.3502,-1.6437,neutral,neutral,neutral,3417.22,3424.6499,3463.3601,3361.05,ok
597,https://www.cnbc.com/2020/03/18/coronavirus-sends-deltas-march-revenue-down-airline-to-slash-capacity-by-70percent.html,JETS,Sector Turismo/Aerolíneas,caidas covid cierre fronteras,2020-03-18,bearish,-4.7028,27.899,8.2286,bearish,bullish,bullish,12.5671,11.9761,16.0732,13.6012,ok
598,https://www.cnbc.com/2020/03/12/coronavirus-trumps-europe-travel-ban-is-another-blow-to-airlines.html,JETS,Sector Turismo/Aerolíneas,caidas covid cierre fronteras,2020-03-12,bearish,0.0,-33.2235,-15.9803,neutral,bearish,bearish,17.9346,17.9346,11.9761,15.0686,ok
599,https://www.cnbc.com/2020/03/12/coronavirus-trumps-european-travel-limits-could-push-airlines-under.html,JETS,Sector Turismo/Aerolíneas,caidas covid cierre fronteras,2020-03-12,bearish,0.0,-33.2235,-15.9803,neutral,bearish,bearish,17.9346,17.9346,11.9761,15.0686,ok
600,https://www.economist.com/business/2020/03/15/coronavirus-is-grounding-the-worlds-airlines,JETS,Sector Turismo/Aerolíneas,caidas covid cierre fronteras,2020-03-15,bearish,-1.4792,-22.4411,-7.4599,neutral,bearish,bearish,15.9747,15.7384,12.3898,14.783,ok
601,https://www.barrons.com/articles/trump-bans-european-air-travel-heres-what-it-means-for-airline-stocks-51583980976,JETS,Sector Turismo/Aerolíneas,caidas covid cierre fronteras,2020-03-12,bearish,0.0,-33.2235,-15.9803,neutral,bearish,bearish,17.9346,17.9346,11.9761,15.0686,ok
602,https://www.cnbc.com/2020/02/24/coronavirus-airline-stocks-tumble-as-covid-19-illness-spreads-in-south-korea-italy.html,JETS,Sector Turismo/Aerolíneas,caidas covid cierre fronteras,2020-02-24,bearish,-6.1084,-17.1029,-56.0907,bearish,bearish,bearish,28.2168,26.4932,23.3909,12.3898,ok
603,https://www.cnbc.com/2020/02/25/coronavirus-american-falls-to-lowest-in-more-than-6-years-in-airline-rout.html,JETS,Sector Turismo/Aerolíneas,caidas covid cierre fronteras,2020-02-25,bearish,-3.4941,-13.6058,-44.3495,bearish,bearish,bearish,26.4932,25.5675,22.8886,14.7436,ok
604,https://www.cnbc.com/2020/03/15/american-airlines-cuts-international-capacity-by-75percent-as-demand-collapses.html,JETS,Sector Turismo/Aerolíneas,caidas covid cierre fronteras,2020-03-15,bearish,-1.4792,-22.4411,-7.4599,neutral,bearish,bearish,15.9747,15.7384,12.3898,14.783,ok
605,https://www.cnbc.com/2020/03/06/coronavirus-impact-on-airlines-has-a-911-feel-analyst-says.html,JETS,Sector Turismo/Aerolíneas,caidas covid cierre fronteras,2020-03-06,bearish,-6.7945,-16.9633,-43.9125,bearish,bearish,bearish,21.5984,20.1309,17.9346,12.114,ok
606,https://www.cnbc.com/2020/03/22/emirates-airline-to-suspend-all-passenger-operations-by-march-25.html,JETS,Sector Turismo/Aerolíneas,caidas covid cierre fronteras,2020-03-22,bearish,18.9979,16.0568,9.1414,bullish,bullish,bullish,12.3898,14.7436,14.3792,13.5224,ok
607,https://www.cnbc.com/2020/02/27/coronavirus-raises-worries-about-a-broad-slowdown-in-air-travel.html,JETS,Sector Turismo/Aerolíneas,caidas covid cierre fronteras,2020-02-27,bearish,-3.0428,-12.1298,-31.7647,bearish,bearish,bearish,24.2773,23.5386,21.3325,16.5657,ok
608,https://www.cnbc.com/2020/02/06/coronavirus-china-becomes-increasingly-isolated-as-airlines-pull-out.html,JETS,Sector Turismo/Aerolíneas,caidas covid cierre fronteras,2020-02-06,bearish,-1.1232,1.669,-29.6212,neutral,neutral,bearish,30.6888,30.3441,31.201,21.5984,ok
609,https://www.cnbc.com/2020/04/02/american-airlines-coronavirus-downgrade-airline-stock-2020-outlook.html,JETS,Sector Turismo/Aerolíneas,caidas covid cierre fronteras,2020-04-02,bearish,-2.8439,20.8524,11.2948,bearish,bullish,bullish,12.4686,12.114,15.0686,13.8769,ok
610,https://www.cnbc.com/2020/03/10/coronavirus-drives-united-airlines-us-bookings-down-70percent.html,JETS,Sector Turismo/Aerolíneas,caidas covid cierre fronteras,2020-03-10,bearish,-7.0045,-26.3594,-38.203,bearish,bearish,bearish,21.3719,19.8749,15.7384,13.2072,ok
611,https://www.cnbc.com/2020/03/19/american-airlines-ceo-says-the-coronavirus-crisis-is-worse-than-911-for-the-industry.html,JETS,Sector Turismo/Aerolíneas,caidas covid cierre fronteras,2020-03-19,bearish,2.7137,38.323,18.01,bullish,bullish,bullish,11.9761,12.3011,16.5657,14.133,ok
612,https://www.cnbc.com/2020/03/12/europe-markets-poised-to-open-lower-after-trump-restricts-european-travel-to-us.html,JETS,Sector Turismo/Aerolíneas,caidas covid cierre fronteras,2020-03-12,bearish,8.4573,-27.576,-8.8745,bullish,bearish,bearish,16.5361,17.9346,11.9761,15.0686,ok
613,https://www.cnbc.com/2020/02/06/coronavirus-latest-updates.html,JETS,Sector Turismo/Aerolíneas,caidas covid cierre fronteras,2020-02-06,bearish,-1.1232,1.669,-29.6212,neutral,neutral,bearish,30.6888,30.3441,31.201,21.5984,ok
614,https://www.cnbc.com/2020/03/16/stock-market-today-live.html,JETS,Sector Turismo/Aerolíneas,caidas covid cierre fronteras,2020-03-16,bearish,-1.4792,-22.4411,-7.4599,neutral,bearish,bearish,15.9747,15.7384,12.3898,14.783,ok
615,https://www.cnbc.com/2020/05/02/warren-buffett-says-berkshire-sold-its-entire-position-in-airlines-because-of-the-coronavirus.html,JETS,Sector Turismo/Aerolíneas,caidas covid cierre fronteras,2020-05-02,bearish,-2.7448,-1.7068,18.7682,bearish,neutral,bullish,13.2762,12.9118,13.0496,15.7679,ok
616,https://www.cnbc.com/2020/03/15/traders-await-futures-open-after-fed-cuts-rates-launches-easing-program.html,JETS,Sector Turismo/Aerolíneas,caidas covid cierre fronteras,2020-03-15,bearish,-1.4792,-22.4411,-7.4599,neutral,bearish,bearish,15.9747,15.7384,12.3898,14.783,ok
617,https://www.lavanguardia.com/economia/20200316/474196813203/aerolineas-coronavirus-reducen-capacidad-bolsa-erte.html,JETS,Sector Turismo/Aerolíneas,caidas covid cierre fronteras,2020-03-16,bearish,-1.4792,-22.4411,-7.4599,neutral,bearish,bearish,15.9747,15.7384,12.3898,14.783,ok
618,https://www.expansion.com/mercados/2020/03/12/5e69ed9d468aeb790f8b458c.html,JETS,Sector Turismo/Aerolíneas,caidas covid cierre fronteras,2020-03-12,bearish,8.4573,-27.576,-8.8745,bullish,bearish,bearish,16.5361,17.9346,11.9761,15.0686,ok
619,https://cincodias.elpais.com/cincodias/2020/03/12/mercados/1584000787_624154.html,JETS,Sector Turismo/Aerolíneas,caidas covid cierre fronteras,2020-03-13,bearish,-10.928,-31.4114,-20.0439,bearish,bearish,bearish,17.9346,15.9747,12.3011,14.3398,ok
620,https://www.elmundo.es/economia/empresas/2020/03/07/5e625b4e21efa01f428b45a4.html,JETS,Sector Turismo/Aerolíneas,caidas covid cierre fronteras,2020-03-07,bearish,6.1647,-20.6459,-37.3287,bullish,bearish,bearish,20.1309,21.3719,15.9747,12.6163,ok
621,https://cincodias.elpais.com/cincodias/2020/03/05/companias/1583440597_923193.html,JETS,Sector Turismo/Aerolíneas,caidas covid cierre fronteras,2020-03-05,bearish,1.2465,-22.484,-41.5512,neutral,bearish,bearish,21.3325,21.5984,16.5361,12.4686,ok
622,https://www.cnbc.com/2022/02/25/british-airlines-skirt-russia-as-the-fallout-from-ukraine-widens.html,JETS,Sector Turismo/Aerolíneas,caidas guerra ucrania cierre espacio aereo,2022-02-25,bearish,-2.1858,-13.3425,-5.1002,bearish,bearish,bearish,21.7816,21.3055,18.8754,20.6707,ok
623,https://www.cnbc.com/2022/02/26/russia-ukraine-news-how-the-conflict-is-disrupting-air-travel.html,JETS,Sector Turismo/Aerolíneas,caidas guerra ucrania cierre espacio aereo,2022-02-26,bearish,-5.0747,-21.2757,-2.1417,bearish,bearish,bearish,21.3055,20.2243,16.7726,20.8492,ok
624,https://finance.yahoo.com/news/russia-ukraine-conflict-slow-summer-225550679.html,JETS,Sector Turismo/Aerolíneas,caidas guerra ucrania cierre espacio aereo,2022-02-26,bearish,-5.0747,-21.2757,-2.1417,bearish,bearish,bearish,21.3055,20.2243,16.7726,20.8492,ok
625,https://www.cnbc.com/2022/03/04/ukraine-news-russias-invasion-is-driving-up-air-cargo-costs.html,JETS,Sector Turismo/Aerolíneas,caidas guerra ucrania cierre espacio aereo,2022-03-04,bearish,-11.1404,-4.3618,13.978,bearish,bearish,bullish,18.8754,16.7726,18.0521,21.5138,ok
626,https://www.cnbc.com/2022/03/11/russia-ukraine-war-impact-on-shipping-ports-air-freight.html,JETS,Sector Turismo/Aerolíneas,caidas guerra ucrania cierre espacio aereo,2022-03-11,bearish,0.6044,13.2422,10.6597,neutral,bullish,bullish,18.0521,18.1612,20.4426,19.9764,ok
627,https://www.economist.com/business/2022/03/12/sanctions-on-russian-aviation-are-a-burden-for-western-firms,JETS,Sector Turismo/Aerolíneas,caidas guerra ucrania cierre espacio aereo,2022-03-12,bearish,5.8443,9.7763,11.3599,bullish,bullish,bullish,18.1612,19.2226,19.9367,20.2243,ok
628,https://finance.yahoo.com/news/europe-moves-close-skies-russian-144611266.html,JETS,Sector Turismo/Aerolíneas,caidas guerra ucrania cierre espacio aereo,2022-02-27,bearish,-5.0747,-21.2757,-2.1417,bearish,bearish,bearish,21.3055,20.2243,16.7726,20.8492,ok
629,https://www.cnbc.com/2022/02/14/ukrainian-airline-moves-some-jets-to-spain-after-insurance-bans-coverage-amid-russia-crisis.html,JETS,Sector Turismo/Aerolíneas,caidas guerra ucrania cierre espacio aereo,2022-02-14,bearish,5.7332,-0.1807,-12.5056,bullish,neutral,bearish,21.9701,23.2297,21.9304,19.2226,ok
630,https://www.cnbc.com/2022/02/13/flights-to-ukraine-halted-redirected-as-crisis-brews.html,JETS,Sector Turismo/Aerolíneas,caidas guerra ucrania cierre espacio aereo,2022-02-13,bearish,5.7332,-0.1807,-12.5056,bullish,neutral,bearish,21.9701,23.2297,21.9304,19.2226,ok
631,https://www.elmundo.es/economia/empresas/2022/03/11/622a1d0a21efa044078b458f.html,JETS,Sector Turismo/Aerolíneas,caidas guerra ucrania cierre espacio aereo,2022-03-11,bearish,0.6044,13.2422,10.6597,neutral,bullish,bullish,18.0521,18.1612,20.4426,19.9764,ok
632,https://www.elmundo.es/economia/2022/02/27/621ab813fdddffd3158b45c1.html,JETS,Sector Turismo/Aerolíneas,caidas guerra ucrania cierre espacio aereo,2022-02-27,bearish,-5.0747,-21.2757,-2.1417,bearish,bearish,bearish,21.3055,20.2243,16.7726,20.8492,ok
633,https://www.expansion.com/empresas/transporte/2022/03/02/621e99a1468aeba5708b45aa.html,JETS,Sector Turismo/Aerolíneas,caidas guerra ucrania cierre espacio aereo,2022-03-01,bearish,1.6678,-13.1436,6.6702,neutral,bearish,bullish,20.2243,20.5616,17.5661,21.5733,ok
634,https://www.elmundo.es/economia/2022/02/26/6218dabee4d4d80f3d8b45b3.html,JETS,Sector Turismo/Aerolíneas,caidas guerra ucrania cierre espacio aereo,2022-02-26,bearish,-5.0747,-21.2757,-2.1417,bearish,bearish,bearish,21.3055,20.2243,16.7726,20.8492,ok
635,https://www.lavanguardia.com/economia/20220224/8081362/vuelos-ucrania-cancelados-riesgo-civiles.html,JETS,Sector Turismo/Aerolíneas,caidas guerra ucrania cierre espacio aereo,2022-02-24,bearish,2.3297,-6.7101,-3.5883,bullish,bearish,bearish,21.2857,21.7816,19.8574,20.5219,ok
636,https://www.economist.com/business/2001/09/13/a-grim-flight,JETS,Sector Turismo/Aerolíneas,caidas 11-s colapso trafico aereo,2001-09-13,bearish,,,,,,,,,,,pre_inception
637,https://www.economist.com/unknown/2001/10/04/airlines-governments-and-bail-outs,JETS,Sector Turismo/Aerolíneas,caidas 11-s colapso trafico aereo,2001-10-04,bearish,,,,,,,,,,,pre_inception
638,https://www.economist.com/business/2001/10/25/turning-off-the-tap,JETS,Sector Turismo/Aerolíneas,caidas 11-s colapso trafico aereo,2001-10-25,bearish,,,,,,,,,,,pre_inception
639,https://www.economist.com/leaders/2001/10/11/flying-blind,JETS,Sector Turismo/Aerolíneas,caidas 11-s colapso trafico aereo,2001-10-11,bearish,,,,,,,,,,,pre_inception
640,https://www.economist.com/business/2001/10/18/is-blue-fox-cunning-or-crazy,JETS,Sector Turismo/Aerolíneas,caidas 11-s colapso trafico aereo,2001-10-18,bearish,,,,,,,,,,,pre_inception
641,https://www.economist.com/united-states/2001/10/25/no-time-to-plod,JETS,Sector Turismo/Aerolíneas,caidas 11-s colapso trafico aereo,2001-10-25,bearish,,,,,,,,,,,pre_inception
642,https://www.economist.com/finance-and-economics/2001/09/27/cut-short,JETS,Sector Turismo/Aerolíneas,caidas 11-s colapso trafico aereo,2001-09-27,bearish,,,,,,,,,,,pre_inception
643,https://www.economist.com/unknown/2001/10/29/media-mind-their-ad-revenues,JETS,Sector Turismo/Aerolíneas,caidas 11-s colapso trafico aereo,2001-10-29,bearish,,,,,,,,,,,pre_inception
644,https://www.economist.com/unknown/2001/09/12/the-market-fallout,JETS,Sector Turismo/Aerolíneas,caidas 11-s colapso trafico aereo,2001-09-12,bearish,,,,,,,,,,,pre_inception
645,https://www.economist.com/finance-and-economics/2001/09/27/cheap-but-not-cheerful,JETS,Sector Turismo/Aerolíneas,caidas 11-s colapso trafico aereo,2001-09-27,bearish,,,,,,,,,,,pre_inception
646,https://www.economist.com/leaders/2001/09/13/the-day-the-world-changed,JETS,Sector Turismo/Aerolíneas,caidas 11-s colapso trafico aereo,2001-09-13,bearish,,,,,,,,,,,pre_inception
647,https://www.economist.com/finance-and-economics/2001/09/20/carrying-on,JETS,Sector Turismo/Aerolíneas,caidas 11-s colapso trafico aereo,2001-09-20,bearish,,,,,,,,,,,pre_inception
648,https://www.barrons.com/articles/SB1001117748529329720,JETS,Sector Turismo/Aerolíneas,caidas 11-s colapso trafico aereo,2001-09-24,bearish,,,,,,,,,,,pre_inception
649,https://www.economist.com/emerging-market-indicators/2001/09/13/overview,JETS,Sector Turismo/Aerolíneas,caidas 11-s colapso trafico aereo,2001-09-13,bearish,,,,,,,,,,,pre_inception
650,https://www.economist.com/weeklyedition/2001-10-20,JETS,Sector Turismo/Aerolíneas,caidas 11-s colapso trafico aereo,2001-10-18,bearish,,,,,,,,,,,pre_inception
651,https://www.economist.com/unknown/2001/09/11/america-under-attack,JETS,Sector Turismo/Aerolíneas,caidas 11-s colapso trafico aereo,2001-09-11,bearish,,,,,,,,,,,pre_inception
652,https://www.economist.com/finance-and-economics/2001/10/11/an-old-economy-crunch,JETS,Sector Turismo/Aerolíneas,caidas 11-s colapso trafico aereo,2001-10-11,bearish,,,,,,,,,,,pre_inception
653,https://www.economist.com/business/2001/10/04/the-defence-industrys-new-look,JETS,Sector Turismo/Aerolíneas,caidas 11-s colapso trafico aereo,2001-10-04,bearish,,,,,,,,,,,pre_inception
654,https://www.economist.com/united-states/2001/09/20/getting-to-grips-with-evil,JETS,Sector Turismo/Aerolíneas,caidas 11-s colapso trafico aereo,2001-09-20,bearish,,,,,,,,,,,pre_inception
655,https://www.economist.com/special-report/2001/09/29/a-crisis-of-legitimacy,JETS,Sector Turismo/Aerolíneas,caidas 11-s colapso trafico aereo,2001-09-29,bearish,,,,,,,,,,,pre_inception
656,https://cincodias.elpais.com/cincodias/2001/09/12/economia/1000274199_850215.html,JETS,Sector Turismo/Aerolíneas,caidas 11-s colapso trafico aereo,2001-09-11,bearish,,,,,,,,,,,pre_inception
657,https://cincodias.elpais.com/cincodias/2001/09/28/economia/1001656580_850215.html,JETS,Sector Turismo/Aerolíneas,caidas 11-s colapso trafico aereo,2001-09-27,bearish,,,,,,,,,,,pre_inception
658,https://www.expansion.com/2001/09/11/economia-politica/783911.html,JETS,Sector Turismo/Aerolíneas,caidas 11-s colapso trafico aereo,2001-09-11,bearish,,,,,,,,,,,pre_inception
659,https://cincodias.elpais.com/cincodias/2001/10/10/empresas/1002721203_850215.html,JETS,Sector Turismo/Aerolíneas,caidas 11-s colapso trafico aereo,2001-10-09,bearish,,,,,,,,,,,pre_inception
660,https://cincodias.elpais.com/cincodias/2001/09/21/mercados/1001166444_850215.html,JETS,Sector Turismo/Aerolíneas,caidas 11-s colapso trafico aereo,2001-09-20,bearish,,,,,,,,,,,pre_inception
661,https://www.cnbc.com/2020/11/09/airlines-surge-on-upbeat-vaccine-news-american-jumps-19percent-.html,JETS,Sector Turismo/Aerolíneas,subidas vacunas reapertura,2020-11-09,bullish,-1.5528,1.4553,13.9252,neutral,neutral,bullish,20.2984,19.9832,20.5938,23.125,ok
662,https://www.marketwatch.com/story/travel-service-stocks-get-a-big-boost-from-good-news-on-potential-covid-19-vaccine-11604937906,JETS,Sector Turismo/Aerolíneas,subidas vacunas reapertura,2020-11-09,bullish,-1.5528,1.4553,13.9252,neutral,neutral,bullish,20.2984,19.9832,20.5938,23.125,ok
663,https://www.cnbc.com/2021/03/15/air-travel-recovers-as-vaccinations-spur-bookings.html,JETS,Sector Turismo/Aerolíneas,subidas vacunas reapertura,2021-03-15,bullish,-2.6125,-5.8864,-6.6182,bearish,bearish,bearish,28.2873,27.5483,26.6222,26.4152,ok
664,https://www.cnbc.com/2020/11/09/pfizer-covid-vaccine-travel-companies-see-it-as-welcomed-step-.html,JETS,Sector Turismo/Aerolíneas,subidas vacunas reapertura,2020-11-09,bullish,-1.5528,1.4553,13.9252,neutral,neutral,bullish,20.2984,19.9832,20.5938,23.125,ok
665,https://www.cnbc.com/2020/11/10/cruise-bookings-rise-on-coronavirus-vaccine-news-norwegian-cruise-line-ceo-says.html,JETS,Sector Turismo/Aerolíneas,subidas vacunas reapertura,2020-11-10,bullish,-2.6122,3.0065,14.1939,bearish,bullish,bullish,19.9832,19.4612,20.584,22.8196,ok
666,https://www.cnbc.com/2020/11/09/vaccine-news-unleashes-new-momentum-in-stock-market-as-hunkered-down-investors-flee-cash.html,JETS,Sector Turismo/Aerolíneas,subidas vacunas reapertura,2020-11-09,bullish,-1.5528,1.4553,13.9252,neutral,neutral,bullish,20.2984,19.9832,20.5938,23.125,ok
667,https://www.cnbc.com/2020/11/09/disney-shares-jump-on-positive-vaccine-news.html,JETS,Sector Turismo/Aerolíneas,subidas vacunas reapertura,2020-11-09,bullish,-1.5528,1.4553,13.9252,neutral,neutral,bullish,20.2984,19.9832,20.5938,23.125,ok
668,https://www.cnbc.com/2021/05/13/travel-portugal-hotels-face-high-demand-after-uk-changes-quarantine-.html,JETS,Sector Turismo/Aerolíneas,subidas vacunas reapertura,2021-05-13,bullish,3.9145,2.926,4.1124,bullish,bullish,bullish,24.9176,25.893,25.6467,25.9423,ok
669,https://www.cnbc.com/2021/02/23/tui-iag-lufthansa-shares-rise-after-uk-johnson-plan-to-end-lockdown.html,JETS,Sector Turismo/Aerolíneas,subidas vacunas reapertura,2021-02-23,bullish,2.2711,-0.7191,-1.779,bullish,neutral,neutral,26.031,26.6222,25.8438,25.5679,ok
670,https://www.ft.com/content/055ba761-3610-4d61-97a3-4a3719af066d?syn-25a6b1a6=1,JETS,Sector Turismo/Aerolíneas,subidas vacunas reapertura,2021-02-23,bullish,2.2711,-0.7191,-1.779,bullish,neutral,neutral,26.031,26.6222,25.8438,25.5679,ok
671,https://www.cnbc.com/2021/05/20/europe-is-welcoming-vaccinated-tourists-this-summer.html,JETS,Sector Turismo/Aerolíneas,subidas vacunas reapertura,2021-05-20,bullish,-0.3455,3.9954,-1.0372,neutral,bullish,neutral,25.6467,25.5581,26.6714,25.3807,ok
672,https://www.cnbc.com/2021/03/01/travel-stocks-strategist-pick-best-shares-to-ride-reopening-wave.html,JETS,Sector Turismo/Aerolíneas,subidas vacunas reapertura,2021-03-01,bullish,-0.0379,1.5244,0.7624,neutral,neutral,neutral,25.8536,25.8438,26.2477,26.0507,ok
673,https://www.cnbc.com/2020/11/23/investing-coronavirus-vaccine-creates-market-winners-and-losers-.html,JETS,Sector Turismo/Aerolíneas,subidas vacunas reapertura,2020-11-23,bullish,5.3223,4.6217,1.1206,bullish,bullish,neutral,21.0961,22.2189,22.0711,21.3325,ok
674,https://www.cnbc.com/2020/11/18/airline-stocks-like-southwest-could-jump-50percent-with-covid-vaccine-trader.html,JETS,Sector Turismo/Aerolíneas,subidas vacunas reapertura,2020-11-18,bullish,0.2853,7.8095,8.3805,neutral,bullish,bullish,20.6825,20.7415,22.2977,22.4158,ok
675,https://www.barrons.com/articles/try-these-6-travel-and-leisure-stocks-to-play-a-vaccine-driven-rebound-in-demand-51608827667,JETS,Sector Turismo/Aerolíneas,subidas vacunas reapertura,2020-12-24,bullish,0.767,-2.5329,-1.8557,neutral,bearish,neutral,21.8249,21.9923,21.2721,21.4199,ok
676,https://www.cnbc.com/2021/06/01/travel-bookings-are-rebounding-as-hilton-has-best-night-since-the-beginning-of-the-pandemic.html,JETS,Sector Turismo/Aerolíneas,subidas vacunas reapertura,2021-06-01,bullish,0.3313,-1.8401,-11.4095,neutral,neutral,bearish,26.7699,26.8586,26.2773,23.7156,ok
677,https://www.cnbc.com/2021/02/22/royal-caribbean-booking-data-suggests-positive-covid-recovery-ceo-richard-fain.html,JETS,Sector Turismo/Aerolíneas,subidas vacunas reapertura,2021-02-22,bullish,2.8816,2.1805,5.2182,bullish,bullish,bullish,25.3019,26.031,25.8536,26.6222,ok
678,https://www.cnbc.com/2021/05/17/brits-are-now-allowed-to-take-vacations-abroad-but-with-restrictions.html,JETS,Sector Turismo/Aerolíneas,subidas vacunas reapertura,2021-05-17,bullish,0.0753,-0.9041,-2.7497,neutral,neutral,bearish,26.1591,26.1788,25.9226,25.4398,ok
679,https://www.cnbc.com/2021/03/03/cramer-to-investors-post-covid-travel-boom-could-be-skys-the-limit.html,JETS,Sector Turismo/Aerolíneas,subidas vacunas reapertura,2021-03-03,bullish,-2.825,0.3012,1.3559,bearish,neutral,neutral,26.1591,25.4201,26.2379,26.5138,ok
680,https://www.cnbc.com/2021/06/17/tripcom-airasia-and-oyo-on-global-travel-recovery-from-covid-vaccines.html,JETS,Sector Turismo/Aerolíneas,subidas vacunas reapertura,2021-06-17,bullish,-0.5913,-0.276,-11.628,neutral,neutral,bearish,24.9965,24.8487,24.9275,22.0899,ok
681,https://www.expansion.com/mercados/2020/11/09/5fa940df468aeb19318b4586.html,JETS,Sector Turismo/Aerolíneas,subidas vacunas reapertura,2020-11-09,bullish,-1.5528,1.4553,13.9252,neutral,neutral,bullish,20.2984,19.9832,20.5938,23.125,ok
682,https://www.elconfidencial.com/mercados/2020-11-09/sector-turistico-luz-final-tunel-iag-dispara_2824951/,JETS,Sector Turismo/Aerolíneas,subidas vacunas reapertura,2020-11-09,bullish,-1.5528,1.4553,13.9252,neutral,neutral,bullish,20.2984,19.9832,20.5938,23.125,ok
683,https://www.expansion.com/mercados/2021/06/09/60c0d94be5fdeac86f8b45bd.html,JETS,Sector Turismo/Aerolíneas,subidas vacunas reapertura,2021-06-09,bullish,-1.0559,-2.8657,-11.6516,neutral,bearish,bearish,26.1295,25.8536,25.3807,23.085,ok
684,https://cincodias.elpais.com/cincodias/2020/11/09/mercados/1604925263_881349.html,JETS,Sector Turismo/Aerolíneas,subidas vacunas reapertura,2020-11-09,bullish,-1.5528,1.4553,13.9252,neutral,neutral,bullish,20.2984,19.9832,20.5938,23.125,ok
685,https://cincodias.elpais.com/cincodias/2021/01/20/mercados/1611169609_957699.html,JETS,Sector Turismo/Aerolíneas,subidas vacunas reapertura,2021-01-21,bullish,-0.5809,-1.3855,10.9022,neutral,neutral,bullish,22.0505,21.9224,21.745,24.4545,ok
686,https://finance.yahoo.com/news/booking-holdings-inc-nasdaq-bkng-162600363.html,JETS,Sector Turismo/Aerolíneas,subidas recuperacion turismo global,2023-05-05,bullish,0.947,-1.2817,4.5124,neutral,neutral,bullish,17.8042,17.9728,17.576,18.6076,ok
687,https://www.economist.com/business/2023/06/15/how-long-will-the-travel-boom-last,JETS,Sector Turismo/Aerolíneas,subidas recuperacion turismo global,2023-06-15,bullish,0.0976,-1.6543,4.1854,neutral,neutral,bullish,20.383,20.4029,20.0458,21.2361,ok
688,https://finance.yahoo.com/news/global-mobile-travel-booking-market-133000782.html,JETS,Sector Turismo/Aerolíneas,subidas recuperacion turismo global,2023-04-10,bullish,1.5282,-0.8189,-1.0918,neutral,neutral,neutral,18.1712,18.4489,18.0224,17.9728,ok
689,https://www.cnbc.com/2023/06/01/travel-firm-getyourguide-raises-194-million-at-2-billion-valuation.html,JETS,Sector Turismo/Aerolíneas,subidas recuperacion turismo global,2023-06-01,bullish,2.6215,5.4071,16.9857,bullish,bullish,bullish,18.1612,18.6373,19.1432,21.246,ok
690,https://www.cnbc.com/2023/04/15/why-summer-travel-airfare-hotel-prices-are-not-likely-to-come-down.html,JETS,Sector Turismo/Aerolíneas,subidas recuperacion turismo global,2023-04-15,bullish,0.9355,0.0549,-1.3211,neutral,neutral,neutral,18.0224,18.191,18.0323,17.7843,ok
691,https://www.barrons.com/news/air-travel-to-soar-near-record-in-2023-industry-group-43a87c05,JETS,Sector Turismo/Aerolíneas,subidas recuperacion turismo global,2023-06-05,bullish,1.7058,5.6504,15.778,neutral,bullish,bullish,18.6076,18.925,19.659,21.5435,ok
692,https://www.cnbc.com/video/2023/06/05/aviation-recovery-is-at-about-90-percent-a-compared-to-2019-iata-director-general-says.html,JETS,Sector Turismo/Aerolíneas,subidas recuperacion turismo global,2023-06-05,bullish,1.7058,5.6504,15.778,neutral,bullish,bullish,18.6076,18.925,19.659,21.5435,ok
693,https://www.cnbc.com/2023/05/08/where-is-travel-recovering-the-fastest-two-regions-lead-the-pack.html,JETS,Sector Turismo/Aerolíneas,subidas recuperacion turismo global,2023-05-07,bullish,0.3311,-1.0488,5.298,neutral,neutral,bullish,17.9728,18.0323,17.7843,18.925,ok
694,https://www.cnbc.com/2023/03/11/inflation-and-cost-of-living-crisis-are-not-stopping-people-from-traveling.html,JETS,Sector Turismo/Aerolíneas,subidas recuperacion turismo global,2023-03-11,bullish,-0.5962,-4.9863,0.8131,neutral,bearish,neutral,18.3001,18.191,17.3876,18.4489,ok
695,https://finance.yahoo.com/news/delta-ceo-says-revenge-travel-174305003.html,JETS,Sector Turismo/Aerolíneas,subidas recuperacion turismo global,2023-06-09,bullish,1.7979,5.6499,13.919,neutral,bullish,bullish,19.3118,19.659,20.4029,21.9998,ok
696,https://finance.yahoo.com/news/hospitality-global-market-report-2023-140400860.html,JETS,Sector Turismo/Aerolíneas,subidas recuperacion turismo global,2023-04-21,bullish,-0.3834,-0.9861,1.096,neutral,neutral,neutral,18.1017,18.0323,17.9232,18.3001,ok
697,https://finance.yahoo.com/news/13-best-consumer-discretionary-stocks-183302360.html,JETS,Sector Turismo/Aerolíneas,subidas recuperacion turismo global,2023-03-20,bullish,2.339,-0.0569,4.6205,bullish,neutral,bullish,17.3876,17.7943,17.3777,18.191,ok
698,https://www.ft.com/content/72ff4cae-56b8-4b52-a403-40a131352278?syn-25a6b1a6=1,JETS,Sector Turismo/Aerolíneas,subidas recuperacion turismo global,2023-05-09,bullish,-1.0453,-1.8151,5.5556,neutral,neutral,bullish,18.0323,17.8438,17.705,19.0341,ok
699,https://finance.yahoo.com/news/alibaba-plans-unit-ipos-sales-113819808.html,JETS,Sector Turismo/Aerolíneas,subidas recuperacion turismo global,2023-05-18,bullish,-1.1254,-2.6793,10.2359,neutral,bearish,bullish,18.5084,18.3001,18.0125,20.4029,ok
700,https://www.cnbc.com/2023/03/30/stock-market-today-live-updates.html,JETS,Sector Turismo/Aerolíneas,subidas recuperacion turismo global,2023-03-30,bullish,1.8032,-0.9289,-1.2567,neutral,neutral,neutral,18.1513,18.4786,17.9827,17.9232,ok
701,https://www.expansion.com/empresas/transporte/2023/06/04/647cd331468aeb5b4a8b46e6.html,JETS,Sector Turismo/Aerolíneas,subidas recuperacion turismo global,2023-06-04,bullish,1.7058,5.6504,15.778,neutral,bullish,bullish,18.6076,18.925,19.659,21.5435,ok
702,https://www.expansion.com/economia/2023/05/13/645f4897468aebe2678b4641.html,JETS,Sector Turismo/Aerolíneas,subidas recuperacion turismo global,2023-05-13,bullish,-0.4459,2.6214,12.8276,neutral,bullish,bullish,17.7843,17.705,18.2505,20.0656,ok
703,https://www.expansion.com/empresas/transporte/2023/05/06/64564fbd468aeb31158b46a4.html,JETS,Sector Turismo/Aerolíneas,subidas recuperacion turismo global,2023-05-06,bullish,0.3311,-1.0488,5.298,neutral,neutral,bullish,17.9728,18.0323,17.7843,18.925,ok
704,https://www.expansion.com/empresas/transporte/2023/03/16/64130001468aebe24b8b4605.html,JETS,Sector Turismo/Aerolíneas,subidas recuperacion turismo global,2023-03-16,bullish,-1.9035,-2.9117,0.3918,neutral,bearish,neutral,17.7149,17.3777,17.1991,17.7843,ok
705,https://cincodias.elpais.com/companias/2023-04-20/exceltur-preve-un-verano-record-por-la-aceleracion-de-ventas-que-superan-en-un-8-los-niveles-precrisis.html,JETS,Sector Turismo/Aerolíneas,subidas recuperacion turismo global,2023-04-20,bullish,-0.4367,-3.546,1.8002,neutral,bearish,neutral,18.1811,18.1017,17.5364,18.5084,ok
706,https://www.economist.com/business/2003/04/03/business-travaillers,JETS,Sector Turismo/Aerolíneas,subidas recuperacion post sars 11s,2003-04-03,bullish,,,,,,,,,,,pre_inception
707,https://www.economist.com/finance-and-economics/2003/04/10/epidemics-and-economics,JETS,Sector Turismo/Aerolíneas,subidas recuperacion post sars 11s,2003-04-10,bullish,,,,,,,,,,,pre_inception
708,https://www.economist.com/emerging-market-indicators/2003/10/23/overview,JETS,Sector Turismo/Aerolíneas,subidas recuperacion post sars 11s,2003-10-23,bullish,,,,,,,,,,,pre_inception
709,https://www.economist.com/special-report/2003/10/02/open-skies-and-flights-of-fancy,JETS,Sector Turismo/Aerolíneas,subidas recuperacion post sars 11s,2003-10-02,bullish,,,,,,,,,,,pre_inception
710,https://www.economist.com/asia/2003/05/15/how-big-a-dent-in-the-economy,JETS,Sector Turismo/Aerolíneas,subidas recuperacion post sars 11s,2003-05-15,bullish,,,,,,,,,,,pre_inception
711,https://www.economist.com/leaders/2003/10/02/open-the-skies,JETS,Sector Turismo/Aerolíneas,subidas recuperacion post sars 11s,2003-10-02,bullish,,,,,,,,,,,pre_inception
712,https://www.economist.com/emerging-market-indicators/2003/04/10/overview,JETS,Sector Turismo/Aerolíneas,subidas recuperacion post sars 11s,2003-04-10,bullish,,,,,,,,,,,pre_inception
713,https://www.economist.com/business/2003/10/23/triple-troubles,JETS,Sector Turismo/Aerolíneas,subidas recuperacion post sars 11s,2003-10-23,bullish,,,,,,,,,,,pre_inception
714,https://www.economist.com/business/2003/07/10/the-return-of-the-deal,JETS,Sector Turismo/Aerolíneas,subidas recuperacion post sars 11s,2003-07-10,bullish,,,,,,,,,,,pre_inception
715,https://www.economist.com/special-report/2003/04/24/untouchable,JETS,Sector Turismo/Aerolíneas,subidas recuperacion post sars 11s,2003-04-24,bullish,,,,,,,,,,,pre_inception
716,https://www.economist.com/middle-east-and-africa/2003/10/30/amid-the-bombs-and-the-rubble-the-country-is-still-slowly-on-the-mend,JETS,Sector Turismo/Aerolíneas,subidas recuperacion post sars 11s,2003-10-30,bullish,,,,,,,,,,,pre_inception
717,https://www.economist.com/business/2003/09/04/spreading-their-wings,JETS,Sector Turismo/Aerolíneas,subidas recuperacion post sars 11s,2003-09-04,bullish,,,,,,,,,,,pre_inception
718,https://www.economist.com/business/2003/10/16/after-concorde,JETS,Sector Turismo/Aerolíneas,subidas recuperacion post sars 11s,2003-10-16,bullish,,,,,,,,,,,pre_inception
719,https://www.economist.com/business/2003/05/29/virgin-on-the-ridiculous,JETS,Sector Turismo/Aerolíneas,subidas recuperacion post sars 11s,2003-05-29,bullish,,,,,,,,,,,pre_inception
720,https://www.economist.com/special-report/2003/09/20/flying-on-one-engine,JETS,Sector Turismo/Aerolíneas,subidas recuperacion post sars 11s,2003-09-20,bullish,,,,,,,,,,,pre_inception
721,https://www.economist.com/the-americas/2003/04/10/china-syndrome,JETS,Sector Turismo/Aerolíneas,subidas recuperacion post sars 11s,2003-04-10,bullish,,,,,,,,,,,pre_inception
722,https://www.economist.com/finance-and-economics/2003/11/20/altogether-now,JETS,Sector Turismo/Aerolíneas,subidas recuperacion post sars 11s,2003-11-20,bullish,,,,,,,,,,,pre_inception
723,https://www.economist.com/special-report/2003/06/28/give-freedom-a-chance,JETS,Sector Turismo/Aerolíneas,subidas recuperacion post sars 11s,2003-06-28,bullish,,,,,,,,,,,pre_inception
724,https://www.economist.com/special-report/2003/11/13/time-to-get-this-show-back-on-the-road,JETS,Sector Turismo/Aerolíneas,subidas recuperacion post sars 11s,2003-11-13,bullish,,,,,,,,,,,pre_inception
725,https://www.economist.com/business/2003/10/09/goodbye-peace,JETS,Sector Turismo/Aerolíneas,subidas recuperacion post sars 11s,2003-10-09,bullish,,,,,,,,,,,pre_inception
726,https://cincodias.elpais.com/cincodias/2003/05/15/empresas/1053165541_850215.html,JETS,Sector Turismo/Aerolíneas,subidas recuperacion post sars 11s,2003-05-15,bullish,,,,,,,,,,,pre_inception
727,https://cincodias.elpais.com/cincodias/2003/06/10/mercados/1055339235_850215.html,JETS,Sector Turismo/Aerolíneas,subidas recuperacion post sars 11s,2003-06-09,bullish,,,,,,,,,,,pre_inception
728,https://cincodias.elpais.com/cincodias/2003/08/05/empresas/1060090782_850215.html,JETS,Sector Turismo/Aerolíneas,subidas recuperacion post sars 11s,2003-08-04,bullish,,,,,,,,,,,pre_inception
729,https://cincodias.elpais.com/cincodias/2003/08/01/empresas/1059745179_850215.html,JETS,Sector Turismo/Aerolíneas,subidas recuperacion post sars 11s,2003-07-31,bullish,,,,,,,,,,,pre_inception
730,https://cincodias.elpais.com/cincodias/2003/05/06/empresas/1052228384_850215.html,JETS,Sector Turismo/Aerolíneas,subidas recuperacion post sars 11s,2003-05-05,bullish,,,,,,,,,,,pre_inception
731,https://www.cnbc.com/2021/11/26/boeing-airline-stocks-tumble-as-new-covid-variant-spurs-travel-curbs.html,JETS,Sector Turismo/Aerolíneas,lateralizacion variantes covid,2021-11-26,sideways,0.0974,-1.9968,4.6417,neutral,neutral,bullish,20.2277,20.2474,19.8238,21.1666,ok
732,https://www.cnbc.com/2021/11/29/travel-surges-over-thanksgiving-to-new-pandemic-highs-omicron-poses-new-challenge.html,JETS,Sector Turismo/Aerolíneas,lateralizacion variantes covid,2021-11-29,sideways,-1.2653,3.1145,5.1281,neutral,bullish,bullish,20.2474,19.9912,20.878,21.2857,ok
733,https://www.cnbc.com/2021/07/19/airlines-stocks-tumble-amid-uptick-in-delta-variant-covid-cases.html,JETS,Sector Turismo/Aerolíneas,lateralizacion variantes covid,2021-07-19,sideways,5.0535,9.4112,4.9604,bullish,bullish,bullish,21.2524,22.3264,23.2525,22.3066,ok
734,https://www.cnbc.com/2021/08/20/travel-stocks-decelerate-as-covid-fears-grow-but-one-stock-may-endure.html,JETS,Sector Turismo/Aerolíneas,lateralizacion variantes covid,2021-08-20,sideways,3.1873,7.76,5.7278,bullish,bullish,bullish,21.3312,22.0111,22.9865,22.553,ok
735,https://finance.yahoo.com/news/omicron-variant-hits-travel-stocks-time-to-buy-172824418.html,JETS,Sector Turismo/Aerolíneas,lateralizacion variantes covid,2021-11-30,sideways,-4.485,4.485,4.8877,bearish,bullish,bullish,19.9912,19.0946,20.8878,20.9683,ok
736,https://www.cnbc.com/2021/07/07/two-travel-may-be-safe-bets-as-delta-variant-impedes-global-travel.html,JETS,Sector Turismo/Aerolíneas,lateralizacion variantes covid,2021-07-07,sideways,-1.0141,-1.9857,-6.0416,neutral,neutral,bearish,23.3215,23.085,22.8584,21.9125,ok
737,https://www.cnbc.com/2021/07/19/cruise-stocks-fall-amid-covid-concerns-court-ruling-in-florida.html,JETS,Sector Turismo/Aerolíneas,lateralizacion variantes covid,2021-07-19,sideways,5.0535,9.4112,4.9604,bullish,bullish,bullish,21.2524,22.3264,23.2525,22.3066,ok
738,https://www.cnbc.com/2021/11/29/biden-says-he-doesnt-expect-more-travel-restrictions-or-lockdowns-as-omicron-covid-variant-spreads.html,JETS,Sector Turismo/Aerolíneas,lateralizacion variantes covid,2021-11-29,sideways,-1.2653,3.1145,5.1281,neutral,bullish,bullish,20.2474,19.9912,20.878,21.2857,ok
739,https://www.barrons.com/articles/delta-variant-travel-stocks-outlook-51632409201,JETS,Sector Turismo/Aerolíneas,lateralizacion variantes covid,2021-09-23,sideways,1.547,-1.2122,-4.1807,neutral,neutral,bearish,23.5678,23.9324,23.2821,22.5825,ok
740,https://www.cnbc.com/2021/08/04/budget-carrier-frontier-says-delta-variant-drives-bookings-lower.html,JETS,Sector Turismo/Aerolíneas,lateralizacion variantes covid,2021-08-04,sideways,3.6422,5.6657,3.1927,bullish,bullish,bullish,21.9125,22.7106,23.154,22.6121,ok
741,https://www.cnbc.com/2021/07/13/the-surging-delta-variant-brings-new-uncertainty-to-the-economic-recovery-experts-warn.html,JETS,Sector Turismo/Aerolíneas,lateralizacion variantes covid,2021-07-13,sideways,-0.2579,-2.5793,-0.387,neutral,bearish,neutral,22.9175,22.8584,22.3264,22.8288,ok
742,https://www.cnbc.com/2021/07/22/europes-travel-industry-desperate-as-covid-surges.html,JETS,Sector Turismo/Aerolíneas,lateralizacion variantes covid,2021-07-22,sideways,-0.3464,1.8624,-6.5829,neutral,neutral,bearish,22.75,22.6712,23.1737,21.2524,ok
743,https://finance.yahoo.com/news/the-omicron-variant-and-the-stock-market-morning-brief-100956039.html,JETS,Sector Turismo/Aerolíneas,lateralizacion variantes covid,2021-11-29,sideways,-1.2653,3.1145,5.1281,neutral,bullish,bullish,20.2474,19.9912,20.878,21.2857,ok
744,https://www.investing.com/analysis/should-you-invest-in-travel--tourism-etfs-now-200604093,JETS,Sector Turismo/Aerolíneas,lateralizacion variantes covid,2021-10-05,sideways,-1.4243,-2.3199,-7.4888,neutral,bearish,bearish,24.2082,23.8634,23.6466,22.3953,ok
745,https://www.cnbc.com/2021/11/29/asia-markets-omicron-covid-variant-currencies-oil.html,JETS,Sector Turismo/Aerolíneas,lateralizacion variantes covid,2021-11-28,sideways,-1.2653,3.1145,5.1281,neutral,bullish,bullish,20.2474,19.9912,20.878,21.2857,ok
746,https://www.cnbc.com/2021/11/29/jim-cramers-investment-playbook-for-the-covid-omicron-variant.html,JETS,Sector Turismo/Aerolíneas,lateralizacion variantes covid,2021-11-29,sideways,-1.2653,3.1145,5.1281,neutral,bullish,bullish,20.2474,19.9912,20.878,21.2857,ok
747,https://www.barrons.com/articles/visa-mastercard-omicron-travel-51638207336,JETS,Sector Turismo/Aerolíneas,lateralizacion variantes covid,2021-11-29,sideways,-1.2653,3.1145,5.1281,neutral,bullish,bullish,20.2474,19.9912,20.878,21.2857,ok
748,https://www.cnbc.com/2021/11/29/omicron-covid-variant-could-cause-china-to-double-down-on-zero-covid.html,JETS,Sector Turismo/Aerolíneas,lateralizacion variantes covid,2021-11-29,sideways,-1.2653,3.1145,5.1281,neutral,bullish,bullish,20.2474,19.9912,20.878,21.2857,ok
749,https://finance.yahoo.com/news/omicron-variant-may-mean-stock-market-rally-is-on-hold-goldman-sachs-181414808.html,JETS,Sector Turismo/Aerolíneas,lateralizacion variantes covid,2021-11-29,sideways,-1.2653,3.1145,5.1281,neutral,bullish,bullish,20.2474,19.9912,20.878,21.2857,ok
750,https://www.cnbc.com/video/2021/07/06/trading-nation-travel-industry-makes-a-comeback-but-delta-variant-threatens-its-plans-how-to-trade-the-sector.html,JETS,Sector Turismo/Aerolíneas,lateralizacion variantes covid,2021-07-06,sideways,-1.7839,-3.4854,-5.6845,neutral,bearish,bearish,23.7451,23.3215,22.9175,22.3953,ok
751,https://cincodias.elpais.com/cincodias/2021/07/14/companias/1626262811_498233.html,JETS,Sector Turismo/Aerolíneas,lateralizacion variantes covid,2021-07-14,sideways,-0.6466,0.6895,1.2932,neutral,neutral,neutral,22.8584,22.7106,23.016,23.154,ok
752,https://www.elconfidencial.com/empresas/2021-07-14/exceltur-alerta-paron-reservas-internacional-delta_3184003/,JETS,Sector Turismo/Aerolíneas,lateralizacion variantes covid,2021-07-14,sideways,-0.6466,0.6895,1.2932,neutral,neutral,neutral,22.8584,22.7106,23.016,23.154,ok
753,https://www.elmundo.es/economia/empresas/2021/07/08/60e6056621efa0d1458b4680.html,JETS,Sector Turismo/Aerolíneas,lateralizacion variantes covid,2021-07-08,sideways,2.3474,-1.6218,-1.6218,bullish,neutral,neutral,23.085,23.6269,22.7106,22.7106,ok
754,https://www.elconfidencial.com/economia/2021-07-17/turistas-reservan-cancelan-minuto-montana-rusa_3189672/,JETS,Sector Turismo/Aerolíneas,lateralizacion variantes covid,2021-07-17,sideways,5.0535,9.4112,4.9604,bullish,bullish,bullish,21.2524,22.3264,23.2525,22.3066,ok
755,https://www.elmundo.es/economia/empresas/2021/07/15/60f05329fdddff5b348b4658.html,JETS,Sector Turismo/Aerolíneas,lateralizacion variantes covid,2021-07-15,sideways,-2.7331,0.1735,0.2171,bearish,neutral,neutral,22.7106,22.0899,22.75,22.7599,ok
756,https://www.ft.com/content/979e1340-10ac-11e5-ad5a-00144feabdc0,JETS,Sector Turismo/Aerolíneas,lateralizacion estabilidad petroleo,2015-06-12,sideways,-1.1479,0.5742,3.267,neutral,neutral,bullish,21.4048,21.1591,21.5277,22.1041,ok
757,https://www.cnbc.com/2015/05/20/slower-consumer-spending-hurts-airlines.html,JETS,Sector Turismo/Aerolíneas,lateralizacion estabilidad petroleo,2015-05-20,sideways,-0.0426,-1.1981,-3.5087,neutral,neutral,bearish,22.0852,22.0758,21.8206,21.3103,ok
758,https://www.cnbc.com/2015/05/21/airline-woes-shouldnt-trouble-the-market.html,JETS,Sector Turismo/Aerolíneas,lateralizacion estabilidad petroleo,2015-05-21,sideways,-1.0274,-1.113,-2.4828,neutral,neutral,bearish,22.0758,21.849,21.8301,21.5277,ok
759,https://www.cnbc.com/2015/01/27/asian-airlines-slash-fuel-surcharges-but-fares-likely-to-rise.html,JETS,Sector Turismo/Aerolíneas,lateralizacion estabilidad petroleo,2015-01-27,sideways,,,,,,,,,,,pre_inception
760,https://www.economist.com/free-exchange/2015/06/11/who-really-owns-the-skies,JETS,Sector Turismo/Aerolíneas,lateralizacion estabilidad petroleo,2015-06-11,sideways,1.0528,0.6067,3.0606,neutral,neutral,bullish,21.1818,21.4048,21.3103,21.8301,ok
761,https://www.cnbc.com/2015/01/08/will-vistara-transform-travel-in-india.html,JETS,Sector Turismo/Aerolíneas,lateralizacion estabilidad petroleo,2015-01-08,sideways,,,,,,,,,,,pre_inception
762,https://www.cnbc.com/2015/06/16/united-airlines-to-end-service-at-jfk-in-slot-swap-with-delta.html,JETS,Sector Turismo/Aerolíneas,lateralizacion estabilidad petroleo,2015-06-16,sideways,0.3146,4.9844,4.7596,neutral,bullish,bullish,21.0457,21.1119,22.0947,22.0474,ok
763,https://www.cnbc.com/2015/01/22/cheaper-ariline-tickets-is-folly-analyst.html,JETS,Sector Turismo/Aerolíneas,lateralizacion estabilidad petroleo,2015-01-22,sideways,,,,,,,,,,,pre_inception
764,https://www.cnbc.com/2015/05/20/cramer-bail-out-now-on-this-group.html,JETS,Sector Turismo/Aerolíneas,lateralizacion estabilidad petroleo,2015-05-20,sideways,-0.0426,-1.1981,-3.5087,neutral,neutral,bearish,22.0852,22.0758,21.8206,21.3103,ok
765,https://www.economist.com/business/2015/04/25/super-connecting-the-world,JETS,Sector Turismo/Aerolíneas,lateralizacion estabilidad petroleo,2015-04-25,sideways,,,,,,,,,,,pre_inception
766,https://www.economist.com/gulliver/2015/04/22/big-ticket-item,JETS,Sector Turismo/Aerolíneas,lateralizacion estabilidad petroleo,2015-04-22,sideways,,,,,,,,,,,pre_inception
767,https://www.economist.com/gulliver/2015/01/19/gambles-that-havent-paid-off,JETS,Sector Turismo/Aerolíneas,lateralizacion estabilidad petroleo,2015-01-19,sideways,,,,,,,,,,,pre_inception
768,https://www.cnbc.com/2015/06/09/trendless-market-showing-some-weak-spots.html,JETS,Sector Turismo/Aerolíneas,lateralizacion estabilidad petroleo,2015-06-09,sideways,0.8541,0.1347,-1.0972,neutral,neutral,neutral,21.0174,21.1969,21.0457,20.7868,ok
769,https://www.economist.com/gulliver/2015/06/17/newark-state-of-mind,JETS,Sector Turismo/Aerolíneas,lateralizacion estabilidad petroleo,2015-06-17,sideways,0.9398,3.715,5.0133,neutral,bullish,bullish,21.1119,21.3103,21.8962,22.1703,ok
770,https://www.cnbc.com/2015/01/07/private-jet-charter-cuts-member-fees-on-cheaper-fuel.html,JETS,Sector Turismo/Aerolíneas,lateralizacion estabilidad petroleo,2015-01-07,sideways,,,,,,,,,,,pre_inception
771,https://www.cnbc.com/video/2015/06/08/why-us-airlines-are-in-for-a-positive-quarter.html,JETS,Sector Turismo/Aerolíneas,lateralizacion estabilidad petroleo,2015-06-09,sideways,0.8541,0.1347,-1.0972,neutral,neutral,neutral,21.0174,21.1969,21.0457,20.7868,ok
772,https://www.cnbc.com/2015/05/01/were-an-animal-spirits-business-netjets-ceo.html,JETS,Sector Turismo/Aerolíneas,lateralizacion estabilidad petroleo,2015-05-01,sideways,-0.8446,-0.2013,-4.9058,neutral,neutral,bearish,23.5028,23.3043,23.4555,22.3498,ok
773,https://finance.yahoo.com/news/delta-air-lines-reduces-costs-220638362.html,JETS,Sector Turismo/Aerolíneas,lateralizacion estabilidad petroleo,2015-04-28,sideways,0.0,-0.7774,-4.2917,neutral,neutral,bearish,22.8583,22.8583,22.6806,21.8773,ok
774,https://www.cnbc.com/2015/06/13/airline-weakness-good-for-the-rally.html,JETS,Sector Turismo/Aerolíneas,lateralizacion estabilidad petroleo,2015-06-13,sideways,-0.5359,4.2875,4.2431,neutral,bullish,bullish,21.1591,21.0457,22.0663,22.0569,ok
775,https://www.ft.com/content/9b321b5a-a5ea-11e4-abe9-00144feab7de,JETS,Sector Turismo/Aerolíneas,lateralizacion estabilidad petroleo,2015-01-27,sideways,,,,,,,,,,,pre_inception
776,https://cincodias.elpais.com/cincodias/2015/01/19/empresas/1421690300_969525.html,JETS,Sector Turismo/Aerolíneas,lateralizacion estabilidad petroleo,2015-01-19,sideways,,,,,,,,,,,pre_inception
777,https://cincodias.elpais.com/cincodias/2015/06/12/mercados/1434132377_156194.html,JETS,Sector Turismo/Aerolíneas,lateralizacion estabilidad petroleo,2015-06-15,sideways,-0.5359,4.2875,4.2431,neutral,bullish,bullish,21.1591,21.0457,22.0663,22.0569,ok
778,https://cincodias.elpais.com/cincodias/2015/03/27/empresas/1427489254_691198.html,JETS,Sector Turismo/Aerolíneas,lateralizacion estabilidad petroleo,2015-03-30,sideways,,,,,,,,,,,pre_inception
779,https://www.elconfidencial.com/mercados/inversion/2015-03-25/accidente-de-avion-en-francia-aerolineas-velocidad-de-crucero-bolsa_734260/,JETS,Sector Turismo/Aerolíneas,lateralizacion estabilidad petroleo,2015-03-25,sideways,,,,,,,,,,,pre_inception
780,https://cincodias.elpais.com/cincodias/2015/01/23/mercados/1422041772_772266.html,JETS,Sector Turismo/Aerolíneas,lateralizacion estabilidad petroleo,2015-01-24,sideways,,,,,,,,,,,pre_inception
781,https://www.cnbc.com/2023/10/02/is-the-party-over-new-data-suggests-revenge-travel-may-be-ending-soon.html,JETS,Sector Turismo/Aerolíneas,lateralizacion espera macro tipos,2023-10-01,sideways,-2.3827,-2.6799,-10.4824,bearish,bearish,bearish,16.6536,16.2568,16.2073,14.9079,ok
782,https://www.ft.com/content/6b985bc8-c580-490d-b73a-28995e460b35,JETS,Sector Turismo/Aerolíneas,lateralizacion espera macro tipos,2023-09-29,sideways,-1.409,-1.5262,-13.4463,neutral,neutral,bearish,16.8916,16.6536,16.6338,14.6203,ok
783,https://www.cnbc.com/2023/08/03/international-travel-surges-domestic-airfares-hotel-rates-lag.html,JETS,Sector Turismo/Aerolíneas,lateralizacion espera macro tipos,2023-08-03,sideways,0.1483,0.4444,-4.9852,neutral,neutral,bearish,20.0954,20.1252,20.1847,19.0936,ok
784,https://www.cnbc.com/2023/10/18/winnebago-revenue-shows-weak-discretionary-spending.html,JETS,Sector Turismo/Aerolíneas,lateralizacion espera macro tipos,2023-10-18,sideways,-0.7752,-4.0028,7.811,neutral,bearish,bullish,15.3642,15.2451,14.7492,16.5643,ok
785,https://www.ft.com/content/ea564d48-6dfd-4c7f-b28b-c2028bbc2fe8,JETS,Sector Turismo/Aerolíneas,lateralizacion espera macro tipos,2023-08-11,sideways,0.2971,-4.7548,-8.7666,neutral,bearish,bearish,20.026,20.0855,19.0738,18.2704,ok
786,https://www.cnbc.com/2023/10/09/cruise-prices-rise-as-operators-meet-surging-travel-demand.html,JETS,Sector Turismo/Aerolíneas,lateralizacion espera macro tipos,2023-10-09,sideways,1.7134,-1.1631,-4.1006,neutral,neutral,bearish,16.2073,16.485,16.0188,15.5427,ok
787,https://www.cnbc.com/2023/08/14/retail-earnings-preview-wmt-tgt-hd-to-report-q2-results.html,JETS,Sector Turismo/Aerolíneas,lateralizacion espera macro tipos,2023-08-14,sideways,-2.1727,-4.79,-9.0867,bearish,bearish,bearish,20.0855,19.6491,19.1234,18.2604,ok
788,https://www.cnbc.com/2023/10/29/dont-blame-the-consumer-for-the-market-entering-correction-territory.html,JETS,Sector Turismo/Aerolíneas,lateralizacion espera macro tipos,2023-10-29,sideways,-0.7318,4.2581,10.9117,neutral,bullish,bullish,14.9079,14.7988,15.5427,16.5346,ok
789,https://www.cnbc.com/2023/09/06/stock-markets-rising-oil-prices-reignite-inflation-fears.html,JETS,Sector Turismo/Aerolíneas,lateralizacion espera macro tipos,2023-09-05,sideways,-1.2702,-2.541,-13.2346,neutral,bearish,bearish,18.7365,18.4985,18.2604,16.2568,ok
790,https://www.cnbc.com/2023/09/05/stock-market-today-live-updates.html,JETS,Sector Turismo/Aerolíneas,lateralizacion espera macro tipos,2023-09-05,sideways,-1.2702,-2.541,-13.2346,neutral,bearish,bearish,18.7365,18.4985,18.2604,16.2568,ok
791,https://www.cnbc.com/2023/09/20/stock-market-today-live-updates.html,JETS,Sector Turismo/Aerolíneas,lateralizacion espera macro tipos,2023-09-20,sideways,-0.9697,-3.5939,-11.637,neutral,bearish,bearish,17.3876,17.219,16.7627,15.3642,ok
792,https://www.cnbc.com/2023/08/23/stock-market-today-live-updates.html,JETS,Sector Turismo/Aerolíneas,lateralizacion espera macro tipos,2023-08-23,sideways,-1.6589,0.0517,-10.0051,neutral,neutral,bearish,19.1333,18.8159,19.1432,17.219,ok
793,https://www.cnbc.com/2023/10/19/stock-market-today-live-updates.html,JETS,Sector Turismo/Aerolíneas,lateralizacion espera macro tipos,2023-10-19,sideways,-1.5612,-2.4073,6.9616,neutral,bearish,bullish,15.2451,15.0071,14.8781,16.3064,ok
794,https://www.cnbc.com/2023/09/18/stock-futures-today-live-updates.html,JETS,Sector Turismo/Aerolíneas,lateralizacion espera macro tipos,2023-09-18,sideways,0.0571,-3.2254,-8.6019,neutral,bearish,bearish,17.5264,17.5364,16.9611,16.0188,ok
795,https://finance.yahoo.com/news/12-best-european-etfs-buy-010914929.html,JETS,Sector Turismo/Aerolíneas,lateralizacion espera macro tipos,2023-09-24,sideways,-1.4622,-1.813,-11.1697,neutral,neutral,bearish,16.9611,16.7131,16.6536,15.0666,ok
796,https://finance.yahoo.com/news/12-best-low-cost-etfs-223447342.html,JETS,Sector Turismo/Aerolíneas,lateralizacion espera macro tipos,2023-09-25,sideways,-1.4622,-1.813,-11.1697,neutral,neutral,bearish,16.9611,16.7131,16.6536,15.0666,ok
797,https://cincodias.elpais.com/companias/2023-08-23/el-turismo-britanico-y-aleman-pinchan-por-la-inflacion-y-las-olas-de-calor.html,JETS,Sector Turismo/Aerolíneas,lateralizacion espera macro tipos,2023-08-23,sideways,-1.6589,0.0517,-10.0051,neutral,neutral,bearish,19.1333,18.8159,19.1432,17.219,ok
798,https://cincodias.elpais.com/economia/2023-08-18/las-familias-prefieren-tirar-de-credito-y-endeudarse-a-no-ir-de-vacaciones.html,JETS,Sector Turismo/Aerolíneas,lateralizacion espera macro tipos,2023-08-18,sideways,0.26,-1.6641,-8.1127,neutral,neutral,bearish,19.0738,19.1234,18.7564,17.5264,ok
799,https://www.elconfidencial.com/mundo/2023-08-06/el-turismo-en-la-era-de-la-inflacion-como-pasan-las-vacaciones-los-europeos_3712666/,JETS,Sector Turismo/Aerolíneas,lateralizacion espera macro tipos,2023-08-06,sideways,0.7313,-1.2197,-7.854,neutral,neutral,bearish,20.3335,20.4822,20.0855,18.7365,ok
800,https://www.elconfidencial.com/economia/2023-08-24/turistas-precio-disparado-hoteles-acorta-vacaciones_3722808/,JETS,Sector Turismo/Aerolíneas,lateralizacion espera macro tipos,2023-08-24,sideways,-0.3162,1.4759,-9.4888,neutral,neutral,bearish,18.8159,18.7564,19.0936,17.0305,ok
801,https://www.elmundo.es/andalucia/2023/08/02/64ca44c421efa08b068b4587.html,JETS,Sector Turismo/Aerolíneas,lateralizacion espera macro tipos,2023-08-02,sideways,-2.4083,-2.0713,-7.0326,bearish,bearish,bearish,20.5913,20.0954,20.1648,19.1432,ok
802,https://www.economist.com/business/2009/03/19/in-the-line-of-fire,ITA,Sector Defensa,caidas crisis financiera,2009-03-19,bearish,-1.9156,10.2278,18.7857,neutral,bullish,bullish,13.2697,13.0155,14.6269,15.7625,ok
803,https://www.cnbc.com/2008/11/20/three-defense-stocks-thatll-rule-2009.html,ITA,Sector Defensa,caidas crisis financiera,2008-11-20,bearish,6.992,18.3545,20.4044,bullish,bullish,bullish,13.5427,14.4896,16.0284,16.306,ok
804,https://www.cnbc.com/2008/11/20/stocks-plunge-leaving-dow-below-7600.html,ITA,Sector Defensa,caidas crisis financiera,2008-11-20,bearish,6.992,18.3545,20.4044,bullish,bullish,bullish,13.5427,14.4896,16.0284,16.306,ok
805,https://www.cnbc.com/2008/11/20/sp-plunges-to-11year-low.html,ITA,Sector Defensa,caidas crisis financiera,2008-11-20,bearish,6.992,18.3545,20.4044,bullish,bullish,bullish,13.5427,14.4896,16.0284,16.306,ok
806,https://www.cnbc.com/2008/10/24/whats-behind-the-selloff-panic-is-turning-to-despair.html,ITA,Sector Defensa,caidas crisis financiera,2008-10-24,bearish,-4.9683,14.59,-6.6777,bearish,bullish,bearish,15.5264,14.755,17.7917,14.4896,ok
807,https://www.cnbc.com/2008/10/16/asian-stocks-plummet-on-recession-fears.html,ITA,Sector Defensa,caidas crisis financiera,2008-10-16,bearish,-0.9879,-5.2544,-4.6515,neutral,bearish,bearish,16.9345,16.7672,16.0447,16.1468,ok
808,https://www.cnbc.com/2008/10/10/bloodbath-in-asia-as-markets-freefall.html,ITA,Sector Defensa,caidas crisis financiera,2008-10-10,bearish,9.9741,5.3335,4.2052,bullish,bullish,bullish,15.9182,17.5059,16.7672,16.5876,ok
809,https://www.cnbc.com/2009/03/06/dows-blue-chips-are-akin-to-penny-stocks.html,ITA,Sector Defensa,caidas crisis financiera,2009-03-06,bearish,-1.3124,7.2881,21.8938,neutral,bullish,bullish,11.8714,11.7156,12.7366,14.4705,ok
810,https://www.cnbc.com/2008/10/09/stocks-stomped-in-financial-freefall.html,ITA,Sector Defensa,caidas crisis financiera,2008-10-09,bearish,-3.0572,3.1321,-0.0743,bearish,bullish,neutral,16.4202,15.9182,16.9345,16.408,ok
811,https://www.cnbc.com/2008/12/01/dow-sheds-nearly-700-points-snapping-streak.html,ITA,Sector Defensa,caidas crisis financiera,2008-12-01,bearish,3.9048,9.0481,10.5797,bullish,bullish,bullish,14.8407,15.4202,16.1835,16.4108,ok
812,https://www.cnbc.com/2009/02/27/sp-ends-at-12year-low-as-citi-stirs-fear.html,ITA,Sector Defensa,caidas crisis financiera,2009-02-27,bearish,-6.5985,-10.7306,7.4219,bearish,bearish,bullish,13.2984,12.4209,11.8714,14.2854,ok
813,https://www.cnbc.com/2008/10/07/stocks-plunge-to-5-year-lows.html,ITA,Sector Defensa,caidas crisis financiera,2008-10-07,bearish,-2.2635,-1.8064,3.2006,bearish,neutral,bullish,17.8529,17.4488,17.5304,18.4243,ok
814,https://www.cnbc.com/2008/11/21/layoffs-once-a-boon-to-stock-prices-now-a-burden.html,ITA,Sector Defensa,caidas crisis financiera,2008-11-21,bearish,3.831,2.4231,11.4931,bullish,bullish,bullish,14.4896,15.0447,14.8407,16.1549,ok
815,https://www.cnbc.com/2009/01/29/big-layoffs-no-longer-help-boost-a-companys-stock.html,ITA,Sector Defensa,caidas crisis financiera,2009-01-29,bearish,-0.5696,-0.322,-19.668,neutral,neutral,bearish,16.5543,16.46,16.501,13.2984,ok
816,https://www.cnbc.com/2009/02/09/why-analysts-keep-telling-investors-to-buy.html,ITA,Sector Defensa,caidas crisis financiera,2009-02-09,bearish,-4.4106,-7.3021,-26.464,bearish,bearish,bearish,16.7348,15.9967,15.5128,12.3061,ok
817,https://www.ft.com/content/06b42e32-09dd-11de-add8-0000779fd2ac,ITA,Sector Defensa,caidas crisis financiera,2009-03-06,bearish,-1.3124,7.2881,21.8938,neutral,bullish,bullish,11.8714,11.7156,12.7366,14.4705,ok
818,https://www.expansion.com/2009/01/13/edicion_impresa/1231873104.html,ITA,Sector Defensa,caidas crisis financiera,2009-01-13,bearish,-2.1169,-0.0984,-4.16,bearish,neutral,bearish,16.661,16.3083,16.6446,15.9679,ok
819,https://www.expansion.com/2008/10/01/edicion_impresa/1170833.html,ITA,Sector Defensa,caidas crisis financiera,2008-10-01,bearish,-4.9411,-14.8237,-18.4897,bearish,bearish,bearish,20.4855,19.4733,17.4488,16.6978,ok
820,https://www.elmundo.es/elmundo/2009/02/28/espana/1235828878.html,ITA,Sector Defensa,caidas crisis financiera,2009-02-28,bearish,-1.5184,-5.6783,10.3736,neutral,bearish,bullish,12.4209,12.2323,11.7156,13.7094,ok
821,https://cincodias.elpais.com/cincodias/2009/02/14/economia/1234594583_850215.html,ITA,Sector Defensa,caidas crisis financiera,2009-02-13,bearish,-4.0091,-11.6975,-19.7918,bearish,bearish,bearish,16.1607,15.5128,14.2703,12.9622,ok
822,https://www.expansion.com/2009/02/13/edicion_impresa/1234555719.html,ITA,Sector Defensa,caidas crisis financiera,2009-02-13,bearish,-4.0091,-11.6975,-19.7918,bearish,bearish,bearish,16.1607,15.5128,14.2703,12.9622,ok
823,https://www.cnbc.com/2011/08/01/the-debt-ceiling-deal-extends-uncertainty-for-businesses.html,ITA,Sector Defensa,caidas riesgo fiscal eeuu,2011-08-01,bearish,-2.8384,-15.4977,-6.6723,bearish,bearish,bearish,25.8877,25.1529,21.8757,24.1604,ok
824,https://www.cnbc.com/2011/08/02/more-fiscal-warfare-on-the-horizon.html,ITA,Sector Defensa,caidas riesgo fiscal eeuu,2011-08-02,bearish,-0.0839,-8.0762,-2.9384,neutral,bearish,bearish,25.1529,25.1318,23.1215,24.4138,ok
825,https://www.cnbc.com/2011/09/30/what-stocks-are-at-risk-as-budget-cuts-loom.html,ITA,Sector Defensa,caidas riesgo fiscal eeuu,2011-09-30,bearish,-3.5776,2.1286,11.8167,bearish,bullish,bullish,23.0852,22.2593,23.5766,25.8131,ok
826,https://www.cnbc.com/2011/07/29/market-fades-as-debt-deal-proves-elusive.html,ITA,Sector Defensa,caidas riesgo fiscal eeuu,2011-07-29,bearish,-1.081,-9.456,-10.6986,neutral,bearish,bearish,26.1706,25.8877,23.6959,23.3707,ok
827,https://www.cnbc.com/2011/08/01/band-aid-deal-may-pressure-sp-to-slash-us-rating.html,ITA,Sector Defensa,caidas riesgo fiscal eeuu,2011-08-01,bearish,-2.8384,-15.4977,-6.6723,bearish,bearish,bearish,25.8877,25.1529,21.8757,24.1604,ok
828,https://www.cnbc.com/2011/07/28/if-us-defaults-stocks-fall-30-gdp-5-credit-suisse.html,ITA,Sector Defensa,caidas riesgo fiscal eeuu,2011-07-28,bearish,0.4213,-8.5561,-12.2345,neutral,bearish,bearish,26.0608,26.1706,23.831,22.8724,ok
829,https://www.cnbc.com/2011/08/08/dow-skids-600-worst-day-since-credit-crisis.html,ITA,Sector Defensa,caidas riesgo fiscal eeuu,2011-08-08,bearish,5.6954,7.4132,4.7491,bullish,bullish,bullish,21.8757,23.1216,23.4974,22.9146,ok
830,https://www.cnbc.com/2011/07/28/fed-under-fire-over-default-talks.html,ITA,Sector Defensa,caidas riesgo fiscal eeuu,2011-07-28,bearish,0.4213,-8.5561,-12.2345,neutral,bearish,bearish,26.0608,26.1706,23.831,22.8724,ok
831,https://www.cnbc.com/2011/07/23/obama-lawmakers-seek-to-salvage-us-debt-deal.html,ITA,Sector Defensa,caidas riesgo fiscal eeuu,2011-07-23,bearish,0.0,-1.129,-16.145,neutral,neutral,bearish,26.1833,26.1833,25.8877,21.956,ok
832,https://www.cnbc.com/2011/08/01/schiff-debt-deal-is-a-blank-check.html,ITA,Sector Defensa,caidas riesgo fiscal eeuu,2011-08-01,bearish,-2.8384,-15.4977,-6.6723,bearish,bearish,bearish,25.8877,25.1529,21.8757,24.1604,ok
833,https://www.cnbc.com/2011/07/29/americas-fiscal-swamp-raising-global-risks-citi.html,ITA,Sector Defensa,caidas riesgo fiscal eeuu,2011-07-29,bearish,-1.081,-9.456,-10.6986,neutral,bearish,bearish,26.1706,25.8877,23.6959,23.3707,ok
834,https://www.cnbc.com/2011/07/25/morici-heading-off-a-securities-market-panic.html,ITA,Sector Defensa,caidas riesgo fiscal eeuu,2011-07-25,bearish,0.0,-1.129,-16.145,neutral,neutral,bearish,26.1833,26.1833,25.8877,21.956,ok
835,https://www.cnbc.com/2011/07/13/us-deficit-talks-at-standstill-as-default-draws-closer.html,ITA,Sector Defensa,caidas riesgo fiscal eeuu,2011-07-13,bearish,-1.3911,-0.8813,-20.7421,neutral,neutral,bearish,27.3236,26.9435,27.0828,21.6561,ok
836,https://www.cnbc.com/2011/07/25/doug-kass-buy-dips-until-debt-deal-then-sell.html,ITA,Sector Defensa,caidas riesgo fiscal eeuu,2011-07-25,bearish,-0.8848,-4.8432,-19.2951,neutral,bearish,bearish,27.2053,26.9646,25.8877,21.956,ok
837,https://www.cnbc.com/2011/08/23/us-downgrade-is-sp-to-blame-or-congress.html,ITA,Sector Defensa,caidas riesgo fiscal eeuu,2011-08-23,bearish,2.0941,7.1349,1.0936,bullish,bullish,neutral,22.7879,23.2651,24.4138,23.0371,ok
838,https://www.cnbc.com/2011/08/08/us-pridemore-than-stockshurt-by-downgrade.html,ITA,Sector Defensa,caidas riesgo fiscal eeuu,2011-08-08,bearish,5.6949,7.4132,4.7491,bullish,bullish,bullish,21.8757,23.1215,23.4974,22.9146,ok
839,https://www.cnbc.com/id/44000901,ITA,Sector Defensa,caidas riesgo fiscal eeuu,2011-08-03,bearish,-5.1759,-13.8299,-2.3023,bearish,bearish,bearish,25.1318,23.831,21.6561,24.5532,ok
840,https://www.cnbc.com/2011/08/02/senate-passes-debtceiling-bill-averting-a-potential-default.html,ITA,Sector Defensa,caidas riesgo fiscal eeuu,2011-08-02,bearish,-0.0839,-8.0762,-2.9384,neutral,bearish,bearish,25.1529,25.1318,23.1215,24.4138,ok
841,https://www.cnbc.com/2011/08/02/us-debt-uncertainty-hits-arab-markets.html,ITA,Sector Defensa,caidas riesgo fiscal eeuu,2011-08-02,bearish,-0.0839,-8.0762,-2.9384,neutral,bearish,bearish,25.1529,25.1318,23.1215,24.4138,ok
842,https://www.cnbc.com/id/43342652,ITA,Sector Defensa,caidas riesgo fiscal eeuu,2011-08-23,bearish,2.0941,7.1349,1.0936,bullish,bullish,neutral,22.7879,23.2651,24.4138,23.0371,ok
843,https://www.elmundo.es/america/2011/08/04/estados_unidos/1312484456.html,ITA,Sector Defensa,caidas riesgo fiscal eeuu,2011-08-04,bearish,-0.5669,-5.21,0.7977,neutral,bearish,neutral,23.831,23.6959,22.5894,24.0211,ok
844,http://www.expansion.com/2011/08/07/empresas/1312747886.html,ITA,Sector Defensa,caidas riesgo fiscal eeuu,2011-08-07,bearish,5.6949,7.4132,4.7491,bullish,bullish,bullish,21.8757,23.1215,23.4974,22.9146,ok
845,https://www.elmundo.es/america/2011/08/01/estados_unidos/1312159999.html,ITA,Sector Defensa,caidas riesgo fiscal eeuu,2011-08-01,bearish,-2.8384,-15.4977,-6.6723,bearish,bearish,bearish,25.8877,25.1529,21.8757,24.1604,ok
846,https://www.expansion.com/2011/08/08/economia/1312813050.html,ITA,Sector Defensa,caidas riesgo fiscal eeuu,2011-08-08,bearish,5.6949,7.4132,4.7491,bullish,bullish,bullish,21.8757,23.1215,23.4974,22.9146,ok
847,https://www.lavanguardia.com/economia/20110806/54197219708/s-p-degrada-la-deuda-de-ee-uu-y-dana-la-credibilidad-de-la-superpotencia.html,ITA,Sector Defensa,caidas riesgo fiscal eeuu,2011-08-06,bearish,5.6949,7.4132,4.7491,bullish,bullish,bullish,21.8757,23.1215,23.4974,22.9146,ok
848,https://www.investing.com/analysis/rollsroyce-results-could-lead-to-share-turbulence-200566697,ITA,Sector Defensa,caidas rotacion post-covid,2021-03-12,bearish,0.4737,-1.5062,0.7904,neutral,neutral,neutral,100.919,101.3971,99.399,101.7167,ok
849,https://www.cnbc.com/2021/03/12/jpmorgan-on-cyclical-defensive-and-tech-stocks-amid-inflation-expectations.html,ITA,Sector Defensa,caidas rotacion post-covid,2021-03-12,bearish,0.4737,-1.5062,0.7904,neutral,neutral,neutral,100.919,101.3971,99.399,101.7167,ok
850,https://finance.yahoo.com/news/re-opening-rotation-rocking-the-market-morning-brief-105403540.html,ITA,Sector Defensa,caidas rotacion post-covid,2021-03-04,bearish,1.1659,5.9741,8.0986,neutral,bullish,bullish,92.6589,93.7392,98.1944,100.163,ok
851,https://finance.yahoo.com/news/nasdaq-futures-firm-2-tech-115440194.html,ITA,Sector Defensa,caidas rotacion post-covid,2021-03-09,bearish,2.7392,5.387,6.8488,bullish,bullish,bullish,94.2364,96.8177,99.3129,100.6905,ok
852,https://www.cnbc.com/2021/03/08/dow-futures-rise-extending-mondays-300-point-rally.html,ITA,Sector Defensa,caidas rotacion post-covid,2021-03-08,bearish,0.1728,7.7846,7.5432,neutral,bullish,bullish,94.0738,94.2364,101.3971,101.17,ok
853,https://www.cnbc.com/2021/03/23/stock-futures-are-flat-amid-renewed-concern-about-pandemic-recovery-.html,ITA,Sector Defensa,caidas rotacion post-covid,2021-03-23,bearish,-0.1195,3.7834,4.5029,neutral,bullish,bullish,95.9572,95.8425,99.5876,100.2781,ok
854,https://www.cnbc.com/2021/02/22/jim-cramer-reveals-reopening-stocks-to-play-amid-market-rotation.html,ITA,Sector Defensa,caidas rotacion post-covid,2021-02-23,bearish,3.2419,0.3772,2.3243,bullish,neutral,bullish,93.7775,96.8177,94.1312,95.9572,ok
855,https://www.cnbc.com/2021/02/24/idex-middle-east-arms-fair-forecasters-see-10percent-drop-in-gulf-spending.html,ITA,Sector Defensa,caidas rotacion post-covid,2021-02-24,bearish,-3.8412,-2.4588,-1.0073,bearish,bearish,neutral,96.8177,93.0987,94.4371,95.8425,ok
856,https://www.cnbc.com/2021/03/12/nasdaq-trails-dow-for-fourth-straight-week-longest-streak-since-2016.html,ITA,Sector Defensa,caidas rotacion post-covid,2021-03-12,bearish,0.4736,-1.5063,0.7903,neutral,neutral,neutral,100.9191,101.3971,99.399,101.7167,ok
857,https://www.barrons.com/articles/dow-jones-industrial-average-fell-took-profits-in-value-stocks-51615930309,ITA,Sector Defensa,caidas rotacion post-covid,2021-03-16,bearish,1.858,-3.3789,2.459,neutral,bearish,bullish,99.3129,101.1581,95.9572,101.755,ok
858,https://www.cnbc.com/2021/02/22/stock-market-open-to-close-news.html,ITA,Sector Defensa,caidas rotacion post-covid,2021-02-22,bearish,0.102,0.8368,5.2352,neutral,neutral,bullish,93.6819,93.7775,94.4658,98.5863,ok
859,https://www.cnbc.com/2021/01/14/buy-any-weakness-on-defense-stocks-as-biden-wont-be-bad-for-the-industry-citi-says.html,ITA,Sector Defensa,caidas rotacion post-covid,2021-01-14,bearish,-2.026,-2.3896,1.7247,bearish,bearish,neutral,92.0184,90.1541,89.8195,93.6054,ok
860,https://finance.yahoo.com/news/stock-market-news-live-updates-march-9-2021-122439436-231640543.html,ITA,Sector Defensa,caidas rotacion post-covid,2021-03-09,bearish,2.7392,5.387,6.8488,bullish,bullish,bullish,94.2364,96.8177,99.3129,100.6905,ok
861,https://www.cnbc.com/2021/02/08/stock-market-open-to-close-news.html,ITA,Sector Defensa,caidas rotacion post-covid,2021-02-08,bearish,0.8521,0.2567,1.2013,neutral,neutral,neutral,93.1178,93.9113,93.3568,94.2364,ok
862,https://www.cnbc.com/2021/03/22/jim-cramer-says-cyclical-stocks-are-worth-buying-after-mondays-dip.html,ITA,Sector Defensa,caidas rotacion post-covid,2021-03-22,bearish,-2.6668,0.3736,0.3736,bearish,neutral,neutral,98.5863,95.9572,98.9546,98.9546,ok
863,https://www.barrons.com/articles/tech-stocks-set-for-rebound-ahead-of-house-vote-on-stimulus-51615289074,ITA,Sector Defensa,caidas rotacion post-covid,2021-03-09,bearish,2.7392,5.387,6.8488,bullish,bullish,bullish,94.2364,96.8177,99.3129,100.6905,ok
864,https://finance.yahoo.com/news/etf-quality-exposure-aerospace-defense-180046013.html,ITA,Sector Defensa,caidas rotacion post-covid,2021-01-05,bearish,1.0227,2.2285,1.7332,neutral,bullish,neutral,88.8061,89.7143,90.7851,90.3453,ok
865,https://www.barrons.com/articles/dow-jones-industrial-average-rose-tesla-amazon-stock-roared-back-51615326776,ITA,Sector Defensa,caidas rotacion post-covid,2021-03-09,bearish,2.7392,5.387,6.8488,bullish,bullish,bullish,94.2364,96.8177,99.3129,100.6905,ok
866,https://www.investing.com/analysis/is-the-end-of-the-value-trade-near-200568926,ITA,Sector Defensa,caidas rotacion post-covid,2021-03-23,bearish,-0.1195,3.7834,4.5029,neutral,bullish,bullish,95.9572,95.8425,99.5876,100.2781,ok
867,https://www.ft.com/content/75b55c1f-217c-4202-b4e7-0449dec490c4,ITA,Sector Defensa,caidas rotacion post-covid,2021-02-11,bearish,-0.2852,0.8351,7.5059,neutral,neutral,bullish,93.8731,93.6054,94.657,100.9191,ok
868,https://www.expansion.com/mercados/2021/02/17/602c4c47468aebc17e8b45be.html,ITA,Sector Defensa,caidas rotacion post-covid,2021-02-16,bearish,0.4608,0.4506,6.3799,neutral,neutral,bullish,93.3568,93.787,93.7775,99.3129,ok
869,https://www.expansion.com/mercados/2021/03/17/60513a75e5fdea8d3c8b4658.html,ITA,Sector Defensa,caidas rotacion post-covid,2021-03-17,bearish,-1.5783,-5.2547,0.41,neutral,bearish,neutral,101.1581,99.5615,95.8425,101.5728,ok
870,https://www.expansion.com/mercados/2021/03/09/6047bc79468aeb233d8b458f.html,ITA,Sector Defensa,caidas rotacion post-covid,2021-03-09,bearish,2.7392,5.387,6.8488,bullish,bullish,bullish,94.2364,96.8177,99.3129,100.6905,ok
871,https://cincodias.elpais.com/cincodias/2021/03/17/mercados/1615964607_663189.html,ITA,Sector Defensa,caidas rotacion post-covid,2021-03-17,bearish,-1.5783,-5.2547,0.41,neutral,bearish,neutral,101.1581,99.5615,95.8425,101.5728,ok
872,https://cincodias.elpais.com/cincodias/2021/03/19/mercados/1616134882_933245.html,ITA,Sector Defensa,caidas rotacion post-covid,2021-03-19,bearish,-0.8176,-0.9681,1.5598,neutral,neutral,neutral,99.399,98.5863,98.4367,100.9494,ok
873,https://finance.yahoo.com/news/germany-jacks-up-military-spending-and-these-5-companies-could-be-big-winners-183054051.html,ITA,Sector Defensa,subidas guerra ucrania,2022-02-28,bullish,-1.0635,-4.2807,-0.2769,neutral,bearish,neutral,107.8525,106.7055,103.2357,107.5539,ok
874,https://www.barrons.com/articles/lockheed-martin-stocks-defense-51646044728,ITA,Sector Defensa,subidas guerra ucrania,2022-02-28,bullish,-1.0635,-4.2807,-0.2769,neutral,bearish,neutral,107.8525,106.7055,103.2357,107.5539,ok
875,https://www.investing.com/analysis/defense-stocks-become-growth-plays-as-war-inflation-dominate-markets-200619978,ITA,Sector Defensa,subidas guerra ucrania,2022-03-15,bullish,-0.2241,4.4707,3.4339,neutral,bullish,bullish,103.2647,103.0333,107.8814,106.8107,ok
876,https://finance.yahoo.com/news/us-offers-largest-single-aid-141602301.html,ITA,Sector Defensa,subidas guerra ucrania,2022-08-29,bullish,-1.3914,-4.0111,-11.1369,neutral,bearish,bearish,100.8522,99.4489,96.8069,89.6204,ok
877,https://www.cnbc.com/2022/04/25/nuclear-weapons-makers-russian-ukraine-war.html,ITA,Sector Defensa,subidas guerra ucrania,2022-04-25,bullish,-1.3749,-4.3943,-8.8536,neutral,bearish,bearish,103.8957,102.4672,99.3302,94.6972,ok
878,https://finance.yahoo.com/news/raytheon-rtx-wins-deal-upgrade-142302405.html,ITA,Sector Defensa,subidas guerra ucrania,2022-03-25,bullish,-1.3458,-1.1599,-4.7012,neutral,neutral,bearish,109.021,107.5538,107.7565,103.8957,ok
879,https://finance.yahoo.com/news/7-stocks-benefit-rising-geo-233509941.html,ITA,Sector Defensa,subidas guerra ucrania,2022-03-09,bullish,-0.093,-0.5767,2.0717,neutral,neutral,bullish,103.6309,103.5345,103.0333,105.7778,ok
880,https://finance.yahoo.com/news/15-largest-defense-contractors-world-195524899.html,ITA,Sector Defensa,subidas guerra ucrania,2022-10-30,bullish,0.1212,1.3618,2.6024,neutral,neutral,bullish,104.1765,104.3028,105.5952,106.8876,ok
881,https://www.cnbc.com/2022/05/10/russia-ukraine-live-updates.html,ITA,Sector Defensa,subidas guerra ucrania,2022-05-10,bullish,-1.0931,2.1154,6.2045,neutral,bullish,bullish,95.3632,94.3208,97.3805,101.28,ok
882,https://cincodias.elpais.com/cincodias/2022/02/28/mercados/1646065151_132957.html,ITA,Sector Defensa,subidas guerra ucrania,2022-03-01,bullish,0.7497,-5.1124,1.3287,neutral,bearish,neutral,106.7055,107.5055,101.2503,108.1233,ok
883,https://www.expansion.com/mercados/2022/03/10/6229da05e5fdea926f8b4635.html,ITA,Sector Defensa,subidas guerra ucrania,2022-03-10,bullish,-1.4708,1.0613,3.6398,neutral,neutral,bullish,103.5345,102.0117,104.6333,107.3029,ok
884,https://cincodias.elpais.com/cincodias/2022/03/11/mercados/1647021230_290642.html,ITA,Sector Defensa,subidas guerra ucrania,2022-03-13,bullish,1.6991,4.9834,4.602,neutral,bullish,bullish,101.5394,103.2647,106.5995,106.2122,ok
885,https://www.elmundo.es/internacional/2022/02/20/62128adb21efa0152d8b4572.html,ITA,Sector Defensa,subidas guerra ucrania,2022-02-20,bullish,0.0,8.8701,10.0698,neutral,bullish,bullish,98.0118,98.0118,106.7055,107.8814,ok
886,https://www.elmundo.es/espana/2022/06/29/62bc559dfdddff13838b4578.html,ITA,Sector Defensa,subidas guerra ucrania,2022-06-29,bullish,1.8173,1.8891,4.4662,neutral,neutral,bullish,94.2616,95.9746,96.0423,98.4715,ok
887,https://www.cnbc.com/2023/10/09/israel-hamas-war-pentagon-pushes-us-defense-titans-to-send-weapons.html,ITA,Sector Defensa,subidas oriente medio,2023-10-09,bullish,0.7174,0.561,4.0471,neutral,neutral,bullish,106.5877,107.3524,107.1857,110.9014,ok
888,https://www.cnbc.com/2023/10/10/japan-south-korea-defense-stocks-up-after-hamas-attack-airline-stocks-slide.html,ITA,Sector Defensa,subidas oriente medio,2023-10-10,bullish,0.6028,0.1462,3.1233,neutral,neutral,bullish,107.3524,107.9995,107.5093,110.7053,ok
889,https://finance.yahoo.com/news/defense-etfs-spike-middle-east-155000624.html,ITA,Sector Defensa,subidas oriente medio,2023-10-10,bullish,0.6028,0.1462,3.1233,neutral,neutral,bullish,107.3524,107.9995,107.5093,110.7053,ok
890,https://www.marketwatch.com/story/surging-aerospace-and-defense-stocks-lift-these-etfs-as-investors-monitor-israel-hamas-war-e2ffa10a,ITA,Sector Defensa,subidas oriente medio,2023-10-09,bullish,0.7174,0.561,4.0471,neutral,neutral,bullish,106.5877,107.3524,107.1857,110.9014,ok
891,https://www.cnbc.com/2024/04/22/global-military-spending-hit-an-all-time-high-in-2023-report-says.html,ITA,Sector Defensa,subidas oriente medio,2024-04-22,bullish,0.677,2.0467,6.1324,neutral,bullish,bullish,126.6724,127.53,129.265,134.4404,ok
892,https://www.barrons.com/livecoverage/stock-market-today-101023/card/aerospace-defense-etf-having-best-three-days-since-last-year-OiMd5R4kVoxYRM9xcGGB,ITA,Sector Defensa,subidas oriente medio,2023-10-10,bullish,0.6028,0.1462,3.1233,neutral,neutral,bullish,107.3524,107.9995,107.5093,110.7053,ok
893,https://www.investing.com/analysis/defense-stocks-poised-to-gain-as-geopolitical-tensions-keep-rising-time-to-buy-200643623,ITA,Sector Defensa,subidas oriente medio,2023-11-15,bullish,-0.4304,1.5409,7.4718,neutral,neutral,bullish,113.8916,113.4014,115.6465,122.4014,ok
894,https://www.investing.com/analysis/time-to-consider-defense-stocks-amid-rising-military-spending-200647501,ITA,Sector Defensa,subidas oriente medio,2024-04-09,bullish,-0.3547,-1.5576,2.8995,neutral,neutral,bullish,127.8356,127.3822,125.8444,131.5422,ok
895,https://www.cnbc.com/2023/11/12/growing-geopolitical-conflicts-have-some-investors-feeling-guilty-about-buying-defense-stocks.html,ITA,Sector Defensa,subidas oriente medio,2023-11-12,bullish,0.772,1.5006,7.3641,neutral,neutral,bullish,113.0288,113.9014,114.7249,121.3523,ok
896,https://www.cnbc.com/2023/11/21/geopolitical-instability-and-a-packed-election-calendar-have-strategists-wary-of-2024.html,ITA,Sector Defensa,subidas oriente medio,2023-11-21,bullish,0.6828,0.5462,7.9379,neutral,neutral,bullish,114.8622,115.6465,115.4896,123.9798,ok
897,https://finance.yahoo.com/news/oil-jumps-middle-east-conflict-140500487.html,ITA,Sector Defensa,subidas oriente medio,2023-10-09,bullish,0.7174,0.561,4.0471,neutral,neutral,bullish,106.5877,107.3524,107.1857,110.9014,ok
898,https://finance.yahoo.com/news/25-strongest-armies-world-2023-132645127.html,ITA,Sector Defensa,subidas oriente medio,2023-10-13,bullish,0.6165,-1.6381,4.8775,neutral,neutral,bullish,106.5289,107.1857,104.7838,111.7249,ok
899,https://www.investing.com/analysis/riskon-sentiment-persists-defying-gravity--and-logic-200647494,ITA,Sector Defensa,subidas oriente medio,2024-04-09,bullish,-0.3547,-1.5576,2.8995,neutral,neutral,bullish,127.8356,127.3822,125.8444,131.5422,ok
900,https://www.cnbc.com/2024/02/21/stock-market-today-live-updates.html,ITA,Sector Defensa,subidas oriente medio,2024-02-21,bullish,0.3665,2.0793,3.3142,neutral,bullish,bullish,123.481,123.9335,126.0486,127.5734,ok
901,https://impact.economist.com/projects/trade-in-transition/pdfs/Trade_in_Transition_Global_Report_2024.pdf,ITA,Sector Defensa,subidas oriente medio,2024-01-15,bullish,0.0168,2.6237,4.0235,neutral,bullish,bullish,117.362,117.3817,120.4412,122.0841,ok
902,https://cincodias.elpais.com/mercados-financieros/2023-10-11/la-guerra-entre-israel-y-gaza-da-alas-en-bolsa-a-la-industria-de-defensa.html,ITA,Sector Defensa,subidas oriente medio,2023-10-11,bullish,-1.2256,-0.7717,2.3602,neutral,neutral,bullish,107.9995,106.6759,107.1661,110.5485,ok
903,https://www.elconfidencial.com/mercados/the-wall-street-journal/2023-10-20/cuanto-escalara-la-guerra-en-oriente-medio_3756085/,ITA,Sector Defensa,subidas oriente medio,2023-10-20,bullish,-0.0655,0.3461,8.299,neutral,neutral,bullish,104.7838,104.7152,105.1465,113.4798,ok
904,https://www.lavanguardia.com/economia/20231011/9291695/empresas-defensa-suben-bolsa-calor-errores-israel.html,ITA,Sector Defensa,subidas oriente medio,2023-10-11,bullish,-1.2256,-0.7717,2.3602,neutral,neutral,bullish,107.9995,106.6759,107.1661,110.5485,ok
905,https://cincodias.elpais.com/mercados-financieros/2023-10-22/un-rally-bursatil-para-el-sector-de-defensa-que-amenaza-con-ser-estructural.html,ITA,Sector Defensa,subidas oriente medio,2023-10-22,bullish,1.0486,0.8519,9.559,neutral,neutral,bullish,104.7152,105.8132,105.6073,114.7249,ok
906,https://cincodias.elpais.com/mercados-financieros/2024-01-28/la-industria-armamentistica-saca-partido-en-bolsa-al-caos-geopolitico.html,ITA,Sector Defensa,subidas oriente medio,2024-01-28,bullish,-0.1391,0.7524,3.3698,neutral,neutral,bullish,120.274,120.1067,121.179,124.327,ok
907,https://www.economist.com/finance-and-economics/2003/03/27/gun-shy,ITA,Sector Defensa,subidas guerra irak,2003-03-27,bullish,,,,,,,,,,,pre_inception
908,https://www.economist.com/business/2003/03/20/cheneys-cronies,ITA,Sector Defensa,subidas guerra irak,2003-03-20,bullish,,,,,,,,,,,pre_inception
909,https://www.economist.com/finance-and-economics/2003/05/22/the-new-bull-market,ITA,Sector Defensa,subidas guerra irak,2003-05-22,bullish,,,,,,,,,,,pre_inception
910,https://www.economist.com/news/2003/03/20/the-war-begins-1,ITA,Sector Defensa,subidas guerra irak,2003-03-20,bullish,,,,,,,,,,,pre_inception
911,https://www.economist.com/unknown/2003/03/04/uncle-sam-wants-you,ITA,Sector Defensa,subidas guerra irak,2003-03-04,bullish,,,,,,,,,,,pre_inception
912,https://www.economist.com/special-report/2003/03/06/after-the-war-is-over,ITA,Sector Defensa,subidas guerra irak,2003-03-06,bullish,,,,,,,,,,,pre_inception
913,https://www.economist.com/weeklyedition/2003-04-05,ITA,Sector Defensa,subidas guerra irak,2003-04-03,bullish,,,,,,,,,,,pre_inception
914,https://www.economist.com/business/2003/04/03/its-not-easy-being-french,ITA,Sector Defensa,subidas guerra irak,2003-04-03,bullish,,,,,,,,,,,pre_inception
915,https://www.economist.com/business/2003/03/27/embedded-in-iraq,ITA,Sector Defensa,subidas guerra irak,2003-03-27,bullish,,,,,,,,,,,pre_inception
916,https://www.economist.com/news/2003/04/09/saddams-regime-crumbles,ITA,Sector Defensa,subidas guerra irak,2003-04-09,bullish,,,,,,,,,,,pre_inception
917,https://www.economist.com/leaders/2003/04/10/nemesis,ITA,Sector Defensa,subidas guerra irak,2003-04-10,bullish,,,,,,,,,,,pre_inception
918,https://www.economist.com/middle-east-and-africa/2003/04/24/ferment-of-freedom-fear-and-fantasy,ITA,Sector Defensa,subidas guerra irak,2003-04-24,bullish,,,,,,,,,,,pre_inception
919,https://www.economist.com/middle-east-and-africa/2003/05/22/making-it-legit,ITA,Sector Defensa,subidas guerra irak,2003-05-22,bullish,,,,,,,,,,,pre_inception
920,https://www.economist.com/leaders/2003/05/29/secret-weapons,ITA,Sector Defensa,subidas guerra irak,2003-05-29,bullish,,,,,,,,,,,pre_inception
921,https://cincodias.elpais.com/cincodias/2003/03/19/mercados/1048171636_850215.html,ITA,Sector Defensa,subidas guerra irak,2003-03-18,bullish,,,,,,,,,,,pre_inception
922,https://www.elmundo.es/mundodinero/2003/03/21/Noti20030321194141.html,ITA,Sector Defensa,subidas guerra irak,2003-03-21,bullish,,,,,,,,,,,pre_inception
923,https://cincodias.elpais.com/cincodias/2003/04/03/mercados/1049464037_850215.html,ITA,Sector Defensa,subidas guerra irak,2003-04-02,bullish,,,,,,,,,,,pre_inception
924,https://cincodias.elpais.com/cincodias/2003/04/03/mercados/1049464038_850215.html,ITA,Sector Defensa,subidas guerra irak,2003-04-02,bullish,,,,,,,,,,,pre_inception
925,https://cincodias.elpais.com/cincodias/2003/04/03/mercados/1049464034_850215.html,ITA,Sector Defensa,subidas guerra irak,2003-04-02,bullish,,,,,,,,,,,pre_inception
926,https://www.cnbc.com/2016/04/18/us-defense-industry-will-boom-for-many-reasons.html,ITA,Sector Defensa,lateralizacion sin conflictos mayores,2016-04-18,sideways,0.0748,-0.5156,3.3427,neutral,neutral,bullish,54.2702,54.3108,53.9904,56.0843,ok
927,https://www.investing.com/analysis/lockheed-martin-slated-to-win-$3b-f-35-deal-from-denmark-200135280,ITA,Sector Defensa,lateralizacion sin conflictos mayores,2016-06-10,sideways,-1.263,-1.4536,1.4458,neutral,neutral,neutral,56.8109,56.0934,55.9851,57.6323,ok
928,https://www.cnbc.com/2016/02/16/thales-finmeccanica-say-geopolitical-uncertainty-boosts-defense-security-spending.html,ITA,Sector Defensa,lateralizacion sin conflictos mayores,2016-02-16,sideways,1.6649,3.6026,7.2242,neutral,bullish,bullish,47.8464,48.643,49.5701,51.3029,ok
929,https://finance.yahoo.com/news/product-mix-overcome-general-dynamics-131601428.html,ITA,Sector Defensa,lateralizacion sin conflictos mayores,2016-05-16,sideways,-0.7241,,-0.0321,neutral,,neutral,56.0843,55.6782,,56.0663,ok
930,https://finance.yahoo.com/news/avascent-study-finds-western-defense-130000031.html,ITA,Sector Defensa,lateralizacion sin conflictos mayores,2016-05-19,sideways,0.9658,,1.5553,neutral,,neutral,55.1277,55.6601,,55.9851,ok
931,https://www.cnbc.com/2016/04/26/lockheed-martins-revenue-rises-157-percent.html,ITA,Sector Defensa,lateralizacion sin conflictos mayores,2016-04-26,sideways,1.4957,0.0905,1.6765,neutral,neutral,neutral,54.911,55.7323,54.9607,55.8316,ok
932,https://www.cnbc.com/2016/07/07/the-most-expensive-weapon-in-history-makes-uk-debut.html,ITA,Sector Defensa,lateralizacion sin conflictos mayores,2016-07-07,sideways,2.0166,3.0652,4.7269,bullish,bullish,bullish,56.0851,57.2161,57.8042,58.7362,ok
933,https://finance.yahoo.com/news/earnings-does-honeywell-compare-aerospace-200535356.html,ITA,Sector Defensa,lateralizacion sin conflictos mayores,2016-04-25,sideways,1.7051,2.516,2.3237,neutral,bullish,bullish,53.9904,54.911,55.3488,55.245,ok
934,https://www.cnbc.com/2016/05/26/us-durable-goods-surge-on-transportation-but-business-spending-weak.html,ITA,Sector Defensa,lateralizacion sin conflictos mayores,2016-05-26,sideways,0.1685,,-2.0108,neutral,,bearish,56.1972,56.2919,,55.0672,ok
935,https://www.ft.com/content/849666f6-cbf2-11e5-a8ef-ea66e967dd44?syn-25a6b1a6=1,ITA,Sector Defensa,lateralizacion sin conflictos mayores,2016-02-07,sideways,-0.5905,-0.3374,6.1123,neutral,neutral,bullish,48.0084,47.7249,47.8464,50.9428,ok
936,https://www.cnbc.com/2016/02/22/honeywell-united-technologies-held-merger-talks-sources.html,ITA,Sector Defensa,lateralizacion sin conflictos mayores,2016-02-23,sideways,-0.0545,2.6512,7.4089,neutral,bullish,bullish,49.5701,49.5431,50.8843,53.2427,ok
937,https://finance.yahoo.com/news/ceo-president-wesco-aircraft-holdings-232045954.html,ITA,Sector Defensa,lateralizacion sin conflictos mayores,2016-02-24,sideways,1.6533,3.1342,6.8361,neutral,bullish,bullish,49.5431,50.3622,51.0959,52.9299,ok
938,https://www.cnbc.com/2016/07/04/brexit-news-mergermarket-says-global-ma-activity-slowed-amid-uncertainties-around-referendum-us-elections.html,ITA,Sector Defensa,lateralizacion sin conflictos mayores,2016-07-05,sideways,0.5915,3.4606,4.6601,neutral,bullish,bullish,55.8227,56.1529,57.7545,58.4241,ok
939,https://www.cnbc.com/2016/07/12/why-bernie-sanders-is-backing-a-15-trillion-military-boondoggle.html,ITA,Sector Defensa,lateralizacion sin conflictos mayores,2016-07-12,sideways,-0.1254,0.6266,2.6867,neutral,neutral,bullish,57.7545,57.6821,58.1164,59.3062,ok
940,https://finance.yahoo.com/news/final-phase-of-the-oil-cycle-consolidation-oil-services-121012573.html,ITA,Sector Defensa,lateralizacion sin conflictos mayores,2016-06-14,sideways,0.0483,0.5419,2.8819,neutral,neutral,bullish,56.0663,56.0934,56.3701,57.6821,ok
941,https://www.cnbc.com/2016/06/09/us-stocks-open-lower-amid-oil-pullback-yields-in-focus.html,ITA,Sector Defensa,lateralizacion sin conflictos mayores,2016-06-09,sideways,-1.162,-2.5674,-0.457,neutral,bearish,neutral,57.4788,56.8109,56.0031,57.2161,ok
942,https://www.cnbc.com/2016/06/30/us-markets.html,ITA,Sector Defensa,lateralizacion sin conflictos mayores,2016-06-30,sideways,0.1921,1.2327,3.666,neutral,neutral,bullish,56.5194,56.628,57.2161,58.5914,ok
943,https://www.cnbc.com/2016/06/07/us-markets.html,ITA,Sector Defensa,lateralizacion sin conflictos mayores,2016-06-07,sideways,0.4976,-1.8641,-1.7125,neutral,neutral,neutral,57.1313,57.4156,56.0663,56.1529,ok
944,"https://www.investing.com/analysis/flowserve-(fls)-q2-earnings-miss-estimates,-view-narrowed-200145009",ITA,Sector Defensa,lateralizacion sin conflictos mayores,2016-07-29,sideways,0.4325,1.1814,1.2278,neutral,neutral,neutral,58.5914,58.8448,59.2836,59.3108,ok
945,"https://www.investing.com/analysis/stock-market-news-for-june-29,-2016-200138966",ITA,Sector Defensa,lateralizacion sin conflictos mayores,2016-06-29,sideways,2.3011,1.515,5.6176,bullish,neutral,bullish,55.2481,56.5194,56.0851,58.3517,ok
946,https://www.expansion.com/empresas/transporte/2016/06/06/57557354e2704e12328b4646.html,ITA,Sector Defensa,lateralizacion sin conflictos mayores,2016-06-06,sideways,0.3409,-1.482,-1.9574,neutral,neutral,neutral,56.9372,57.1313,56.0934,55.8227,ok
947,https://www.elmundo.es/internacional/2016/04/05/5703ab37e2704e6d3a8b45a6.html,ITA,Sector Defensa,lateralizacion sin conflictos mayores,2016-04-05,sideways,0.8848,1.426,4.6217,neutral,neutral,bullish,52.5328,52.9976,53.2819,54.9607,ok
948,https://www.lavanguardia.com/internacional/20160222/302348096854/eeuu-rusia-exportadores-armas-nivel-mundial.html,ITA,Sector Defensa,lateralizacion sin conflictos mayores,2016-02-22,sideways,0.0272,1.871,7.7378,neutral,neutral,bullish,49.5566,49.5701,50.4838,53.3912,ok
949,https://www.lavanguardia.com/internacional/20160427/401389686602/pacifico-rearma-china.html,ITA,Sector Defensa,lateralizacion sin conflictos mayores,2016-04-26,sideways,1.4957,0.0905,1.6765,neutral,neutral,neutral,54.911,55.7323,54.9607,55.8316,ok
950,https://www.elconfidencial.com/tecnologia/2016-06-06/tecnologia-militar-egipto-mediterraneo-guerra-marruecos_1211522/,ITA,Sector Defensa,lateralizacion sin conflictos mayores,2016-06-06,sideways,0.3409,-1.482,-1.9574,neutral,neutral,neutral,56.9372,57.1313,56.0934,55.8227,ok
951,https://finance.yahoo.com/news/harris-l3-merge-latest-defense-191059164.html,ITA,Sector Defensa,lateralizacion estabilidad presupuestaria,2018-10-15,sideways,2.2072,-1.0595,-4.1103,bullish,neutral,bearish,94.5738,96.6612,93.5718,90.6865,ok
952,https://www.cnbc.com/2018/09/19/defense-stocks-hit-all-time-highs-and-traders-see-more-gains-ahead.html,ITA,Sector Defensa,lateralizacion estabilidad presupuestaria,2018-09-19,sideways,-0.8015,-0.3773,-3.9914,neutral,neutral,bearish,99.7279,98.9286,99.3516,95.7474,ok
953,https://www.cnbc.com/2018/08/13/trump-signs-717-billion-defense-bill.html,ITA,Sector Defensa,lateralizacion estabilidad presupuestaria,2018-08-13,sideways,0.7946,2.063,3.4745,neutral,bullish,bullish,93.6109,94.3547,95.5421,96.8634,ok
954,https://www.economist.com/finance-and-economics/2018/10/19/l3-and-harris-announce-the-biggest-ever-defence-merger,ITA,Sector Defensa,lateralizacion estabilidad presupuestaria,2018-10-19,sideways,-0.1139,-4.8774,-3.6791,neutral,bearish,bearish,93.6785,93.5718,89.1094,90.232,ok
955,https://finance.yahoo.com/news/commanders-chief-women-building-america-103037181.html,ITA,Sector Defensa,lateralizacion estabilidad presupuestaria,2018-09-24,sideways,1.0154,2.0299,-5.2245,neutral,bullish,bearish,98.7299,99.7324,100.734,93.5718,ok
956,https://finance.yahoo.com/news/trump-approves-717b-defense-spending-125512195.html,ITA,Sector Defensa,lateralizacion estabilidad presupuestaria,2018-08-14,sideways,-1.2535,1.9488,3.0848,neutral,neutral,bullish,94.3547,93.172,96.1935,97.2654,ok
957,https://finance.yahoo.com/news/4-aerospace-defense-etfs-ahead-202728857.html,ITA,Sector Defensa,lateralizacion estabilidad presupuestaria,2018-10-22,sideways,-0.6891,-8.373,-6.1323,neutral,bearish,bearish,93.5718,92.927,85.737,87.8337,ok
958,https://finance.yahoo.com/news/aerospace-defense-etfs-nuked-trump-222828655.html,ITA,Sector Defensa,lateralizacion estabilidad presupuestaria,2018-06-12,sideways,-0.5289,-3.9006,-3.4548,neutral,bearish,bearish,93.2425,92.7493,89.6055,90.0212,ok
959,https://finance.yahoo.com/news/l3-technologies-harris-ink-merger-211509164.html,ITA,Sector Defensa,lateralizacion estabilidad presupuestaria,2018-10-15,sideways,2.2072,-1.0595,-4.1103,bullish,neutral,bearish,94.5738,96.6612,93.5718,90.6865,ok
960,https://www.investing.com/analysis/lockheed-martin-wins-navy-deal-to-analyze-f35-program-200322716,ITA,Sector Defensa,lateralizacion estabilidad presupuestaria,2018-06-06,sideways,0.0,-1.1689,-4.8735,neutral,neutral,bearish,93.8463,93.8463,92.7493,89.2727,ok
961,https://finance.yahoo.com/news/consolidated-precision-products-corp-invest-123000474.html,ITA,Sector Defensa,lateralizacion estabilidad presupuestaria,2018-07-05,sideways,0.207,2.5358,5.8169,neutral,bullish,bullish,89.2727,89.4575,91.5365,94.4656,ok
962,https://finance.yahoo.com/news/lockheed-martin-wins-80m-deal-123412230.html,ITA,Sector Defensa,lateralizacion estabilidad presupuestaria,2018-07-04,sideways,0.207,2.5358,5.8169,neutral,bullish,bullish,89.2727,89.4575,91.5365,94.4656,ok
963,https://finance.yahoo.com/news/could-kratos-defense-security-solutions-111800032.html,ITA,Sector Defensa,lateralizacion estabilidad presupuestaria,2018-06-27,sideways,0.5185,1.2152,7.0975,neutral,neutral,bullish,88.2009,88.6582,89.2727,94.461,ok
964,https://www.ft.com/content/57db9114-8c10-11e8-affd-da9960227309,ITA,Sector Defensa,lateralizacion estabilidad presupuestaria,2018-07-23,sideways,0.6472,-0.0747,2.9624,neutral,neutral,bullish,92.7932,93.3938,92.7239,95.5421,ok
965,https://www.cnbc.com/2018/06/13/netflix-why-att-bought-time-warner-and-comcast-and-disney-want-fox.html,ITA,Sector Defensa,lateralizacion estabilidad presupuestaria,2018-06-13,sideways,-0.7256,-2.982,-1.3076,neutral,bearish,neutral,92.7493,92.0763,89.9835,91.5365,ok
966,https://finance.yahoo.com/news/0-50-stock-could-worth-112800738.html,ITA,Sector Defensa,lateralizacion estabilidad presupuestaria,2018-08-14,sideways,-1.2535,1.9488,3.0848,neutral,neutral,bullish,94.3547,93.172,96.1935,97.2654,ok
967,https://finance.yahoo.com/news/beware-betting-against-u-concrete-144126467.html,ITA,Sector Defensa,lateralizacion estabilidad presupuestaria,2018-06-13,sideways,-0.7256,-2.982,-1.3076,neutral,bearish,neutral,92.7493,92.0763,89.9835,91.5365,ok
968,https://finance.yahoo.com/news/etf-ideas-post-election-gridlock-143539736.html,ITA,Sector Defensa,lateralizacion estabilidad presupuestaria,2018-10-17,sideways,-1.623,-6.2691,-6.4338,neutral,bearish,bearish,95.7474,94.1934,89.7449,89.5872,ok
969,https://www.cnbc.com/2018/09/27/house-poised-to-pass-tax-cut-bills-despite-unlikely-senate-vote.html,ITA,Sector Defensa,lateralizacion estabilidad presupuestaria,2018-09-27,sideways,0.5949,0.7018,-10.2115,neutral,neutral,bearish,99.8016,100.3953,100.502,89.6104,ok
970,https://www.cnbc.com/2018/10/09/21st-century-fox-exec-expect-more-media-consolidation-to-combat-tech.html,ITA,Sector Defensa,lateralizacion estabilidad presupuestaria,2018-10-09,sideways,-3.1946,-1.9619,-6.0879,bearish,neutral,bearish,98.5955,95.4458,96.6612,92.5931,ok
971,https://www.elconfidencial.com/empresas/2018-06-08/defensa-gasto-cospedal-militar-ejercito_1574420/,ITA,Sector Defensa,lateralizacion estabilidad presupuestaria,2018-06-08,sideways,-0.3805,-3.0146,-3.7237,neutral,bearish,bearish,94.4963,94.1367,91.6476,90.9775,ok
972,https://www.elmundo.es/espana/2018/07/11/5b45cb4822601dfc6f8b461a.html,ITA,Sector Defensa,lateralizacion estabilidad presupuestaria,2018-07-11,sideways,1.6833,4.2904,4.7216,neutral,bullish,bullish,90.0212,91.5365,93.8835,94.2716,ok
973,https://www.expansion.com/economia/politica/2018/07/11/5b45c1d046163f19768b45c4.html,ITA,Sector Defensa,lateralizacion estabilidad presupuestaria,2018-07-11,sideways,1.6833,4.2904,4.7216,neutral,bullish,bullish,90.0212,91.5365,93.8835,94.2716,ok
974,https://www.expansion.com/economia/2018/07/12/5b472ba822601d39738b45de.html,ITA,Sector Defensa,lateralizacion estabilidad presupuestaria,2018-07-12,sideways,0.9641,2.2914,2.8063,neutral,bullish,bullish,91.5365,92.419,93.634,94.1053,ok
975,https://www.lavanguardia.com/internacional/20180711/45825128576/cumbre-otan-donal-trump-gasto-defensa-eeuu.html,ITA,Sector Defensa,lateralizacion estabilidad presupuestaria,2018-07-10,sideways,-1.4066,2.1506,3.3851,neutral,bullish,bullish,91.3055,90.0212,93.2691,94.3963,ok
976,https://finance.yahoo.com/news/lockheed-lmt-wins-contract-support-104600258.html,ITA,Sector Defensa,lateralizacion consolidacion post-rally,2023-06-13,sideways,-1.0885,0.4665,1.555,neutral,neutral,neutral,113.25,112.0173,113.7783,115.011,ok
977,https://www.ft.com/content/370771ac-ab9f-4161-8c8d-bf5e87870b00?syn-25a6b1a6=1,ITA,Sector Defensa,lateralizacion consolidacion post-rally,2023-07-19,sideways,1.2109,0.5881,-0.7007,neutral,neutral,neutral,113.1033,114.4729,113.7685,112.3108,ok
978,https://www.marketwatch.com/data-news/raytheon-technologies-corp-stock-rises-monday-still-underperforms-market-5f210bc3-614983f0951f,ITA,Sector Defensa,lateralizacion consolidacion post-rally,2023-06-12,sideways,-0.0777,-0.5266,1.3551,neutral,neutral,neutral,113.3381,113.25,112.7413,114.874,ok
979,https://finance.yahoo.com/news/why-investors-shouldnt-surprised-kratos-104144948.html,ITA,Sector Defensa,lateralizacion consolidacion post-rally,2023-06-08,sideways,-0.3118,0.2512,1.126,neutral,neutral,neutral,112.9467,112.5945,113.2304,114.2185,ok
980,https://finance.yahoo.com/news/raytheon-rtx-wins-14-4m-130001233.html,ITA,Sector Defensa,lateralizacion consolidacion post-rally,2023-04-18,sideways,-0.3833,-2.6744,-5.3488,neutral,bearish,bearish,114.623,114.1836,111.5575,108.492,ok
981,https://finance.yahoo.com/news/stocks-rise-sp-500-enters-new-bull-market-stock-market-news-today-200316428.html,ITA,Sector Defensa,lateralizacion consolidacion post-rally,2023-06-08,sideways,-0.3118,0.2512,1.126,neutral,neutral,neutral,112.9467,112.5945,113.2304,114.2185,ok
982,https://www.cnbc.com/2023/06/07/stock-markets-troubled-economies-calm-markets.html,ITA,Sector Defensa,lateralizacion consolidacion post-rally,2023-06-07,sideways,0.0,-0.8229,0.5111,neutral,neutral,neutral,112.9467,112.9467,112.0173,113.524,ok
983,https://www.cnbc.com/2023/06/08/european-markets-live-updates-stocks-news-data-and-earnings.html,ITA,Sector Defensa,lateralizacion consolidacion post-rally,2023-06-08,sideways,-0.3118,0.2512,1.126,neutral,neutral,neutral,112.9467,112.5945,113.2304,114.2185,ok
984,https://www.cnbc.com/2023/06/08/stock-market-today-live-updates.html,ITA,Sector Defensa,lateralizacion consolidacion post-rally,2023-06-08,sideways,-0.3118,0.2512,1.126,neutral,neutral,neutral,112.9467,112.5945,113.2304,114.2185,ok
985,https://www.cnbc.com/2023/06/07/stock-market-today-live-updates.html,ITA,Sector Defensa,lateralizacion consolidacion post-rally,2023-06-07,sideways,0.0,-0.8229,0.5111,neutral,neutral,neutral,112.9467,112.9467,112.0173,113.524,ok
986,https://www.cnbc.com/2023/06/08/stock-markets-winds-of-change-are-blowing-but-the-haze-remains.html,ITA,Sector Defensa,lateralizacion consolidacion post-rally,2023-06-08,sideways,-0.3118,0.2512,1.126,neutral,neutral,neutral,112.9467,112.5945,113.2304,114.2185,ok
987,https://www.investing.com/analysis/dax-continues-to-cling-to-16000-200638894,ITA,Sector Defensa,lateralizacion consolidacion post-rally,2023-06-09,sideways,0.6604,0.6864,2.6762,neutral,neutral,bullish,112.5945,113.3381,113.3674,115.6077,ok
988,https://www.cnbc.com/2023/06/06/european-stocks-head-for-mixed-open-amid-downbeat-market-sentiment-.html,ITA,Sector Defensa,lateralizacion consolidacion post-rally,2023-06-06,sideways,0.0,0.2685,0.5544,neutral,neutral,neutral,112.9467,112.9467,113.25,113.5729,ok
989,https://www.cnbc.com/2023/06/06/stock-markets-apple-failed-to-impress.html,ITA,Sector Defensa,lateralizacion consolidacion post-rally,2023-06-06,sideways,0.0,0.2685,0.5544,neutral,neutral,neutral,112.9467,112.9467,113.25,113.5729,ok
990,https://www.cnbc.com/2023/06/12/investors-eye-chinas-neighbors-as-recovery-from-zero-covid-slows.html,ITA,Sector Defensa,lateralizacion consolidacion post-rally,2023-06-12,sideways,-0.0777,-0.5266,1.3551,neutral,neutral,neutral,113.3381,113.25,112.7413,114.874,ok
991,https://www.marketwatch.com/story/summer-doldrums-in-stocks-put-to-the-test-as-doubts-linger-on-more-fed-rate-hikes-cfaa4dc0,ITA,Sector Defensa,lateralizacion consolidacion post-rally,2023-06-18,sideways,0.9198,-0.3124,0.3211,neutral,neutral,neutral,112.7413,113.7783,112.3891,113.1033,ok
992,https://finance.yahoo.com/news/stock-market-news-today-live-updates-may-9-113522306.html,ITA,Sector Defensa,lateralizacion consolidacion post-rally,2023-05-09,sideways,-0.8272,-1.1563,,neutral,neutral,,109.7612,108.8533,108.492,,ok
993,https://www.cnbc.com/2023/05/29/stock-market-today-live-updates.html,ITA,Sector Defensa,lateralizacion consolidacion post-rally,2023-05-29,sideways,-0.7309,3.0787,5.0534,neutral,bullish,bullish,106.8617,106.0807,110.1517,112.2619,ok
994,https://www.investing.com/news/economy/retail-traders-tiptoe-back-into-us-stocks-after-3month-hiatus-3102095,ITA,Sector Defensa,lateralizacion consolidacion post-rally,2023-06-09,sideways,0.6603,0.6864,2.6762,neutral,neutral,bullish,112.5945,113.338,113.3674,115.6077,ok
995,https://www.investing.com/analysis/gold-summer-doldrums-200638904,ITA,Sector Defensa,lateralizacion consolidacion post-rally,2023-06-09,sideways,0.6603,0.6864,2.6762,neutral,neutral,bullish,112.5945,113.338,113.3674,115.6077,ok
996,https://cincodias.elpais.com/opinion/2023-06-30/los-mercados-ven-lejos-la-paz-en-europa.html,ITA,Sector Defensa,lateralizacion consolidacion post-rally,2023-06-30,sideways,0.2143,0.0685,0.8999,neutral,neutral,neutral,114.1403,114.3849,114.2185,115.1675,ok
997,https://www.expansion.com/mercados/2023/06/27/649a0c2a468aeb6d578b467d.html,ITA,Sector Defensa,lateralizacion consolidacion post-rally,2023-06-26,sideways,1.2426,3.0405,0.9694,neutral,bullish,neutral,111.0097,112.3891,114.3849,112.0858,ok
998,https://www.expansion.com/economia/financial-times/2023/06/26/6499cd18468aebd8188b45c4.html,ITA,Sector Defensa,lateralizacion consolidacion post-rally,2023-06-26,sideways,1.2426,3.0405,0.9694,neutral,bullish,neutral,111.0097,112.3891,114.3849,112.0858,ok
999,https://www.expansion.com/mercados/2023/06/16/64885317e5fdea66408b4640.html,ITA,Sector Defensa,lateralizacion consolidacion post-rally,2023-06-15,sideways,0.121,-1.8057,0.9159,neutral,neutral,neutral,113.2304,113.3674,111.1858,114.2675,ok
1000,https://www.elconfidencial.com/empresas/2023-05-17/indra-banco-santander-defensa-escribano-itp-consolidacion_3630944/,ITA,Sector Defensa,lateralizacion consolidacion post-rally,2023-05-17,sideways,0.2565,-3.574,2.604,neutral,bearish,bullish,110.3567,110.6398,106.4126,113.2304,ok
1001,https://www.cnbc.com/2014/11/28/more-than-oil-companies-suffering-opec-fallout.html,XLE,Sector Energía,caidas colapso petroleo,2014-11-28,bearish,0.3506,0.5763,1.3521,neutral,neutral,neutral,25.3005,25.3892,25.4463,25.6426,ok
1002,https://www.cnbc.com/2016/01/19/oil-prices-fall-further-on-glut-worries-us-crude-slumps-below-28.html,XLE,Sector Energía,caidas colapso petroleo,2016-01-20,bearish,3.1099,6.0264,9.9864,bullish,bullish,bullish,17.0102,17.5392,18.0353,18.7089,ok
1003,https://www.cnbc.com/2014/12/10/us-stocks.html,XLE,Sector Energía,caidas colapso petroleo,2014-12-10,bearish,-0.066,2.1336,1.808,neutral,bullish,neutral,23.9216,23.9058,24.432,24.3541,ok
1004,https://www.cnbc.com/2015/08/11/opec-just-kicked-oil-into-the-30s.html,XLE,Sector Energía,caidas colapso petroleo,2015-08-11,bearish,1.8183,-0.1009,-8.2686,neutral,neutral,bearish,22.4004,22.8077,22.3778,20.5482,ok
1005,https://www.cnbc.com/2015/12/10/us-crude-oil-holds-near-2009-lows-as-global-glut-persists.html,XLE,Sector Energía,caidas colapso petroleo,2015-12-11,bearish,0.5293,-1.8814,-8.2399,neutral,neutral,bearish,19.6871,19.7913,19.3167,18.0649,ok
1006,https://www.cnbc.com/2016/01/07/oil-at-33-how-much-lower-can-it-go.html,XLE,Sector Energía,caidas colapso petroleo,2016-01-07,bearish,-1.2854,-1.4263,-1.4794,neutral,neutral,neutral,18.6563,18.4165,18.3902,18.3803,ok
1007,https://www.ft.com/content/3f5e4914-8490-11e4-ba4f-00144feabdc0?syn-25a6b1a6=1,XLE,Sector Energía,caidas colapso petroleo,2014-12-15,bearish,0.8863,9.386,1.2248,neutral,bullish,neutral,23.2528,23.4589,25.4353,23.5376,ok
1008,https://www.cnbc.com/2016/01/11/crude-oil-continues-fall-in-asia-weighed-by-strong-usd-china-market-volatility.html,XLE,Sector Energía,caidas colapso petroleo,2016-01-12,bearish,-2.4008,-5.8384,-1.6186,bearish,bearish,neutral,18.0649,17.6312,17.0102,17.7725,ok
1009,https://www.cnbc.com/2016/01/12/global-glut-of-crude-oil-is-forcing-prices-to-the-floor.html,XLE,Sector Energía,caidas colapso petroleo,2016-01-12,bearish,-2.4008,-5.8384,-1.6186,bearish,bearish,neutral,18.0649,17.6312,17.0102,17.7725,ok
1010,https://www.cnbc.com/2015/08/19/world-drowns-in-oil-as-producers-slug-it-out-.html,XLE,Sector Energía,caidas colapso petroleo,2015-08-19,bearish,-2.2578,-9.0017,-3.0303,bearish,bearish,bearish,21.7604,21.2691,19.8016,21.101,ok
1011,https://www.cnbc.com/2016/01/05/oil-prices-edge-higher-after-dropping-to-near-11-year-lows.html,XLE,Sector Energía,caidas colapso petroleo,2016-01-06,bearish,-2.44,-7.8006,-1.5981,bearish,bearish,neutral,19.1229,18.6563,17.6312,18.8173,ok
1012,https://www.cnbc.com/2014/09/08/choking-on-oversupply-oil-could-fall-another-10-percent.html,XLE,Sector Energía,caidas colapso petroleo,2014-09-08,bearish,-0.4393,-1.4125,-7.1631,neutral,neutral,bearish,30.1376,30.0052,29.7119,27.9788,ok
1013,https://www.cnbc.com/2014/10/08/crude-climbs-towards-88-on-weaker-dollar-cushing-draw.html,XLE,Sector Energía,caidas colapso petroleo,2014-10-09,bearish,-1.404,-3.2334,2.4665,neutral,bearish,bullish,26.8599,26.4828,25.9914,27.5224,ok
1014,https://www.cnbc.com/2015/06/07/oil-prices-fall-after-opec-keeps-production-high.html,XLE,Sector Energía,caidas colapso petroleo,2015-06-08,bearish,-0.0129,-0.5956,-3.259,neutral,neutral,bearish,24.7989,24.7957,24.6512,23.9907,ok
1015,https://www.cnbc.com/2015/11/12/oil-price-collapsing-could-set-new-low.html,XLE,Sector Energía,caidas colapso petroleo,2015-11-12,bearish,-0.4075,2.0679,-8.7398,neutral,bullish,bearish,21.5725,21.4846,22.0186,19.6871,ok
1016,https://www.cnbc.com/2016/01/20/europe-under-pressure-as-oil-hits-fresh-lows.html,XLE,Sector Energía,caidas colapso petroleo,2016-01-20,bearish,3.1099,6.0264,9.9864,bullish,bullish,bullish,17.0102,17.5392,18.0353,18.7089,ok
1017,https://www.cnbc.com/2014/09/09/us-crude-climbs-towards-93-on-inventory-drawdown.html,XLE,Sector Energía,caidas colapso petroleo,2014-09-10,bearish,0.0631,-0.0845,-6.845,neutral,neutral,bearish,29.9327,29.9516,29.9074,27.8838,ok
1018,https://www.cnbc.com/2016/01/17/lifting-of-iran-sanctions-adds-to-panic-about-oil-oversupply.html,XLE,Sector Energía,caidas colapso petroleo,2016-01-18,bearish,-2.6514,3.7039,8.4242,bearish,bullish,bullish,17.4735,17.0102,18.1207,18.9455,ok
1019,https://www.cnbc.com/2015/09/08/oil-markets-remain-weak-as-oversupply-keeps-biting.html,XLE,Sector Energía,caidas colapso petroleo,2015-09-09,bearish,0.5825,2.753,7.9004,neutral,bullish,bullish,20.5482,20.6679,21.1139,22.1716,ok
1020,https://www.cnbc.com/2014/12/28/us-oil-climbs-above-55-a-barrel-on-renewed-libyan-tensions.html,XLE,Sector Energía,caidas colapso petroleo,2014-12-29,bearish,-0.7959,-6.5672,-7.1518,neutral,bearish,bearish,25.6426,25.4385,23.9586,23.8087,ok
1021,https://cincodias.elpais.com/cincodias/2016/01/15/mercados/1452880714_841551.html,XLE,Sector Energía,caidas colapso petroleo,2016-01-18,bearish,-2.6514,3.7039,8.4242,bearish,bullish,bullish,17.4735,17.0102,18.1207,18.9455,ok
1022,https://cincodias.elpais.com/cincodias/2015/12/08/mercados/1449579200_577568.html,XLE,Sector Energía,caidas colapso petroleo,2015-12-09,bearish,0.6412,-0.8173,-9.377,neutral,neutral,bearish,20.3221,20.4524,20.156,18.4165,ok
1023,https://www.expansion.com/empresas/energia/2016/01/10/56921a8722601d9c048b4604.html,XLE,Sector Energía,caidas colapso petroleo,2016-01-10,bearish,0.2369,-3.0446,-0.9849,neutral,bearish,neutral,18.0222,18.0649,17.4735,17.8447,ok
1024,https://www.elmundo.es/economia/2015/12/07/5665bbaa46163f1a558b4612.html,XLE,Sector Energía,caidas colapso petroleo,2015-12-07,bearish,-1.0283,-2.3457,-5.6437,neutral,bearish,bearish,20.2667,20.0583,19.7913,19.1229,ok
1025,https://cincodias.elpais.com/cincodias/2015/09/28/empresas/1443463301_627891.html,XLE,Sector Energía,caidas colapso petroleo,2015-09-29,bearish,2.3581,12.4603,10.0349,bullish,bullish,bullish,19.469,19.9281,21.8949,21.4227,ok
1026,https://www.cnbc.com/2020/04/20/the-oil-industry-has-never-been-in-a-crisis-quite-like-this-and-many-producers-will-not-survive.html,XLE,Sector Energía,caidas covid petroleo negativo,2020-04-20,bearish,-1.7636,7.54,18.364,neutral,bullish,bullish,12.8714,12.6444,13.8419,15.2351,ok
1027,https://www.cnbc.com/2020/04/20/oil-markets-us-crude-futures-in-focus-as-coronavirus-dents-demand.html,XLE,Sector Energía,caidas covid petroleo negativo,2020-04-20,bearish,-1.7636,7.54,18.364,neutral,bullish,bullish,12.8714,12.6444,13.8419,15.2351,ok
1028,https://www.cnbc.com/2020/04/20/coronavirus-us-oil-prices-collapse-as-storage-runs-out.html,XLE,Sector Energía,caidas covid petroleo negativo,2020-04-20,bearish,-1.7636,7.54,18.364,neutral,bullish,bullish,12.8714,12.6444,13.8419,15.2351,ok
1029,https://www.marketwatch.com/story/us-oils-may-contract-skids-about-20-at-nadir-as-crudes-woes-continue-2020-04-19,XLE,Sector Energía,caidas covid petroleo negativo,2020-04-20,bearish,-1.7636,7.54,18.364,neutral,bullish,bullish,12.8714,12.6444,13.8419,15.2351,ok
1030,https://www.cnbc.com/2020/04/25/scary-visceral-unprecedented-traders-describe-oils-wild-week-and-fall-to-negative-prices.html,XLE,Sector Energía,caidas covid petroleo negativo,2020-04-25,bearish,2.2901,4.8628,11.8177,bullish,bullish,bullish,13.8419,14.1589,14.515,15.4777,ok
1031,https://www.cnbc.com/2020/04/20/crude-oil-drops-to-historic-lows-how-to-trade-energy-stocks.html,XLE,Sector Energía,caidas covid petroleo negativo,2020-04-20,bearish,-1.7636,7.54,18.364,neutral,bullish,bullish,12.8714,12.6444,13.8419,15.2351,ok
1032,https://www.economist.com/graphic-detail/2020/04/19/american-crude-oil-has-fallen-to-less-than-nothing,XLE,Sector Energía,caidas covid petroleo negativo,2020-04-19,bearish,-1.7636,7.54,18.364,neutral,bullish,bullish,12.8714,12.6444,13.8419,15.2351,ok
1033,https://finance.yahoo.com/news/oil-goes-below-zero-whats-163704222.html,XLE,Sector Energía,caidas covid petroleo negativo,2020-04-21,bearish,3.5589,11.9776,17.1151,bullish,bullish,bullish,12.6444,13.0944,14.1589,14.8085,ok
1034,https://www.cnbc.com/2020/03/30/coronavirus-oil-crash-the-us-is-set-to-lose-top-oil-producer-title-yergin-says.html,XLE,Sector Energía,caidas covid petroleo negativo,2020-03-30,bearish,1.5375,9.7488,26.4154,neutral,bullish,bullish,11.2003,11.3725,12.2922,14.1589,ok
1035,https://www.cnbc.com/2020/04/01/coronavirus-oil-prices-could-turn-negative-as-storage-nears-capacity.html,XLE,Sector Energía,caidas covid petroleo negativo,2020-04-01,bearish,9.16,23.8958,37.5816,bullish,bullish,bullish,10.809,11.7991,13.3919,14.8712,ok
1036,https://www.cnbc.com/2020/04/20/crude-prices-plunge-to-record-lows-cramer-others-on-whats-next.html,XLE,Sector Energía,caidas covid petroleo negativo,2020-04-20,bearish,-1.7636,7.54,18.364,neutral,bullish,bullish,12.8714,12.6444,13.8419,15.2351,ok
1037,https://www.cnbc.com/2020/03/31/coronavirus-brent-and-wti-oil-prices-set-for-their-worst-ever-quarter.html,XLE,Sector Energía,caidas covid petroleo negativo,2020-03-31,bearish,-4.9549,10.3926,33.7235,bearish,bullish,bullish,11.3725,10.809,12.5544,15.2077,ok
1038,https://www.cnbc.com/2020/03/30/oil-falls-amid-saudi-arabia-russia-price-war-coronavirus-hits-demand.html,XLE,Sector Energía,caidas covid petroleo negativo,2020-03-30,bearish,1.5375,9.7488,26.4154,neutral,bullish,bullish,11.2003,11.3725,12.2922,14.1589,ok
1039,https://www.cnbc.com/2020/04/22/meltdown-in-oil-continues-as-brent-plunges-more-than-15percent.html,XLE,Sector Energía,caidas covid petroleo negativo,2020-04-22,bearish,3.2281,16.139,17.6037,bullish,bullish,bullish,13.0944,13.5171,15.2077,15.3995,ok
1040,https://finance.yahoo.com/news/stock-market-news-live-april-20-2020-222036152.html,XLE,Sector Energía,caidas covid petroleo negativo,2020-04-20,bearish,-1.7636,7.54,18.364,neutral,bullish,bullish,12.8714,12.6444,13.8419,15.2351,ok
1041,https://www.cnbc.com/2020/03/30/oil-markets-crude-demand-coronavirus-pandemic-in-focus.html,XLE,Sector Energía,caidas covid petroleo negativo,2020-03-30,bearish,1.5375,9.7488,26.4154,neutral,bullish,bullish,11.2003,11.3725,12.2922,14.1589,ok
1042,https://www.cnbc.com/2020/03/30/oil-falls-to-back-to-18-year-lows-below-20-as-global-demand-evaporates.html,XLE,Sector Energía,caidas covid petroleo negativo,2020-03-30,bearish,1.5375,9.7488,26.4154,neutral,bullish,bullish,11.2003,11.3725,12.2922,14.1589,ok
1043,https://www.cnbc.com/2020/03/09/oil-prices-what-a-price-war-means-for-the-us-saudi-arabia-and-russia.html,XLE,Sector Energía,caidas covid petroleo negativo,2020-03-09,bearish,4.7438,-18.0617,-5.3835,bullish,bearish,bearish,12.9916,13.6079,10.6451,12.2922,ok
1044,https://www.cnbc.com/2020/03/18/oil-plummets-to-near-18-year-low-on-pace-for-worst-month-ever.html,XLE,Sector Energía,caidas covid petroleo negativo,2020-03-18,bearish,6.797,22.1046,30.8451,bullish,bullish,bullish,9.1791,9.803,11.2081,12.0104,ok
1045,https://www.cnbc.com/2020/03/18/coronavirus-live-updates.html,XLE,Sector Energía,caidas covid petroleo negativo,2020-03-18,bearish,6.797,22.1046,30.8451,bullish,bullish,bullish,9.1791,9.803,11.2081,12.0104,ok
1046,https://www.elmundo.es/economia/macroeconomia/2020/04/20/5e9d8312fdddff97148b45dc.html,XLE,Sector Energía,caidas covid petroleo negativo,2020-04-20,bearish,-1.7636,7.54,18.364,neutral,bullish,bullish,12.8714,12.6444,13.8419,15.2351,ok
1047,https://cincodias.elpais.com/cincodias/2020/04/20/mercados/1587365313_479009.html,XLE,Sector Energía,caidas covid petroleo negativo,2020-04-20,bearish,-1.7636,7.54,18.364,neutral,bullish,bullish,12.8714,12.6444,13.8419,15.2351,ok
1048,https://www.lavanguardia.com/economia/20200420/48645609372/precio-petroleo-hunde-minimo-historico-caida-demanda-coronavirus.html,XLE,Sector Energía,caidas covid petroleo negativo,2020-04-20,bearish,-1.7636,7.54,18.364,neutral,bullish,bullish,12.8714,12.6444,13.8419,15.2351,ok
1049,https://cincodias.elpais.com/cincodias/2020/04/20/mercados/1587411986_722100.html,XLE,Sector Energía,caidas covid petroleo negativo,2020-04-20,bearish,-1.7636,7.54,18.364,neutral,bullish,bullish,12.8714,12.6444,13.8419,15.2351,ok
1050,https://cincodias.elpais.com/cincodias/2020/04/24/mercados/1587739869_019484.html,XLE,Sector Energía,caidas covid petroleo negativo,2020-04-24,bearish,2.1663,3.5532,11.1497,bullish,bullish,bullish,13.5484,13.8419,14.0298,15.059,ok
1051,https://www.cnbc.com/2022/07/08/oil-markets-supply-recession-inflation-economic-uncertainty.html,XLE,Sector Energía,caidas miedo recesion,2022-07-08,bearish,-0.9582,-3.3263,3.0022,neutral,bearish,bullish,30.9537,30.6571,29.9241,31.883,ok
1052,https://www.cnbc.com/2022/06/14/profit-recession-warning-as-markets-wait-for-aggressive-central-bank-moves.html,XLE,Sector Energía,caidas miedo recesion,2022-06-14,bearish,-2.2078,-11.9147,-18.9851,bearish,bearish,bearish,36.3442,35.5418,32.0139,29.4442,ok
1053,https://www.cnbc.com/2022/06/08/cramer-the-market-is-worried-that-oils-rise-may-cause-a-recession.html,XLE,Sector Energía,caidas miedo recesion,2022-06-08,bearish,0.0,-8.7101,-20.4947,neutral,bearish,bearish,38.9329,38.9329,35.5418,30.9537,ok
1054,https://finance.yahoo.com/news/graphic-global-markets-quake-central-170102957.html,XLE,Sector Energía,caidas miedo recesion,2022-06-17,bearish,5.1807,1.3966,-0.4885,bullish,neutral,neutral,31.7063,33.3489,32.1491,31.5514,ok
1055,https://www.cnbc.com/2022/06/15/fed-hikes-have-global-ramifications-heres-3-ways-the-world-could-be-hit.html,XLE,Sector Energía,caidas miedo recesion,2022-06-15,bearish,-5.6325,-13.2649,-15.8059,bearish,bearish,bearish,35.5418,33.5399,30.8272,29.9241,ok
1056,https://www.cnbc.com/2022/06/09/the-more-gasoline-rises-above-5-the-greater-risk-there-is-of-recession-.html,XLE,Sector Energía,caidas miedo recesion,2022-06-09,bearish,-1.6955,-13.852,-21.2566,neutral,bearish,bearish,38.9329,38.2728,33.5399,30.6571,ok
1057,https://www.cnbc.com/2022/06/08/oecd-slashes-gdp-prediction-on-ukraine-war-and-chinas-zero-covid-policy.html,XLE,Sector Energía,caidas miedo recesion,2022-06-08,bearish,0.0,-8.7101,-20.4947,neutral,bearish,bearish,38.9329,38.9329,35.5418,30.9537,ok
1058,https://www.cnbc.com/2022/06/01/tough-new-sanctions-on-russian-oil-could-change-the-opec-dynamic.html,XLE,Sector Energía,caidas miedo recesion,2022-06-01,bearish,-0.3159,4.1301,-18.4023,neutral,bullish,bearish,38.2339,38.1131,39.813,31.198,ok
1059,https://www.cnbc.com/2022/06/10/fed-will-raise-raise-rates-next-week-but-powell-may-matter-most.html,XLE,Sector Energía,caidas miedo recesion,2022-06-10,bearish,-5.2194,-17.1571,-21.4601,bearish,bearish,bearish,38.2728,36.2752,31.7063,30.0594,ok
1060,https://www.cnbc.com/2022/06/09/stock-market-news-open-to-close.html,XLE,Sector Energía,caidas miedo recesion,2022-06-09,bearish,-1.6955,-13.852,-21.2566,neutral,bearish,bearish,38.9329,38.2728,33.5399,30.6571,ok
1061,https://www.investing.com/analysis/us-dollar-jumps-stocks-and-bonds-slide-on-fears-of-more-aggressive-fed-200625685,XLE,Sector Energía,caidas miedo recesion,2022-06-13,bearish,0.1902,-8.0669,-17.2674,neutral,bearish,bearish,36.2752,36.3442,33.3489,30.0114,ok
1062,https://www.cnbc.com/2022/06/12/stock-market-news-open-to-close.html,XLE,Sector Energía,caidas miedo recesion,2022-06-12,bearish,0.1902,-8.0669,-17.2674,neutral,bearish,bearish,36.2752,36.3442,33.3489,30.0114,ok
1063,https://www.cnbc.com/2022/06/02/oil-prices-eu-sanctions-russia-saudi-arabia-output-opec.html,XLE,Sector Energía,caidas miedo recesion,2022-06-02,bearish,1.3245,2.151,-16.9186,neutral,bullish,bearish,38.1131,38.6179,38.9329,31.6649,ok
1064,https://www.investing.com/analysis/asia-session-regional-markets-mostly-red-on-renewed-china-lockdown-fears-oil-up-200625524,XLE,Sector Energía,caidas miedo recesion,2022-06-09,bearish,-1.6955,-13.852,-21.2566,neutral,bearish,bearish,38.9329,38.2728,33.5399,30.6571,ok
1065,https://www.cnbc.com/2022/06/13/bitcoin-btc-falls-as-market-focuses-on-celsius-issue-fed-rate-hike.html,XLE,Sector Energía,caidas miedo recesion,2022-06-13,bearish,0.1902,-8.0669,-17.2674,neutral,bearish,bearish,36.2752,36.3442,33.3489,30.0114,ok
1066,https://www.eleconomista.es/mercados-cotizaciones/noticias/11852401/07/22/Adios-al-petroleo-por-las-nubes-si-hay-recesion-Citi-apunta-a-un-colapso-de-los-precios.html,XLE,Sector Energía,caidas miedo recesion,2022-07-05,bearish,-1.7074,-1.1477,9.9282,neutral,neutral,bullish,30.4084,29.8892,30.0594,33.4274,ok
1067,https://www.eleconomista.es/mercados-cotizaciones/noticias/11912644/08/22/Llegan-las-rebajas-al-petroleo-las-casas-de-analisis-anticipan-un-crudo-mas-barato-por-China-e-Iran.html,XLE,Sector Energía,caidas miedo recesion,2022-08-21,bearish,3.606,6.027,-1.7265,bullish,bullish,neutral,34.601,35.8487,36.6864,34.0036,ok
1068,https://www.elmundo.es/economia/macroeconomia/2022/06/09/62a1d90ee4d4d895338b45e3.html,XLE,Sector Energía,caidas miedo recesion,2022-06-09,bearish,-1.6955,-13.852,-21.2566,neutral,bearish,bearish,38.9329,38.2728,33.5399,30.6571,ok
1069,https://cincodias.elpais.com/cincodias/2022/09/23/companias/1663937616_635659.html,XLE,Sector Energía,caidas miedo recesion,2022-09-23,bearish,-2.4546,2.1851,23.3401,bearish,bullish,bullish,31.0839,30.3209,31.7631,38.3389,ok
1070,https://www.eleconomista.es/mercados-cotizaciones/noticias/11955122/09/22/Por-que-las-acciones-petroleras-resisten-a-la-caida-de-los-precios-del-crudo.html,XLE,Sector Energía,caidas miedo recesion,2022-09-21,bearish,-0.3555,-4.436,11.1096,neutral,bearish,bullish,33.5052,33.3861,32.0189,37.2275,ok
1071,https://www.cnbc.com/2022/03/04/energy-etfs-jump-amid-russia-ukraine-conflict-how-to-trade-them.html,XLE,Sector Energía,subidas recuperacion guerra ucrania,2022-03-04,bullish,1.4753,2.1534,3.4122,neutral,bullish,bullish,32.1495,32.6238,32.8418,33.2465,ok
1072,https://www.cnbc.com/2022/02/24/oil-prices-jump-as-russia-launches-attack-on-ukraine.html,XLE,Sector Energía,subidas recuperacion guerra ucrania,2022-02-24,bullish,2.6374,8.9556,15.9247,bullish,bullish,bullish,28.6794,29.4358,31.2478,33.2465,ok
1073,https://www.cnbc.com/2022/02/16/putins-threats-against-ukraine-could-reinvigorate-the-us-oil-and-gas-industry-.html,XLE,Sector Energía,subidas recuperacion guerra ucrania,2022-02-16,bullish,-0.1604,-2.1435,7.8304,neutral,bearish,bullish,29.3076,29.2606,28.6794,31.6025,ok
1074,https://www.ft.com/content/c6303127-5edf-4256-9c25-effa75766002?syn-25a6b1a6=1,XLE,Sector Energía,subidas recuperacion guerra ucrania,2022-02-24,bullish,2.6374,8.9556,15.9247,bullish,bullish,bullish,28.6794,29.4358,31.2478,33.2465,ok
1075,https://www.cnbc.com/2022/06/02/oil-prices-eu-sanctions-russia-saudi-arabia-output-opec.html,XLE,Sector Energía,subidas recuperacion guerra ucrania,2022-06-02,bullish,1.3245,2.151,-16.9186,neutral,bullish,bearish,38.1131,38.6179,38.9329,31.6649,ok
1076,https://www.ft.com/content/d785632d-d9a0-45ae-ae57-7b98bb2fb8d6?syn-25a6b1a6=1,XLE,Sector Energía,subidas recuperacion guerra ucrania,2020-12-03,bullish,5.4499,7.9674,-0.1617,bullish,bullish,neutral,15.5232,16.3692,16.76,15.4981,ok
1077,https://www.investing.com/analysis/asia-session-regional-markets-mostly-red-on-renewed-china-lockdown-fears-oil-up-200625524,XLE,Sector Energía,subidas recuperacion guerra ucrania,2022-06-09,bullish,-1.6955,-13.852,-21.2566,neutral,bearish,bearish,38.9329,38.2728,33.5399,30.6571,ok
1078,https://www.ft.com/content/edef45d0-6e40-48ee-9cf3-e4ec79e0081a,XLE,Sector Energía,subidas recuperacion guerra ucrania,2020-03-23,bullish,16.0375,21.4256,37.0815,bullish,bullish,bullish,9.224,10.7033,11.2003,12.6444,ok
1079,https://www.lynalden.com/june-2022-newsletter/,XLE,Sector Energía,subidas recuperacion guerra ucrania,2022-06-20,bullish,-4.0031,-0.9943,-4.4742,bearish,neutral,bearish,33.3489,32.0139,33.0173,31.8568,ok
1080,https://cincodias.elpais.com/cincodias/2022/03/09/mercados/1646803731_586973.html,XLE,Sector Energía,subidas recuperacion guerra ucrania,2022-03-09,bullish,3.0597,-4.8954,2.6087,bullish,bearish,bullish,32.1238,33.1067,30.5512,32.9618,ok
1081,https://www.expansion.com/mercados/cronica-bolsa/2022/03/09/62284e47468aeb091b8b45f0.html,XLE,Sector Energía,subidas recuperacion guerra ucrania,2022-03-09,bullish,3.0597,-4.8954,2.6087,bullish,bearish,bullish,32.1238,33.1067,30.5512,32.9618,ok
1082,https://www.elconfidencial.com/mercados/2022-03-09/cotizacion-ibex-guerra-ucrania-subidas-europa-acercamientos-rusia_3388470/,XLE,Sector Energía,subidas recuperacion guerra ucrania,2022-03-09,bullish,3.0597,-4.8954,2.6087,bullish,bearish,bullish,32.1238,33.1067,30.5512,32.9618,ok
1083,https://www.elconfidencial.com/mercados/2022-03-11/cotizacion-ibex-subidas-semana-putin-avances-guerra-rusia-ucrania_3390172/,XLE,Sector Energía,subidas recuperacion guerra ucrania,2022-03-11,bullish,-2.9928,-3.8646,0.3654,bearish,bearish,neutral,32.8418,31.8589,31.5726,32.9618,ok
1084,https://www.expansion.com/ahorro/2022/03/25/623e4017e5fdeaf9148b45e3.html,XLE,Sector Energía,subidas recuperacion guerra ucrania,2022-03-25,bullish,-2.4762,-2.1462,-6.4381,bearish,bearish,bearish,33.9757,33.1344,33.2465,31.7883,ok
1085,https://www.cnbc.com/2008/06/09/oil-is-likely-to-hit-150-this-summer.html,XLE,Sector Energía,subidas superciclo commodities,2008-06-09,bullish,-2.4617,-1.8518,-7.8318,bearish,neutral,bearish,25.0237,24.4077,24.5603,23.0639,ok
1086,https://www.cnbc.com/2008/05/21/why-goldmans-oil-guru-predicts-a-super-spike.html,XLE,Sector Energía,subidas superciclo commodities,2008-05-21,bullish,-1.4596,-4.4133,-2.7959,neutral,bearish,bearish,25.165,24.7977,24.0544,24.4614,ok
1087,https://www.cnbc.com/2008/04/18/crude-oil-jumps-to-fresh-record-of-117-a-barrel.html,XLE,Sector Energía,subidas superciclo commodities,2008-04-18,bullish,1.1362,-0.8496,6.4122,neutral,neutral,bullish,23.6221,23.8905,23.4214,25.1368,ok
1088,https://www.cnbc.com/2008/07/03/oil-prices-settle-at-record-high-above-145.html,XLE,Sector Energía,subidas superciclo commodities,2008-07-03,bullish,-2.5088,-3.6511,-12.3792,bearish,bearish,bearish,24.0556,23.4521,23.1773,21.0777,ok
1089,https://www.cnbc.com/2008/06/06/oil-prices-jump-nearly-11-settle-at-record-13854.html,XLE,Sector Energía,subidas superciclo commodities,2008-06-06,bullish,2.9409,0.6742,-3.5242,bullish,neutral,bearish,24.3088,25.0237,24.4727,23.4521,ok
1090,https://www.cnbc.com/2008/06/24/too-few-sellers-to-cool-feverish-oil-market.html,XLE,Sector Energía,subidas superciclo commodities,2008-06-24,bullish,-0.3773,1.6006,-15.6206,neutral,neutral,bearish,24.7782,24.6847,25.1748,20.9077,ok
1091,https://www.cnbc.com/2008/06/26/oil-prices-close-at-record-13964-on-opec-warning.html,XLE,Sector Energía,subidas superciclo commodities,2008-06-26,bullish,0.879,-1.8383,-14.6604,neutral,neutral,bearish,24.5061,24.7215,24.0556,20.9134,ok
1092,https://www.cnbc.com/2008/06/07/asias-new-crude-reality.html,XLE,Sector Energía,subidas superciclo commodities,2008-06-07,bullish,-2.4617,-1.8518,-7.8318,bearish,neutral,bearish,25.0237,24.4077,24.5603,23.0639,ok
1093,https://www.cnbc.com/2008/03/10/oil-closes-at-record-high-on-us-dollar-worries.html,XLE,Sector Energía,subidas superciclo commodities,2008-03-10,bullish,5.1476,-0.9606,8.2035,bullish,neutral,bullish,20.5279,21.5846,20.3307,22.2119,ok
1094,https://www.cnbc.com/2008/04/15/oil-prices-now-fueled-by-supply-and-demand.html,XLE,Sector Energía,subidas superciclo commodities,2008-04-15,bullish,3.3877,6.1227,7.5031,bullish,bullish,bullish,22.5228,23.2858,23.9018,24.2127,ok
1095,https://www.cnbc.com/2008/05/16/oil-prices-finish-at-record-above-126-a-barrel.html,XLE,Sector Energía,subidas superciclo commodities,2008-05-16,bullish,0.6182,-3.0243,-2.2935,neutral,bearish,bearish,25.1368,25.2922,24.3766,24.5603,ok
1096,https://www.cnbc.com/2008/01/03/oil-ends-at-9918-after-hitting-100-for-2nd-day.html,XLE,Sector Energía,subidas superciclo commodities,2008-01-03,bullish,-3.6547,-4.8605,-11.3003,bearish,bearish,bearish,22.6666,21.8382,21.5649,20.1052,ok
1097,https://www.cnbc.com/2008/06/12/oil-prices-close-near-137-on-nigerian-strike-threat.html,XLE,Sector Energía,subidas superciclo commodities,2008-06-12,bullish,1.1921,1.1454,-4.1643,neutral,neutral,bearish,24.1844,24.4727,24.4614,23.1773,ok
1098,https://www.cnbc.com/2008/06/05/oil-closes-near-128-biggest-jump-since-march.html,XLE,Sector Energía,subidas superciclo commodities,2008-06-05,bullish,-1.9601,-2.4618,-2.9813,neutral,bearish,bearish,24.7948,24.3088,24.1844,24.0556,ok
1099,https://www.cnbc.com/2007/10/18/oil-surges-to-new-record-of-8947-a-barrel.html,XLE,Sector Energía,subidas superciclo commodities,2007-10-18,bullish,-4.7379,-2.9452,-9.3473,bearish,bearish,bearish,21.9508,20.9108,21.3043,19.899,ok
1100,https://www.cnbc.com/2008/03/20/commodities-latest-boom-plentiful-risk.html,XLE,Sector Energía,subidas superciclo commodities,2008-03-20,bullish,1.7511,3.6576,18.0485,neutral,bullish,bullish,20.0105,20.3609,20.7424,23.6221,ok
1101,https://www.cnbc.com/2008/06/09/see-what-people-are-saying-about-goldmans-oil-prediction.html,XLE,Sector Energía,subidas superciclo commodities,2008-06-09,bullish,-2.4617,-1.8518,-7.8318,bearish,neutral,bearish,25.0237,24.4077,24.5603,23.0639,ok
1102,https://www.cnbc.com/video/2008/04/06/commodities-supercycle.html,XLE,Sector Energía,subidas superciclo commodities,2008-04-07,bullish,1.1323,2.0074,6.3433,neutral,bullish,bullish,21.9632,22.2119,22.4041,23.3564,ok
1103,https://www.cnbc.com/2007/10/29/oil-hits-another-record-closing-at-9353-a-barrel.html,XLE,Sector Energía,subidas superciclo commodities,2007-10-29,bullish,-3.4015,-2.6901,-8.5618,bearish,bearish,bearish,21.7315,20.9923,21.1469,19.8709,ok
1104,https://www.cnbc.com/2008/06/10/oil-closes-near-131-on-strong-dollar-output-boost.html,XLE,Sector Energía,subidas superciclo commodities,2008-06-10,bullish,0.6137,2.2923,-7.3047,neutral,bullish,bearish,24.4077,24.5575,24.9672,22.6248,ok
1105,https://www.expansion.com/2008/05/30/economia-politica/economia/1129876.html,XLE,Sector Energía,subidas superciclo commodities,2008-05-30,bullish,0.5933,0.0235,1.7216,neutral,neutral,neutral,24.3031,24.4473,24.3088,24.7215,ok
1106,https://cincodias.elpais.com/cincodias/2008/05/09/economia/1210312586_850215.html,XLE,Sector Energía,subidas superciclo commodities,2008-05-08,bullish,-0.1883,1.0483,1.2837,neutral,neutral,neutral,24.0007,23.9555,24.2523,24.3088,ok
1107,https://cincodias.elpais.com/cincodias/2008/05/26/economia/1211914548_850215.html,XLE,Sector Energía,subidas superciclo commodities,2008-05-25,bullish,2.112,-1.2251,2.3119,bullish,neutral,bullish,24.2183,24.7298,23.9216,24.7782,ok
1108,http://www.elmundo.es/mundodinero/2008/06/27/economia/1214586291.html,XLE,Sector Energía,subidas superciclo commodities,2008-06-27,bullish,1.4097,-5.1348,-15.0719,neutral,bearish,bearish,24.7215,25.07,23.4521,20.9955,ok
1109,https://cincodias.elpais.com/cincodias/2008/07/01/economia/1214891785_850215.html,XLE,Sector Energía,subidas superciclo commodities,2008-06-30,bullish,0.418,-8.002,-17.2469,neutral,bearish,bearish,25.07,25.1748,23.0639,20.7462,ok
1110,https://www.cnbc.com/2024/04/15/oil-prices-could-surge-above-100-after-irans-first-attack-on-israel.html,XLE,Sector Energía,subidas tensiones oriente medio,2024-04-15,bullish,-0.8716,0.3779,-1.7325,neutral,neutral,neutral,44.3457,43.9592,44.5133,43.5774,ok
1111,https://www.cnbc.com/2023/10/09/brent-wti-prices-jump-after-hamas-attack-on-israel.html,XLE,Sector Energía,subidas tensiones oriente medio,2023-10-09,bullish,0.1243,1.8062,-3.2622,neutral,neutral,bearish,40.5336,40.584,41.2657,39.2113,ok
1112,https://www.cnbc.com/2023/11/03/strait-of-hormuz-is-in-focus-as-israel-hamas-war-threatens-to-spread.html,XLE,Sector Energía,subidas tensiones oriente medio,2023-11-03,bullish,-1.1306,-3.7723,-2.3649,neutral,bearish,bearish,39.6597,39.2113,38.1636,38.7218,ok
1113,https://finance.yahoo.com/news/oil-prices-soar-supply-concerns-044853279.html,XLE,Sector Energía,subidas tensiones oriente medio,2023-10-09,bullish,0.1243,1.8062,-3.2622,neutral,neutral,bearish,40.5336,40.584,41.2657,39.2113,ok
1114,https://www.cnbc.com/2024/04/20/why-oil-markets-shrugged-as-iran-and-israel-appeared-on-the-brink-of-war.html,XLE,Sector Energía,subidas tensiones oriente medio,2024-04-20,bullish,0.5547,0.8371,-1.3075,neutral,neutral,neutral,44.5133,44.7602,44.8859,43.9313,ok
1115,https://finance.yahoo.com/news/oil-prices-surge-as-surprise-attack-on-israel-sparks-fears-of-broader-conflict-134935071.html,XLE,Sector Energía,subidas tensiones oriente medio,2023-10-09,bullish,0.1243,1.8062,-3.2622,neutral,neutral,bearish,40.5336,40.584,41.2657,39.2113,ok
1116,https://www.cnbc.com/2024/04/16/oil-prices-fall-for-second-day-as-us-expects-limited-israel-response-to-iran-attack.html,XLE,Sector Energía,subidas tensiones oriente medio,2024-04-16,bullish,-0.2859,1.8221,-0.7416,neutral,neutral,neutral,43.9592,43.8335,44.7602,43.6332,ok
1117,https://www.cnbc.com/2023/10/08/israel-hamas-oil-experts-expect-knee-jerk-reaction-in-energy-markets.html,XLE,Sector Energía,subidas tensiones oriente medio,2023-10-08,bullish,0.1243,1.8062,-3.2622,neutral,neutral,bearish,40.5336,40.584,41.2657,39.2113,ok
1118,https://www.investing.com/analysis/the-commodities-feed-tension-builds-in-the-middle-east-200645118,XLE,Sector Energía,subidas tensiones oriente medio,2024-01-12,bullish,-2.3826,-2.673,1.8747,bearish,bearish,neutral,38.1929,37.2829,37.172,38.9089,ok
1119,https://www.cnbc.com/2024/01/16/red-sea-crisis-poses-very-real-risk-to-oil-chevron-ceo-says.html,XLE,Sector Energía,subidas tensiones oriente medio,2024-01-16,bullish,-0.8301,-0.0869,3.3082,neutral,neutral,bullish,37.2829,36.9734,37.2505,38.5163,ok
1120,https://www.cnbc.com/2024/01/09/oil-prices-steady-as-markets-debate-middle-east-crisis-and-opec-supply.html,XLE,Sector Energía,subidas tensiones oriente medio,2024-01-09,bullish,-0.9836,-2.8169,1.6877,neutral,bearish,neutral,38.0451,37.6709,36.9734,38.6872,ok
1121,https://www.investing.com/analysis/oil-brent-breaks-above-us80bbl-200645929,XLE,Sector Energía,subidas tensiones oriente medio,2024-02-09,bullish,1.1044,2.7128,6.926,neutral,bullish,bullish,38.4839,38.9089,39.5279,41.1493,ok
1122,https://finance.yahoo.com/news/oil-jumps-middle-east-conflict-140500487.html,XLE,Sector Energía,subidas tensiones oriente medio,2023-10-09,bullish,0.1243,1.8062,-3.2622,neutral,neutral,bearish,40.5336,40.584,41.2657,39.2113,ok
1123,https://www.ft.com/content/53ff038c-e399-444e-a4a6-1a72de078889?syn-25a6b1a6=1,XLE,Sector Energía,subidas tensiones oriente medio,2024-03-05,bullish,0.3108,2.4063,12.7054,neutral,bullish,bullish,40.1192,40.2439,41.0846,45.2165,ok
1124,https://www.ft.com/content/0bdb1664-36a2-4020-b035-dc921daf6995,XLE,Sector Energía,subidas tensiones oriente medio,2023-10-10,bullish,-1.2855,2.7395,-5.5243,neutral,bullish,bearish,40.584,40.0623,41.6958,38.342,ok
1125,https://cincodias.elpais.com/mercados-financieros/2024-04-12/el-miedo-a-un-ataque-inminente-de-iran-lleva-al-petroleo-a-rozar-los-maximos-que-marco-despues-del-ataque-de-hamas.html,XLE,Sector Energía,subidas tensiones oriente medio,2024-04-12,bullish,-0.9362,-1.2068,-2.3925,neutral,neutral,bearish,44.7648,44.3457,44.2246,43.6938,ok
1126,https://cincodias.elpais.com/mercados-financieros/2023-12-18/la-tension-en-el-mar-rojo-dispara-el-petroleo-y-el-gas-natural.html,XLE,Sector Energía,subidas tensiones oriente medio,2023-12-18,bullish,1.1999,1.8176,-5.0725,neutral,neutral,bearish,38.8858,39.3524,39.5926,36.9133,ok
1127,https://www.expansion.com/economia/politica/2024/01/12/65a1c22a468aeb8b228b461d.html,XLE,Sector Energía,subidas tensiones oriente medio,2024-01-12,bullish,-2.3826,-2.673,1.8747,bearish,bearish,neutral,38.1929,37.2829,37.172,38.9089,ok
1128,https://www.elconfidencial.com/mercados/el-valor-anadido/2024-04-15/petroleo-dolares-riesgo-israel-iran-crisis-energetica_3867009/,XLE,Sector Energía,subidas tensiones oriente medio,2024-04-15,bullish,-0.8716,0.3779,-1.7325,neutral,neutral,neutral,44.3457,43.9592,44.5133,43.5774,ok
1129,https://www.elmundo.es/economia/dinero-inversion/2023/10/13/65297305fc6c838d198b4577.html,XLE,Sector Energía,subidas tensiones oriente medio,2023-10-13,bullish,0.6697,0.7477,-6.8981,neutral,neutral,bearish,40.9912,41.2657,41.2977,38.1636,ok
1130,https://www.cnbc.com/2017/05/25/opec-agrees-to-extend-oil-production-cuts-for-nine-months-delegate-tells-reuters.html,XLE,Sector Energía,lateralizacion opep estabilizada,2017-05-25,sideways,0.1655,-2.1201,-2.5216,neutral,bearish,bearish,22.537,22.5743,22.0592,21.9687,ok
1131,https://www.cnbc.com/2017/05/31/oil-futures-climb-1-percent-after-us-stockpile-draw.html,XLE,Sector Energía,lateralizacion opep estabilizada,2017-06-01,sideways,-1.1538,-1.5034,-1.3909,neutral,neutral,neutral,22.3167,22.0592,21.9812,22.0063,ok
1132,https://www.cnbc.com/2017/05/24/oil-prices-rise-in-anticipation-of-extended-opec-led-production-cut.html,XLE,Sector Energía,lateralizacion opep estabilizada,2017-05-25,sideways,0.1655,-2.1201,-2.5216,neutral,bearish,bearish,22.537,22.5743,22.0592,21.9687,ok
1133,https://www.cnbc.com/2017/04/13/opec-oil-producers-brent-wti-deal-iea.html,XLE,Sector Energía,lateralizacion opep estabilizada,2017-04-13,sideways,0.2167,-2.1929,-2.2508,neutral,bearish,bearish,23.4893,23.5402,22.9742,22.9606,ok
1134,https://www.cnbc.com/2017/05/08/oil-struggles-to-rally-even-as-exporters-talk-up-output-cut-extensions.html,XLE,Sector Energía,lateralizacion opep estabilizada,2017-05-08,sideways,-0.8261,0.723,-2.67,neutral,neutral,bearish,22.9742,22.7844,23.1403,22.3608,ok
1135,https://www.cnbc.com/2017/05/10/oil-prices-rise-on-falling-us-crude-stocks-saudi-supply-cut-to-asia.html,XLE,Sector Energía,lateralizacion opep estabilizada,2017-05-11,sideways,-0.3386,-1.0443,-2.2948,neutral,neutral,bearish,23.0386,22.9606,22.798,22.5099,ok
1136,https://www.cnbc.com/2017/05/09/oil-prices-rise-in-asia-in-expectation-of-aramco-supply-cut.html,XLE,Sector Energía,lateralizacion opep estabilizada,2017-05-10,sideways,-0.2053,-1.2475,-4.7856,neutral,neutral,bearish,23.086,23.0386,22.798,21.9812,ok
1137,https://www.cnbc.com/2017/06/04/oil-subdued-as-rising-us-output-undermines-opec-effort-to-cut-supply.html,XLE,Sector Energía,lateralizacion opep estabilizada,2017-06-05,sideways,1.181,2.5765,2.1711,neutral,bullish,bullish,22.0998,22.3608,22.6692,22.5796,ok
1138,https://www.ft.com/content/4d520dd4-f88b-3d8b-af83-8420c90d77b5,XLE,Sector Energía,lateralizacion opep estabilizada,2017-05-10,sideways,-0.2053,-1.2475,-4.7856,neutral,neutral,bearish,23.086,23.0386,22.798,21.9812,ok
1139,https://www.cnbc.com/2017/05/10/the-oil-market-wants-opec-to-cut-deeper-it-probably-won-percent-u2019t-get-them.html,XLE,Sector Energía,lateralizacion opep estabilizada,2017-05-10,sideways,-0.2053,-1.2475,-4.7856,neutral,neutral,bearish,23.086,23.0386,22.798,21.9812,ok
1140,https://www.cnbc.com/2017/06/06/oil-eases-on-oversupply-but-mideast-tension-and-falling-us-stocks-support.html,XLE,Sector Energía,lateralizacion opep estabilizada,2017-06-07,sideways,-0.2921,1.7219,-0.7666,neutral,neutral,neutral,22.0456,21.9812,22.4252,21.8766,ok
1141,https://www.cnbc.com/2017/02/27/us-oil-ticks-up-for-2nd-day-on-record-opec-output-cut-compliance.html,XLE,Sector Energía,lateralizacion opep estabilizada,2017-02-28,sideways,2.0036,0.1821,-2.4586,bullish,neutral,bearish,24.0466,24.5284,24.0904,23.4554,ok
1142,https://finance.yahoo.com/news/oil-prices-rise-expectation-output-cut-extension-003652279--finance.html,XLE,Sector Energía,lateralizacion opep estabilizada,2017-05-08,sideways,-0.8261,0.723,-2.67,neutral,neutral,bearish,22.9742,22.7844,23.1403,22.3608,ok
1143,https://www.cnbc.com/2017/04/22/xle-etf-hits-post-election-low.html,XLE,Sector Energía,lateralizacion opep estabilizada,2017-04-22,sideways,0.8503,-0.7919,-0.3817,neutral,neutral,neutral,23.1098,23.3063,22.9268,23.0216,ok
1144,https://www.ft.com/content/e214fd48-e823-30c4-9517-4cf1ba8cd445,XLE,Sector Energía,lateralizacion opep estabilizada,2017-05-04,sideways,1.5845,2.5958,-1.7657,neutral,bullish,neutral,22.4557,22.8115,23.0386,22.0592,ok
1145,https://www.cnbc.com/2017/06/08/oil-prices-continue-to-slide-as-supply-overhang-prevails.html,XLE,Sector Energía,lateralizacion opep estabilizada,2017-06-09,sideways,0.7077,0.5064,-2.6464,neutral,neutral,bearish,22.5099,22.6692,22.6239,21.9142,ok
1146,https://www.investing.com/analysis/the-relationship-between-oil-and-energy-200178202,XLE,Sector Energía,lateralizacion opep estabilizada,2017-03-08,sideways,0.6606,1.608,1.2065,neutral,neutral,neutral,23.4638,23.6188,23.8411,23.7469,ok
1147,https://www.cnbc.com/2017/06/07/oil-rises-off-1-month-lows-struck-after-surprise-stock-build.html,XLE,Sector Energía,lateralizacion opep estabilizada,2017-06-08,sideways,2.4052,1.2488,-0.631,bullish,neutral,neutral,21.9812,22.5099,22.2557,21.8425,ok
1148,https://www.cnbc.com/2017/05/31/oil-prices-crushed-as-traders-bet-against-opec-russia-in-game-of-chicken.html,XLE,Sector Energía,lateralizacion opep estabilizada,2017-05-31,sideways,0.6263,-0.5961,-0.7733,neutral,neutral,neutral,22.1778,22.3167,22.0456,22.0063,ok
1149,https://www.cnbc.com/2017/06/13/oil-prices-fall-on-opec-output-increase-rising-us-crude-stocks.html,XLE,Sector Energía,lateralizacion opep estabilizada,2017-06-14,sideways,-0.7558,-2.6287,-1.0769,neutral,bearish,neutral,22.4252,22.2557,21.8357,22.1837,ok
1150,https://cincodias.elpais.com/cincodias/2017/05/15/companias/1494858704_352242.html,XLE,Sector Energía,lateralizacion opep estabilizada,2017-05-16,sideways,-0.9859,0.2211,-2.605,neutral,neutral,bearish,23.025,22.798,23.0759,22.4252,ok
1151,https://www.expansion.com/opinion/2017/06/07/5937fd90268e3e4f618b4618.html,XLE,Sector Energía,lateralizacion opep estabilizada,2017-06-07,sideways,-0.2921,1.7219,-0.7666,neutral,neutral,neutral,22.0456,21.9812,22.4252,21.8766,ok
1152,https://cincodias.elpais.com/cincodias/2017/05/25/mercados/1495717545_209122.html,XLE,Sector Energía,lateralizacion opep estabilizada,2017-05-25,sideways,0.1655,-2.1201,-2.5216,neutral,bearish,bearish,22.537,22.5743,22.0592,21.9687,ok
1153,https://cincodias.elpais.com/cincodias/2017/05/23/mercados/1495565589_838673.html,XLE,Sector Energía,lateralizacion opep estabilizada,2017-05-25,sideways,0.1655,-2.1201,-2.5216,neutral,bearish,bearish,22.537,22.5743,22.0592,21.9687,ok
1154,https://cincodias.elpais.com/cincodias/2017/06/21/mercados/1498074060_263797.html,XLE,Sector Energía,lateralizacion opep estabilizada,2017-06-22,sideways,0.6723,1.0636,1.8142,neutral,neutral,neutral,21.822,21.9687,22.0541,22.2179,ok
1155,https://www.cnbc.com/2019/06/28/cnbc-oil-survey-oil-to-trade-in-current-range-or-higher-this-summer.html,XLE,Sector Energía,lateralizacion petroleo estable,2019-06-28,sideways,0.0942,-0.8318,-2.3699,neutral,neutral,bearish,23.2375,23.2594,23.0442,22.6868,ok
1156,https://www.cnbc.com/2019/06/12/oil-market-opec-supply-cuts-us-crude-inventories-in-focus.html,XLE,Sector Energía,lateralizacion petroleo estable,2019-06-12,sideways,1.1696,2.6359,6.6816,neutral,bullish,bullish,21.9394,22.196,22.5177,23.4053,ok
1157,https://www.cnbc.com/2019/06/18/oil-market-middle-east-tensions-us-china-trade-war-in-focus.html,XLE,Sector Energía,lateralizacion petroleo estable,2019-06-18,sideways,-0.1122,1.1068,1.0584,neutral,neutral,neutral,22.543,22.5177,22.7925,22.7816,ok
1158,https://www.cnbc.com/2019/07/03/opec-alliance-struggling-in-an-era-of-abundant-supply.html,XLE,Sector Energía,lateralizacion petroleo estable,2019-07-03,sideways,0.1432,1.8574,-2.7299,neutral,neutral,bearish,22.9785,23.0114,23.4053,22.3512,ok
1159,https://www.cnbc.com/2019/06/19/oil-market-middle-east-tensions-us-china-trade-in-focus.html,XLE,Sector Energía,lateralizacion petroleo estable,2019-06-19,sideways,2.2151,2.7756,1.188,bullish,bullish,neutral,22.5177,23.0165,23.1427,22.7852,ok
1160,https://www.cnbc.com/2019/07/04/oil-jp-morgan-says-opecs-free-pass-for-us-shale-will-be-short-lived.html,XLE,Sector Energía,lateralizacion petroleo estable,2019-07-04,sideways,0.1425,2.1398,-4.264,neutral,bullish,bearish,23.0114,23.0442,23.5038,22.0302,ok
1161,https://www.cnbc.com/2019/06/27/opec-may-have-less-influence-on-oil-prices-than-g-20-but-there-is-one-big-wild-card.html,XLE,Sector Energía,lateralizacion petroleo estable,2019-06-27,sideways,1.1593,0.175,-0.8415,neutral,neutral,neutral,22.9712,23.2375,23.0114,22.7779,ok
1162,https://www.cnbc.com/2019/07/09/oil-markets-trade-global-economy-in-focus.html,XLE,Sector Energía,lateralizacion petroleo estable,2019-07-09,sideways,1.2813,-0.0789,-7.4329,neutral,neutral,bearish,23.0624,23.3579,23.0442,21.3482,ok
1163,https://www.cnbc.com/2019/06/13/oil-market-us-crude-stockpiles-opec-supply-cuts-in-focus.html,XLE,Sector Energía,lateralizacion petroleo estable,2019-06-13,sideways,-0.6515,3.6966,5.8921,neutral,bullish,bullish,22.196,22.0514,23.0165,23.5038,ok
1164,https://www.cnbc.com/2019/06/14/oil-market-middle-east-tanker-attacks-us-iran-tensions-in-focus.html,XLE,Sector Energía,lateralizacion petroleo estable,2019-06-14,sideways,0.8362,5.1307,5.6269,neutral,bullish,bullish,22.0514,22.2358,23.1828,23.2922,ok
1165,https://www.cnbc.com/2019/06/13/tanker-attacks-reignite-oil-fear-premium-prices-could-spike-to-80.html,XLE,Sector Energía,lateralizacion petroleo estable,2019-06-13,sideways,-0.6515,3.6966,5.8921,neutral,bullish,bullish,22.196,22.0514,23.0165,23.5038,ok
1166,https://www.cnbc.com/2019/06/10/oil-market-us-mexico-tariffs-lifted-opec-supply-cuts-in-focus.html,XLE,Sector Energía,lateralizacion petroleo estable,2019-06-10,sideways,0.195,0.1139,3.8356,neutral,neutral,bullish,22.2105,22.2538,22.2358,23.0624,ok
1167,https://www.cnbc.com/2019/06/06/oil-market-us-crude-stockpiles-opec-supply-cuts-in-focus.html,XLE,Sector Energía,lateralizacion petroleo estable,2019-06-06,sideways,0.0,0.2285,3.9105,neutral,neutral,bullish,22.1454,22.1454,22.196,23.0114,ok
1168,https://www.cnbc.com/2019/06/11/oil-market-opec-supply-cuts-economic-slowdown-in-focus.html,XLE,Sector Energía,lateralizacion petroleo estable,2019-06-11,sideways,-1.4128,1.2996,4.9614,neutral,neutral,bullish,22.2538,21.9394,22.543,23.3579,ok
1169,https://www.cnbc.com/2019/05/02/oil-market-us-sanctions-on-iran-venezuela-crisis-in-focus.html,XLE,Sector Energía,lateralizacion petroleo estable,2019-05-02,sideways,0.927,0.1417,-7.6813,neutral,neutral,bearish,23.0092,23.2225,23.0418,21.2418,ok
1170,https://www.investing.com/analysis/can-north-dakotas-production-boom-survive-low-oil-prices-200432798,XLE,Sector Energía,lateralizacion petroleo estable,2019-06-19,sideways,2.2151,2.7756,1.188,bullish,bullish,neutral,22.5177,23.0165,23.1427,22.7852,ok
1171,https://www.cnbc.com/2019/04/30/oil-traders-eye-saudi-arabias-response-in-critical-juncture-for-crude.html,XLE,Sector Energía,lateralizacion petroleo estable,2019-04-30,sideways,-1.9967,-3.5698,-8.3499,neutral,bearish,bearish,23.8948,23.4177,23.0418,21.8996,ok
1172,https://www.cnbc.com/2019/05/15/risks-are-rising-for-an-oil-price-spike-as-tensions-between-the-us-and-iran-increase.html,XLE,Sector Energía,lateralizacion petroleo estable,2019-05-15,sideways,0.5464,-0.8276,-4.1218,neutral,neutral,bearish,23.1502,23.2767,22.9586,22.196,ok
1173,https://www.cnbc.com/2019/06/13/oil-jumps-more-than-3percent-on-reports-of-tanker-incident-in-the-gulf-of-oman.html,XLE,Sector Energía,lateralizacion petroleo estable,2019-06-13,sideways,-0.6515,3.6966,5.8921,neutral,bullish,bullish,22.196,22.0514,23.0165,23.5038,ok
1174,https://www.cnbc.com/2019/06/05/oil-markets-us-crude-inventories-rosneft-comments-in-focus.html,XLE,Sector Energía,lateralizacion petroleo estable,2019-06-05,sideways,2.3213,1.3695,6.1706,bullish,neutral,bullish,21.643,22.1454,21.9394,22.9785,ok
1175,https://www.elmundo.es/economia/2019/06/15/5d03df22fdddfff4328b45ab.html,XLE,Sector Energía,lateralizacion petroleo estable,2019-06-14,sideways,0.8362,5.1307,5.6269,neutral,bullish,bullish,22.0514,22.2358,23.1828,23.2922,ok
1176,https://www.expansion.com/mercados/materias-primas/2019/06/30/5d18cca3468aebf10b8b467f.html,XLE,Sector Energía,lateralizacion petroleo estable,2019-06-30,sideways,-1.5994,-0.847,-1.3642,neutral,neutral,neutral,23.2594,22.8874,23.0624,22.9421,ok
1177,https://www.elconfidencial.com/mercados/2019-05-23/petroleo-precios-mercados-cronica-caidas_2019518/,XLE,Sector Energía,lateralizacion petroleo estable,2019-05-23,sideways,0.3745,-4.2679,4.4797,neutral,bearish,bullish,22.1888,22.2719,21.2418,23.1828,ok
1178,https://www.expansion.com/mercados/materias-primas/2019/05/20/5ce25aed268e3ef06f8b45ff.html,XLE,Sector Energía,lateralizacion petroleo estable,2019-05-20,sideways,1.1604,-4.39,-2.2106,neutral,bearish,bearish,23.0526,23.3201,22.0406,22.543,ok
1179,https://www.expansion.com/mercados/materias-primas/2019/04/23/5cbeb6d122601df0598b4577.html,XLE,Sector Energía,lateralizacion petroleo estable,2019-04-23,sideways,-1.7517,-3.4889,-5.8101,neutral,bearish,bearish,24.7586,24.3249,23.8948,23.3201,ok
1180,https://www.cnbc.com/2023/06/06/oil-prices-tick-down-with-opec-meeting-in-rear-view.html,XLE,Sector Energía,lateralizacion equilibrio oferta demanda,2023-06-06,sideways,2.6495,1.1498,-0.2793,bullish,neutral,neutral,36.0225,36.9769,36.4367,35.9219,ok
1181,https://finance.yahoo.com/video/oil-prices-steady-economic-fears-151509641.html,XLE,Sector Energía,lateralizacion equilibrio oferta demanda,2023-06-07,sideways,-0.4259,-2.4715,-0.7651,neutral,bearish,neutral,36.9769,36.8194,36.063,36.694,ok
1182,https://www.cnbc.com/2023/06/05/opec-oil-prices-pop-after-saudi-arabia-pledges-production-cuts.html,XLE,Sector Energía,lateralizacion equilibrio oferta demanda,2023-06-04,sideways,0.8065,1.4868,2.8382,neutral,neutral,bullish,35.7343,36.0225,36.2656,36.7485,ok
1183,https://www.ft.com/content/41c3dd45-b950-420b-90ae-f9d0920352b7?syn-25a6b1a6=1,XLE,Sector Energía,lateralizacion equilibrio oferta demanda,2023-07-06,sideways,2.1494,5.7781,9.7484,bullish,bullish,bullish,35.9219,36.694,37.9975,39.4237,ok
1184,https://www.investing.com/analysis/us-debt-ceiling-talks-in-focus-but-cpi-data-could-have-bigger-impact-on-markets-200637939,XLE,Sector Energía,lateralizacion equilibrio oferta demanda,2023-05-09,sideways,-1.1338,-4.0866,2.3299,neutral,bearish,bullish,36.135,35.7253,34.6583,36.9769,ok
1185,https://www.eleconomista.es/mercados-cotizaciones/noticias/12359164/07/23/los-dos-motivos-que-explican-la-frustracion-de-la-opep-para-impulsar-los-precios-del-crudo.html,XLE,Sector Energía,lateralizacion equilibrio oferta demanda,2023-07-07,sideways,0.78,0.817,7.5876,neutral,neutral,bullish,36.694,36.9802,36.9938,39.4782,ok
1186,https://www.expansion.com/economia/2023/06/06/647e2c8b468aeba0298b457e.html,XLE,Sector Energía,lateralizacion equilibrio oferta demanda,2023-06-05,sideways,0.8065,1.4868,2.8382,neutral,neutral,bullish,35.7343,36.0225,36.2656,36.7485,ok
1187,https://cincodias.elpais.com/mercados-financieros/2023-06-05/el-recorte-drastico-de-la-opep-impulsan-los-precios-de-la-energia.html,XLE,Sector Energía,lateralizacion equilibrio oferta demanda,2023-06-05,sideways,0.8065,1.4868,2.8382,neutral,neutral,bullish,35.7343,36.0225,36.2656,36.7485,ok
1188,https://www.elmundo.es/economia/macroeconomia/2023/05/27/6470e1c4fdddff2b728b45df.html,XLE,Sector Energía,lateralizacion equilibrio oferta demanda,2023-05-26,sideways,-1.0284,0.7616,1.0856,neutral,neutral,neutral,35.4642,35.0995,35.7343,35.8492,ok
1189,https://www.expansion.com/mercados/2023/05/31/6476ebe5e5fdea4a538b4571.html,XLE,Sector Energía,lateralizacion equilibrio oferta demanda,2023-05-31,sideways,1.2403,7.2332,6.2283,neutral,bullish,bullish,34.4827,34.9104,36.9769,36.6304,ok
1190,https://finance.yahoo.com/news/chips-look-cheap-demand-woes-133812201.html,SMH,Sector Semiconductores,caidas subidas tipos,2022-07-05,bearish,0.6801,3.3194,20.3684,neutral,bullish,bullish,96.0928,96.7463,99.2825,115.6654,ok
1191,https://www.cnbc.com/2022/07/20/global-chip-shortage-continues-amid-inflation-rising-rates-and-war-idc.html,SMH,Sector Semiconductores,caidas subidas tipos,2022-07-20,bearish,1.6784,1.8275,4.505,neutral,neutral,bullish,111.2953,113.1633,113.3292,116.3092,ok
1192,https://www.cnbc.com/2022/10/09/stock-futures-are-down-as-market-exits-rollercoaster-week.html,SMH,Sector Semiconductores,caidas subidas tipos,2022-10-09,bearish,-3.1542,-2.7702,7.0652,bearish,bearish,bullish,88.9134,86.1089,86.4503,95.1953,ok
1193,https://www.cnbc.com/2022/08/08/stock-market-futures-open-to-close-news.html,SMH,Sector Semiconductores,caidas subidas tipos,2022-08-08,bearish,-4.1853,2.953,-14.164,bearish,bullish,bearish,116.7677,111.8806,120.2159,100.2287,ok
1194,https://finance.yahoo.com/news/micron-warns-challenging-market-means-110506815.html,SMH,Sector Semiconductores,caidas subidas tipos,2022-08-09,bearish,4.0499,6.2383,-8.9847,bullish,bullish,bearish,111.8806,116.4116,118.86,101.8285,ok
1195,https://www.cnbc.com/2022/06/09/stock-market-news-open-to-close.html,SMH,Sector Semiconductores,caidas subidas tipos,2022-06-09,bearish,-3.7001,-12.2364,-12.3828,bearish,bearish,bearish,113.3584,109.164,99.4874,99.3215,ok
1196,https://www.investing.com/analysis/us-dollar-jumps-stocks-and-bonds-slide-on-fears-of-more-aggressive-fed-200625685,SMH,Sector Semiconductores,caidas subidas tipos,2022-06-13,bearish,0.7333,0.0473,-2.9378,neutral,neutral,bearish,103.0966,103.8526,103.1454,100.0678,ok
1197,https://www.investing.com/analysis/trading-desk-notes-something-will-break-as-central-banks-tighten-into-a-recession-200625642,SMH,Sector Semiconductores,caidas subidas tipos,2022-06-12,bearish,0.7333,0.0473,-2.9378,neutral,neutral,bearish,103.0966,103.8526,103.1454,100.0678,ok
1198,https://finance.yahoo.com/video/tech-stocks-lose-over-1-132958166.html,SMH,Sector Semiconductores,caidas subidas tipos,2022-05-10,bearish,-3.0671,5.6663,5.3706,bearish,bullish,bullish,110.5199,107.1301,116.7823,116.4555,ok
1199,https://finance.yahoo.com/news/fed-casts-long-shadow-over-104643676.html,SMH,Sector Semiconductores,caidas subidas tipos,2022-04-29,bearish,2.9106,1.2269,6.8522,bullish,neutral,bullish,112.105,115.3679,113.4804,119.7867,ok
1200,https://www.cnbc.com/2022/05/24/electronics-set-to-rise-as-chip-giants-like-tsmc-samsung-hike-prices.html,SMH,Sector Semiconductores,caidas subidas tipos,2022-05-24,bearish,2.081,7.4265,-7.3728,bullish,bullish,bearish,109.2176,111.4904,117.3286,101.1652,ok
1201,https://www.cnbc.com/2022/01/28/big-swings-in-the-market-are-more-normal-than-investors-might-expect.html,SMH,Sector Semiconductores,caidas subidas tipos,2022-01-28,bearish,5.239,4.1423,2.4685,bullish,bullish,bullish,127.6343,134.3211,132.9213,130.785,ok
1202,https://www.cnbc.com/2022/10/10/stock-futures-are-little-changed-after-the-nasdaq-composite-closes-at-a-2-year-low.html,SMH,Sector Semiconductores,caidas subidas tipos,2022-10-10,bearish,-3.1542,-2.7702,7.0652,bearish,bearish,bullish,88.9134,86.1089,86.4503,95.1953,ok
1203,https://www.investing.com/analysis/down-50-advanced-micro-devices-looks-like-a-buy-200629399,SMH,Sector Semiconductores,caidas subidas tipos,2022-09-05,bearish,1.5961,,,neutral,,,100.2287,101.8285,,,ok
1204,https://www.cnbc.com/2022/10/02/stock-market-futures-open-to-close-news.html,SMH,Sector Semiconductores,caidas subidas tipos,2022-10-02,bearish,0.0,-9.7256,-6.2989,neutral,bearish,bearish,98.4924,98.4924,88.9134,92.2885,ok
1205,https://www.investing.com/analysis/crowdstrike-stock-still-not-cheap-enough-despite-record-selloff-200625905,SMH,Sector Semiconductores,caidas subidas tipos,2022-06-17,bearish,2.8349,4.7605,8.4074,bullish,bullish,bullish,100.3019,103.1454,105.0768,108.7347,ok
1206,https://www.cnbc.com/2022/10/12/stock-futures-are-up-as-investors-await-inflation-data.html,SMH,Sector Semiconductores,caidas subidas tipos,2022-10-12,bearish,3.06,1.8406,10.5306,bullish,neutral,bullish,85.5919,88.211,87.1673,94.6052,ok
1207,https://www.investing.com/analysis/anticipating-a-bounce-in-micron-technology-shares-3-ways-to-play-the-rebound-200623290,SMH,Sector Semiconductores,caidas subidas tipos,2022-05-02,bearish,0.8202,-6.6162,3.399,neutral,bearish,bullish,115.3679,116.3141,107.7349,119.2893,ok
1208,https://cincodias.elpais.com/cincodias/2022/05/10/mercados/1652188635_190851.html,SMH,Sector Semiconductores,caidas subidas tipos,2022-05-11,bearish,0.4735,3.8015,5.8138,neutral,bullish,bullish,107.1301,107.6374,111.2027,113.3584,ok
1209,https://www.expansion.com/mercados/2022/05/31/629616d7e5fdea980e8b466f.html,SMH,Sector Semiconductores,caidas subidas tipos,2022-05-31,bearish,-1.6437,-0.2985,-15.6473,neutral,neutral,bearish,119.2893,117.3286,118.9332,100.6238,ok
1210,https://www.elconfidencial.com/economia/laissez-faire/2022-05-11/por-que-nasdaq-caidas_3422051/,SMH,Sector Semiconductores,caidas subidas tipos,2022-05-11,bearish,0.4735,3.8015,5.8138,neutral,bullish,bullish,107.1301,107.6374,111.2027,113.3584,ok
1211,https://cincodias.elpais.com/cincodias/2022/02/17/mercados/1645121872_469149.html,SMH,Sector Semiconductores,caidas subidas tipos,2022-02-18,bearish,-0.6862,1.0932,1.2478,neutral,neutral,neutral,129.3707,128.483,130.785,130.985,ok
1212,https://www.elespanol.com/invertia/mercados/20220516/mercados-tecnologicas-acciones-apple-amazon-google-desploman/672682814_0.html,SMH,Sector Semiconductores,caidas subidas tipos,2022-05-16,bearish,4.7832,0.652,-6.818,bullish,neutral,bearish,111.4514,116.7823,112.1781,103.8526,ok
1213,https://www.cnbc.com/2020/03/24/skyworks-ceo-supply-shock-caused-5g-rollout-delay-guidance-haircut.html,SMH,Sector Semiconductores,caidas covid shock supply chain,2020-03-25,bearish,6.0647,-2.9889,12.6698,bullish,bearish,bullish,55.2888,58.6419,53.6363,62.2938,ok
1214,https://finance.yahoo.com/news/apple-supply-chain-woes-linger-234838994.html,SMH,Sector Semiconductores,caidas covid shock supply chain,2020-03-20,bearish,3.7107,13.784,27.9537,bullish,bullish,bullish,48.6884,50.4951,55.3996,62.2986,ok
1215,https://finance.yahoo.com/news/broadcom-avgo-warns-disruptions-tech-211009905.html,SMH,Sector Semiconductores,caidas covid shock supply chain,2020-04-17,bearish,-2.1195,-0.1513,-0.6888,bearish,neutral,neutral,63.6476,62.2986,63.5513,63.2092,ok
1216,https://finance.yahoo.com/news/broadcom-says-orders-require-six-183539722.html,SMH,Sector Semiconductores,caidas covid shock supply chain,2020-04-17,bearish,-2.1195,-0.1513,-0.6888,bearish,neutral,neutral,63.6476,62.2986,63.5513,63.2092,ok
1217,https://www.cnbc.com/2020/03/11/coronavirus-at-least-150-companies-have-warned-investors.html,SMH,Sector Semiconductores,caidas covid shock supply chain,2020-03-11,bearish,-10.5576,-16.7669,4.48,bearish,bearish,bullish,58.5022,52.3258,48.6932,61.1231,ok
1218,https://www.cnbc.com/2020/03/20/coronavirus-shocks-will-lead-to-massive-global-supply-chain-shuffle.html,SMH,Sector Semiconductores,caidas covid shock supply chain,2020-03-20,bearish,3.7107,13.784,27.9537,bullish,bullish,bullish,48.6884,50.4951,55.3996,62.2986,ok
1219,https://www.cnbc.com/2020/03/16/coronavirus-outbreaks-supply-hit-fading-but-not-demand-shock-economist.html,SMH,Sector Semiconductores,caidas covid shock supply chain,2020-03-16,bearish,8.1005,2.7852,28.4496,bullish,bullish,bullish,49.1268,53.1063,50.4951,63.1032,ok
1220,https://www.cnbc.com/2020/03/23/coronavirus-and-markets-business-wont-be-back-to-normal-for-months.html,SMH,Sector Semiconductores,caidas covid shock supply chain,2020-03-23,bearish,10.3234,14.0158,17.8512,bullish,bullish,bullish,50.4951,55.7079,57.5724,59.5091,ok
1221,https://www.cnbc.com/2020/03/02/the-rush-to-deploy-robots-in-china-amid-the-coronavirus-outbreak.html,SMH,Sector Semiconductores,caidas covid shock supply chain,2020-03-02,bearish,-3.2811,-11.4472,-12.4799,bearish,bearish,bearish,65.7819,63.6235,58.2517,57.5724,ok
1222,https://www.cnbc.com/2020/03/17/uaw-detroit-automakers-negotiate-rotating-partial-shutdowns-of-us-plants.html,SMH,Sector Semiconductores,caidas covid shock supply chain,2020-03-18,bearish,1.7711,13.5452,29.445,neutral,bullish,bullish,48.6932,49.5556,55.2888,63.0309,ok
1223,https://www.cnbc.com/2020/03/17/coronavirus-live-updates.html,SMH,Sector Semiconductores,caidas covid shock supply chain,2020-03-17,bearish,-8.3099,4.8989,15.6219,bearish,bullish,bullish,53.1063,48.6932,55.7079,61.4025,ok
1224,https://www.cnbc.com/2020/03/18/general-motors-ford-and-fiat-chrysler-to-close-all-us-factories-due-to-the-coronavirus-sources-say.html,SMH,Sector Semiconductores,caidas covid shock supply chain,2020-03-18,bearish,1.7711,13.5452,29.445,neutral,bullish,bullish,48.6932,49.5556,55.2888,63.0309,ok
1225,https://www.cnbc.com/2020/03/19/tesla-temporarily-suspending-production-at-bay-area-factory-amid-coronavirus-outbreak.html,SMH,Sector Semiconductores,caidas covid shock supply chain,2020-03-19,bearish,-1.75,18.3356,28.4367,neutral,bullish,bullish,49.5556,48.6884,58.6419,63.6476,ok
1226,https://www.cnbc.com/2020/04/12/smithfield-shutting-us-pork-plant-indefinitely-warns-of-meat-shortages-during-pandemic.html,SMH,Sector Semiconductores,caidas covid shock supply chain,2020-04-12,bearish,4.3749,3.0441,8.949,bullish,bullish,bullish,60.4582,63.1032,62.2986,65.8686,ok
1227,https://www.cnbc.com/2020/03/23/boeing-plans-two-week-shutdown-of-factories-in-puget-sound-area-because-of-coronavirus.html,SMH,Sector Semiconductores,caidas covid shock supply chain,2020-03-23,bearish,10.3234,14.0158,17.8512,bullish,bullish,bullish,50.4951,55.7079,57.5724,59.5091,ok
1228,https://www.ft.com/content/d5f05b5c-7db8-11ea-8fdb-7ec06edeef84?syn-25a6b1a6=1,SMH,Sector Semiconductores,caidas covid shock supply chain,2020-04-14,bearish,-2.6951,-5.6956,1.5117,bearish,bearish,neutral,63.1032,61.4025,59.5091,64.0571,ok
1229,https://www.elconfidencial.com/tecnologia/2020-04-06/sector-tecnologico-primeros-en-recuperarse_2535007/,SMH,Sector Semiconductores,caidas covid shock supply chain,2020-04-06,bearish,-0.3084,6.3323,5.9589,neutral,bullish,bullish,59.3453,59.1623,63.1032,62.8816,ok
1230,https://www.expansion.com/economia-digital/companias/2020/03/28/5e7ce780e5fdea58618b4618.html,SMH,Sector Semiconductores,caidas covid shock supply chain,2020-03-28,bearish,-1.9749,3.0794,11.0042,neutral,bullish,bullish,57.5724,56.4354,59.3453,63.9078,ok
1231,https://www.elespanol.com/omicrono/20200310/nikon-retrasa-camara-estrella-coronavirus-podria-retrasarse/473702903_0.html,SMH,Sector Semiconductores,caidas covid shock supply chain,2020-03-10,bearish,-5.399,-14.1244,-4.3316,bearish,bearish,bearish,61.841,58.5022,53.1063,59.1623,ok
1232,https://cincodias.elpais.com/cincodias/2020/03/18/companias/1584529344_829937.html,SMH,Sector Semiconductores,caidas covid shock supply chain,2020-03-18,bearish,1.7711,13.5452,29.445,neutral,bullish,bullish,48.6932,49.5556,55.2888,63.0309,ok
1233,https://www.elespanol.com/invertia/empresas/20200313/coronavirus-ahoga-cadena-suministro-industria-automovilistica/474204298_0.html,SMH,Sector Semiconductores,caidas covid shock supply chain,2020-03-13,bearish,-14.4117,-15.1755,5.3297,bearish,bearish,bullish,57.399,49.1268,48.6884,60.4582,ok
1234,https://www.cnbc.com/2018/10/24/chip-stocks-suffer-their-biggest-drop-in-nearly-10-years.html,SMH,Sector Semiconductores,caidas guerra comercial eeuu-china,2018-10-24,bearish,2.8259,5.2241,2.522,bullish,bullish,bullish,41.3644,42.5333,43.5253,42.4076,ok
1235,https://www.cnbc.com/2018/10/26/the-slump-in-chip-stocks-may-be-a-sign-the-us-economy-is-slowing-down.html,SMH,Sector Semiconductores,caidas guerra comercial eeuu-china,2018-10-26,bearish,-1.1486,7.5044,3.4122,neutral,bullish,bullish,41.7649,41.2852,44.8991,43.19,ok
1236,https://www.cnbc.com/2018/11/27/us-china-tensions-put-chipmakers-apple-in-hot-water-ahead-of-g-20.html,SMH,Sector Semiconductores,caidas guerra comercial eeuu-china,2018-11-27,bearish,2.6485,0.7858,-5.3441,bullish,neutral,bearish,43.2552,44.4008,43.5951,40.9436,ok
1237,https://www.cnbc.com/2018/10/26/the-chip-stocks-telegraphed-this-sell-off-back-in-early-september.html,SMH,Sector Semiconductores,caidas guerra comercial eeuu-china,2018-10-26,bearish,-1.1486,7.5044,3.4122,neutral,bullish,bullish,41.7649,41.2852,44.8991,43.19,ok
1238,https://www.cnbc.com/2018/12/06/huawei-cfo-arrest-sends-global-chip-stocks-plunging.html,SMH,Sector Semiconductores,caidas guerra comercial eeuu-china,2018-12-06,bearish,-3.7934,-1.0422,-3.4463,bearish,neutral,bearish,43.339,41.695,42.8873,41.8454,ok
1239,https://www.cnbc.com/2018/09/06/tech-stocks-could-be-more-vulnerable-if-trade-wars-accelerate--.html,SMH,Sector Semiconductores,caidas guerra comercial eeuu-china,2018-09-06,bearish,-0.4422,-0.6678,-1.5522,neutral,neutral,neutral,49.505,49.2861,49.1744,48.7366,ok
1240,https://www.cnbc.com/2018/09/07/tech-in-cross-hairs-after-its-worst-week-since-march.html,SMH,Sector Semiconductores,caidas guerra comercial eeuu-china,2018-09-07,bearish,0.9733,0.8033,-3.3638,neutral,neutral,bearish,49.2861,49.7658,49.682,47.6282,ok
1241,https://finance.yahoo.com/news/us-sino-trade-war-escalates-170005921.html,SMH,Sector Semiconductores,caidas guerra comercial eeuu-china,2018-09-18,bearish,0.2264,0.1039,-6.1297,neutral,neutral,bearish,49.3839,49.4957,49.4352,46.3568,ok
1242,https://finance.yahoo.com/news/chip-stocks-see-worst-day-151503245.html,SMH,Sector Semiconductores,caidas guerra comercial eeuu-china,2018-10-25,bearish,-1.8066,7.2705,-0.438,neutral,bullish,neutral,42.5333,41.7649,45.6257,42.347,ok
1243,https://www.cnbc.com/2018/09/10/apple-supplier-shares-slide-after-trump-tells-the-tech-giant-to-make-its-products-in-the-us.html,SMH,Sector Semiconductores,caidas guerra comercial eeuu-china,2018-09-10,bearish,-1.2539,-1.5159,-5.4182,neutral,neutral,bearish,49.7658,49.1418,49.0114,47.0694,ok
1244,https://www.cnbc.com/2018/09/11/correction-in-chip-sector-inevitable-with-or-without-a-trade-war-clsa.html,SMH,Sector Semiconductores,caidas guerra comercial eeuu-china,2018-09-11,bearish,-1.1467,0.4927,-4.3973,neutral,neutral,bearish,49.1418,48.5783,49.3839,46.9809,ok
1245,https://www.cnbc.com/2018/10/10/chip-stocks-are-getting-massacred-in-october--including-amd--on-rising-rates-downturn-fears.html,SMH,Sector Semiconductores,caidas guerra comercial eeuu-china,2018-10-10,bearish,-0.8825,2.8557,1.4538,neutral,bullish,neutral,44.8479,44.4521,46.1286,45.4999,ok
1246,https://www.marketwatch.com/story/chip-related-stocks-look-at-worst-day-in-nearly-two-months-on-forecast-weakness-2018-09-06,SMH,Sector Semiconductores,caidas guerra comercial eeuu-china,2018-09-07,bearish,0.9733,0.8033,-3.3638,neutral,neutral,bearish,49.2861,49.7658,49.682,47.6282,ok
1247,https://www.cnbc.com/2018/09/17/us-markets-us-china-trade-concerns-rumble-on.html,SMH,Sector Semiconductores,caidas guerra comercial eeuu-china,2018-09-17,bearish,0.76,2.499,-8.5139,neutral,bullish,bearish,49.0114,49.3839,50.2362,44.8386,ok
1248,https://www.cnbc.com/2018/10/10/there-were-warning-signs-a-big-market-sell-off-was-coming-and-investors-believe-theres-more-to-go.html,SMH,Sector Semiconductores,caidas guerra comercial eeuu-china,2018-10-10,bearish,-0.8825,2.8557,1.4538,neutral,bullish,neutral,44.8479,44.4521,46.1286,45.4999,ok
1249,https://finance.yahoo.com/news/china-says-u-controls-semiconductor-124622989.html,SMH,Sector Semiconductores,caidas guerra comercial eeuu-china,2018-11-13,bearish,0.5189,-1.9787,-0.4325,neutral,neutral,neutral,43.0736,43.2971,42.2213,42.8873,ok
1250,https://finance.yahoo.com/news/etf-investors-monitor-tech-trade-192719606.html,SMH,Sector Semiconductores,caidas guerra comercial eeuu-china,2018-09-28,bearish,0.263,-3.9268,-15.7539,neutral,bearish,bearish,49.5749,49.7053,47.6282,41.7649,ok
1251,https://www.cnbc.com/2018/12/06/stock-market-slide-accelerates-as-huawei-arrest-creates-fear-backlash-will-slam-trade-global-economy.html,SMH,Sector Semiconductores,caidas guerra comercial eeuu-china,2018-12-06,bearish,-3.7934,-1.0422,-3.4463,bearish,neutral,bearish,43.339,41.695,42.8873,41.8454,ok
1252,https://www.cnbc.com/2018/09/10/us-markets-us-china-trade-frictions-in-focus.html,SMH,Sector Semiconductores,caidas guerra comercial eeuu-china,2018-09-10,bearish,-1.2539,-1.5159,-5.4182,neutral,neutral,bearish,49.7658,49.1418,49.0114,47.0694,ok
1253,https://finance.yahoo.com/news/u-s-secret-weapon-trade-war-nomura-says-215116328.html,SMH,Sector Semiconductores,caidas guerra comercial eeuu-china,2018-11-28,bearish,-0.9439,-2.3914,-7.1557,neutral,bearish,bearish,44.4008,43.9817,43.339,41.2236,ok
1254,https://cincodias.elpais.com/cincodias/2018/09/17/mercados/1537209454_030908.html,SMH,Sector Semiconductores,caidas guerra comercial eeuu-china,2018-09-18,bearish,0.2264,0.1039,-6.1297,neutral,neutral,bearish,49.3839,49.4957,49.4352,46.3568,ok
1255,https://www.expansion.com/economia/politica/2018/09/23/5ba743d0e5fdea892d8b4598.html,SMH,Sector Semiconductores,caidas guerra comercial eeuu-china,2018-09-23,bearish,-1.5945,-1.0568,-11.384,neutral,neutral,bearish,50.2362,49.4352,49.7053,44.5173,ok
1256,https://www.expansion.com/economia/2018/09/08/5b93cebbca47417f138b45b2.html,SMH,Sector Semiconductores,caidas guerra comercial eeuu-china,2018-09-08,bearish,-1.2539,-1.5159,-5.4182,neutral,neutral,bearish,49.7658,49.1418,49.0114,47.0694,ok
1257,https://www.elconfidencial.com/mercados/2018-09-18/trump-aumenta-presion-china-aranceles-guerra-comercial_1617472/,SMH,Sector Semiconductores,caidas guerra comercial eeuu-china,2018-09-18,bearish,0.2264,0.1039,-6.1297,neutral,neutral,bearish,49.3839,49.4957,49.4352,46.3568,ok
1258,https://www.eleconomista.es/economia/noticias/9393824/09/18/El-nuevo-ataque-arancelario-de-Trump-se-comera-hasta-8-decimas-del-crecimiento-de-China.html,SMH,Sector Semiconductores,caidas guerra comercial eeuu-china,2018-09-18,bearish,0.2264,0.1039,-6.1297,neutral,neutral,bearish,49.3839,49.4957,49.4352,46.3568,ok
1259,https://finance.yahoo.com/news/nvidia-ignites-ai-related-stock-230804470.html,SMH,Sector Semiconductores,subidas boom ia generativa,2023-05-25,bullish,4.9124,4.0438,4.5493,bullish,bullish,bullish,138.5712,145.3784,144.1748,144.8752,ok
1260,https://finance.yahoo.com/news/arm-soars-expansion-markets-buoys-211305491.html,SMH,Sector Semiconductores,subidas boom ia generativa,2024-02-08,bullish,2.2163,1.5996,12.8165,bullish,neutral,bullish,197.9341,202.3209,201.1002,223.3024,ok
1261,https://www.cnbc.com/2023/05/26/stock-markets-the-nvidia-impact-on-markets.html,SMH,Sector Semiconductores,subidas boom ia generativa,2023-05-26,bullish,0.4818,-2.0698,2.8162,neutral,bearish,bullish,145.3784,146.0788,142.3694,149.4726,ok
1262,https://www.cnbc.com/2024/02/09/openai-ceo-sam-altman-reportedly-seeking-trillions-of-dollars-for-ai-chip-project.html,SMH,Sector Semiconductores,subidas boom ia generativa,2024-02-09,bullish,-0.3875,-1.0301,8.4032,neutral,neutral,bullish,202.3209,201.5369,200.2367,219.3224,ok
1263,https://finance.yahoo.com/news/nvidia-nvda-soars-6-ai-130100230.html,SMH,Sector Semiconductores,subidas boom ia generativa,2024-01-09,bullish,0.0928,1.2875,14.0413,neutral,neutral,bullish,171.1267,171.2855,173.33,195.1551,ok
1264,https://www.cnbc.com/2023/06/08/nvidia-invests-in-google-linked-generative-ai-startup-cohere.html,SMH,Sector Semiconductores,subidas boom ia generativa,2023-06-08,bullish,0.4584,5.6851,3.4138,neutral,bullish,bullish,144.2044,144.8654,152.4026,149.1273,ok
1265,https://www.cnbc.com/2023/06/08/stock-market-today-live-updates.html,SMH,Sector Semiconductores,subidas boom ia generativa,2023-06-08,bullish,0.4584,5.6851,3.4138,neutral,bullish,bullish,144.2044,144.8654,152.4026,149.1273,ok
1266,https://finance.yahoo.com/news/invest-boom-11-stocks-4-154500787.html,SMH,Sector Semiconductores,subidas boom ia generativa,2023-04-07,bullish,-0.5307,-1.686,-2.3729,neutral,neutral,bearish,126.3872,125.7164,124.2563,123.3881,ok
1267,https://finance.yahoo.com/video/nvidias-leadership-near-monopoly-ai-164059991.html,SMH,Sector Semiconductores,subidas boom ia generativa,2023-08-09,bullish,-0.2195,-2.5282,0.6853,neutral,bearish,neutral,148.2788,147.9533,144.53,149.295,ok
1268,https://finance.yahoo.com/news/capitalizing-boom-ai-software-development-185700401.html,SMH,Sector Semiconductores,subidas boom ia generativa,2023-06-14,bullish,-0.7198,-3.5476,0.8355,neutral,bearish,neutral,153.5076,152.4026,148.0618,154.7901,ok
1269,https://www.investing.com/academy/statistics/nvidia-facts-and-statistics/,SMH,Sector Semiconductores,subidas boom ia generativa,2023-08-24,bullish,0.1814,4.9724,-4.6096,neutral,bullish,bearish,146.8188,147.0851,154.1192,140.051,ok
1270,https://www.investing.com/analysis/heres-how-to-jump-on-the-nvidia-and-meta-bandwagon-at-this-point-200638719,SMH,Sector Semiconductores,subidas boom ia generativa,2023-06-05,bullish,0.7068,4.7606,4.428,neutral,bullish,bullish,142.3694,143.3757,149.147,148.6735,ok
1271,https://www.cnbc.com/2023/10/17/us-bans-export-of-more-ai-chips-including-nvidia-h800-to-china.html,SMH,Sector Semiconductores,subidas boom ia generativa,2023-10-17,bullish,-2.0025,-2.7306,8.6098,bearish,bearish,bullish,146.3255,143.3954,142.3299,158.9238,ok
1272,https://finance.yahoo.com/news/model-n-inc-nyse-modn-152738553.html,SMH,Sector Semiconductores,subidas boom ia generativa,2024-02-07,bullish,1.424,3.3922,19.0917,neutral,bullish,bullish,195.1551,197.9341,201.7751,232.4135,ok
1273,https://finance.yahoo.com/news/20-fastest-growing-technology-companies-043512372.html,SMH,Sector Semiconductores,subidas boom ia generativa,2024-02-14,bullish,-0.3345,3.2612,9.9163,neutral,bullish,bullish,201.7751,201.1002,208.3553,221.7838,ok
1274,https://www.cnbc.com/2024/02/05/hewlett-packard-enterprise-tops-the-2024-just-100-list.html,SMH,Sector Semiconductores,subidas boom ia generativa,2024-02-05,bullish,-1.1336,4.1601,13.188,neutral,bullish,bullish,193.4877,191.2943,201.5369,219.0049,ok
1275,https://www.cnbc.com/2024/03/10/monetary-vs-fiscal-policy-how-each-works-and-their-impact-on-stocks.html,SMH,Sector Semiconductores,subidas boom ia generativa,2024-03-10,bullish,3.1632,-1.2218,1.4119,bullish,neutral,neutral,219.3224,226.26,216.6427,222.4191,ok
1276,https://cincodias.elpais.com/mercados-financieros/2024-02-16/los-microchips-no-tocan-techo-y-ganan-casi-un-billon-de-dolares-de-capitalizacion-en-mes-y-medio.html,SMH,Sector Semiconductores,subidas boom ia generativa,2024-02-16,bullish,-1.9678,4.2627,8.1933,neutral,bullish,bullish,200.2367,196.2965,208.7722,216.6427,ok
1277,https://www.elconfidencial.com/empresas/2024-03-08/cotizacion-tsmc-ia-inteligencia-artificial-fabricante-chips-mundial-barato_3844908/,SMH,Sector Semiconductores,subidas boom ia generativa,2024-03-08,bullish,-1.7823,-3.1779,-0.8579,neutral,bearish,neutral,223.3024,219.3224,216.206,221.3868,ok
1278,https://www.expansion.com/economia/financial-times/2024/02/01/65bbd5d0468aebf8638b4583.html,SMH,Sector Semiconductores,subidas boom ia generativa,2024-02-01,bullish,1.9459,6.323,17.5774,neutral,bullish,bullish,186.1631,189.7857,197.9341,218.8857,ok
1279,https://www.expansion.com/mercados/2023/06/13/64887410468aeb0d6d8b4645.html,SMH,Sector Semiconductores,subidas boom ia generativa,2023-06-13,bullish,1.5202,-2.5641,3.2231,neutral,bearish,bullish,151.2089,153.5076,147.3318,156.0825,ok
1280,https://cincodias.elpais.com/companias/2023-05-25/nvidia-se-dispara-en-bolsa-de-la-mano-de-la-inteligencia-artificial-y-roza-el-billon-de-dolares-de-valor-de-mercado.html,SMH,Sector Semiconductores,subidas boom ia generativa,2023-05-25,bullish,4.9124,4.0438,4.5493,bullish,bullish,bullish,138.5712,145.3784,144.1748,144.8752,ok
1281,https://www.cnbc.com/2021/06/01/chip-foundries-see-record-revenues-amid-semiconductor-shortage.html,SMH,Sector Semiconductores,subidas digitalizacion covid,2021-06-01,bullish,0.5868,-0.2733,5.2809,neutral,neutral,bullish,120.7108,121.4191,120.3809,127.0854,ok
1282,https://www.cnbc.com/2021/04/15/tsmcs-q1-profit-rises-19percent-on-strong-chip-demand.html,SMH,Sector Semiconductores,subidas digitalizacion covid,2021-04-15,bullish,-0.3907,-3.8674,-10.7459,neutral,bearish,bearish,122.9327,122.4524,118.1784,109.7225,ok
1283,https://www.cnbc.com/2021/10/30/globalfoundries-ceo-were-sold-out-of-semiconductor-chip-capacity-through-2023.html,SMH,Sector Semiconductores,subidas digitalizacion covid,2021-10-30,bullish,1.1019,9.0902,10.1597,neutral,bullish,bullish,134.2751,135.7547,146.481,147.917,ok
1284,https://www.cnbc.com/2021/10/16/tsmc-taiwanese-chipmaker-ramping-production-to-end-chip-shortage.html,SMH,Sector Semiconductores,subidas digitalizacion covid,2021-10-16,bullish,1.1449,1.4585,13.6218,neutral,neutral,bullish,128.3904,129.8604,130.263,145.8795,ok
1285,https://www.economist.com/business/2021/01/23/chipmaking-is-being-redesigned-effects-will-be-far-reaching,SMH,Sector Semiconductores,subidas digitalizacion covid,2021-01-23,bullish,-1.7281,-2.6418,0.1447,neutral,bearish,neutral,117.3439,115.3161,114.2439,117.5137,ok
1286,https://www.cnbc.com/2021/04/02/globalfoundries-ceo-on-semiconductor-shortage-and-ipo.html,SMH,Sector Semiconductores,subidas digitalizacion covid,2021-04-02,bullish,-1.3688,-1.571,-6.5993,neutral,neutral,bearish,124.7519,123.0443,122.792,116.5192,ok
1287,https://www.ft.com/content/6fbb6aaf-f022-4e3c-a3e0-2f2887429f8d,SMH,Sector Semiconductores,subidas digitalizacion covid,2021-10-14,bullish,0.8372,3.51,14.4662,neutral,bullish,bullish,126.3286,127.3862,130.7627,144.6036,ok
1288,https://www.elespanol.com/invertia/disruptores/politica-digital/20211109/numeros-esconde-crisis-industria-produciendo-limite-batiendo/625687848_0.html,SMH,Sector Semiconductores,subidas digitalizacion covid,2021-11-09,bullish,-3.1554,0.7475,3.5887,bearish,neutral,bullish,146.6751,142.0469,147.7715,151.9388,ok
1289,https://www.expansion.com/economia-digital/2021/05/08/609646e1468aeb36068b45d1.html,SMH,Sector Semiconductores,subidas digitalizacion covid,2021-05-08,bullish,0.1933,-0.8848,6.5894,neutral,neutral,bullish,112.9389,113.1572,111.9396,120.3809,ok
1290,https://www.elespanol.com/invertia/empresas/tecnologia/20210605/paralizar-fabricas-recortar-pib-escasez-economia-mundial/586442648_0.html,SMH,Sector Semiconductores,subidas digitalizacion covid,2021-06-05,bullish,-0.8233,1.8706,3.805,neutral,neutral,bullish,121.3802,120.3809,123.6507,125.9987,ok
1291,https://www.elconfidencial.com/mercados/tribuna-mercados/2021-06-17/semiconductores-el-nuevo-petroleo-cuya-escasez-impulsa-la-inflacion_3135527/,SMH,Sector Semiconductores,subidas digitalizacion covid,2021-06-17,bullish,-2.5456,0.4618,-2.5771,bearish,neutral,bearish,122.923,119.7939,123.4906,119.7551,ok
1292,https://cincodias.elpais.com/cincodias/2021/08/13/mercados/1628867762_419391.html,SMH,Sector Semiconductores,subidas digitalizacion covid,2021-08-15,bullish,-1.8942,0.9299,5.0437,neutral,neutral,bullish,126.7749,124.3735,127.9538,133.169,ok
1293,https://www.economist.com/business/2009/10/22/back-to-the-circuit-board,SMH,Sector Semiconductores,subidas recuperacion tecnologica,2009-10-22,bullish,-2.5461,-4.1662,-2.7778,bearish,bearish,bearish,11.0052,10.725,10.5467,10.6995,ok
1294,https://www.cnbc.com/2009/12/17/tech-rally-in-2010-will-replay-2003-stock-picker.html,SMH,Sector Semiconductores,subidas recuperacion tecnologica,2009-12-17,bullish,1.844,5.6064,2.7841,neutral,bullish,bullish,11.2854,11.4935,11.9181,11.5996,ok
1295,https://www.cnbc.com/2009/10/14/michael-dell-expects-to-see-it-spending-bounce.html,SMH,Sector Semiconductores,subidas recuperacion tecnologica,2009-10-14,bullish,-1.5052,-4.215,-2.9359,neutral,bearish,bearish,11.2812,11.1114,10.8057,10.95,ok
1296,https://www.cnbc.com/2010/02/04/us-economy-on-the-rebound-more-jobs-coming-cisco-ceo.html,SMH,Sector Semiconductores,subidas recuperacion tecnologica,2010-02-04,bullish,2.4485,5.2227,10.282,bullish,bullish,bullish,10.4065,10.6613,10.95,11.4765,ok
1297,https://www.cnbc.com/2010/01/29/cisco-ceo-tech-companies-benefit-first-in-recovery.html,SMH,Sector Semiconductores,subidas recuperacion tecnologica,2010-01-29,bullish,2.1812,1.4135,9.128,bullish,neutral,bullish,10.5127,10.742,10.6613,11.4723,ok
1298,https://www.cnbc.com/2010/02/03/cisco-earnings-and-sales-improve-top-expectations.html,SMH,Sector Semiconductores,subidas recuperacion tecnologica,2010-02-04,bullish,2.4485,5.2227,10.282,bullish,bullish,bullish,10.4065,10.6613,10.95,11.4765,ok
1299,https://www.cnbc.com/2009/10/28/time-to-adjust-your-tech-portfolio.html,SMH,Sector Semiconductores,subidas recuperacion tecnologica,2009-10-28,bullish,2.0543,-1.3973,4.8479,bullish,neutral,bullish,10.3344,10.5467,10.19,10.8354,ok
1300,https://www.cnbc.com/2009/09/22/pc-sales-could-rebound-quickly-this-year-intel-ceo.html,SMH,Sector Semiconductores,subidas recuperacion tecnologica,2009-09-22,bullish,1.0918,-0.5069,1.2084,neutral,neutral,neutral,10.8906,11.0095,10.8354,11.0222,ok
1301,https://www.cnbc.com/2009/08/28/what-correction-tech-stocks-may-keep-market-rally-going.html,SMH,Sector Semiconductores,subidas recuperacion tecnologica,2009-08-28,bullish,-0.9342,-0.6234,0.8169,neutral,neutral,neutral,10.9076,10.8057,10.8396,10.9967,ok
1302,https://www.cnbc.com/2009/06/18/smallcap-technology-stocks-may-be-good-recovery-play.html,SMH,Sector Semiconductores,subidas recuperacion tecnologica,2009-06-18,bullish,1.5668,1.2347,12.3936,neutral,neutral,bullish,8.9417,9.0818,9.0521,10.0499,ok
1303,https://www.cnbc.com/2009/10/28/four-sectors-most-likely-to-lead-the-market.html,SMH,Sector Semiconductores,subidas recuperacion tecnologica,2009-10-28,bullish,2.0543,-1.3973,4.8479,bullish,neutral,bullish,10.3344,10.5467,10.19,10.8354,ok
1304,https://www.cnbc.com/2009/04/14/intel-calls-the-bottom.html,SMH,Sector Semiconductores,subidas recuperacion tecnologica,2009-04-14,bullish,-2.037,-3.0303,-3.6762,bearish,bearish,bearish,8.5469,8.3728,8.2879,8.2327,ok
1305,https://www.cnbc.com/2009/04/06/the-semiconductor-food-chain.html,SMH,Sector Semiconductores,subidas recuperacion tecnologica,2009-04-06,bullish,-3.1139,2.7568,6.9419,bearish,bullish,bullish,8.3176,8.0586,8.5469,8.895,ok
1306,https://www.cnbc.com/2010/04/26/from-the-mall-to-the-docks-signs-of-rebound.html,SMH,Sector Semiconductores,subidas recuperacion tecnologica,2010-04-26,bullish,-3.0262,-2.6311,-12.6967,bearish,bearish,bearish,12.9073,12.5167,12.5677,11.2685,ok
1307,https://www.cnbc.com/2009/03/17/stocks-barrel-higher-as-techs-rally.html,SMH,Sector Semiconductores,subidas recuperacion tecnologica,2009-03-17,bullish,2.9775,1.6781,6.7673,bullish,neutral,bullish,7.8421,8.0756,7.9737,8.3728,ok
1308,https://www.cnbc.com/2009/11/24/8-stocks-that-could-gain-with-rising-gdp.html,SMH,Sector Semiconductores,subidas recuperacion tecnologica,2009-11-24,bullish,0.0,,8.3458,neutral,,bullish,10.8354,10.8354,,11.7397,ok
1309,https://www.economist.com/briefing/2009/04/02/under-new-management,SMH,Sector Semiconductores,subidas recuperacion tecnologica,2009-04-02,bullish,2.5642,3.179,4.5643,bullish,bullish,bullish,8.2794,8.4917,8.5426,8.6573,ok
1310,https://www.cnbc.com/2009/09/10/stocks-end-near-highs-banks-tech-strong.html,SMH,Sector Semiconductores,subidas recuperacion tecnologica,2009-09-11,bullish,-0.0384,-0.6988,0.5442,neutral,neutral,neutral,10.933,10.9288,10.8566,10.9925,ok
1311,https://www.cnbc.com/2009/04/30/us-economy-could-recover-much-sooner-than-expected.html,SMH,Sector Semiconductores,subidas recuperacion tecnologica,2009-04-30,bullish,-0.39,-1.612,3.0778,neutral,neutral,bullish,8.6912,8.6573,8.5511,8.9587,ok
1312,https://www.cnbc.com/2010/02/17/markets-likely-rebounding-to-recovery-highs-sps-stovall.html,SMH,Sector Semiconductores,subidas recuperacion tecnologica,2010-02-17,bullish,0.5628,-0.3375,5.2141,neutral,neutral,bullish,11.3194,11.3831,11.2812,11.9096,ok
1313,https://www.expansion.com/2010/03/01/empresas/tecnologia/1267459450.html,SMH,Sector Semiconductores,subidas recuperacion tecnologica,2010-03-01,bullish,-0.5186,-0.2964,3.4413,neutral,neutral,bullish,11.4723,11.4128,11.4383,11.8671,ok
1314,https://www.expansion.com/2009/04/15/empresas/tecnologia/1239813294.html,SMH,Sector Semiconductores,subidas recuperacion tecnologica,2009-04-15,bullish,3.8541,2.1809,-3.3979,bullish,bullish,bearish,8.3728,8.6955,8.5554,8.0883,ok
1315,https://cincodias.elpais.com/cincodias/2009/05/06/empresas/1241617189_850215.html,SMH,Sector Semiconductores,subidas recuperacion tecnologica,2009-05-05,bullish,1.0028,-7.4458,1.9101,neutral,bearish,neutral,8.895,8.9842,8.2327,9.0649,ok
1316,https://cincodias.elpais.com/cincodias/2009/04/24/empresas/1240580400_850215.html,SMH,Sector Semiconductores,subidas recuperacion tecnologica,2009-04-23,bullish,1.4023,2.5039,-0.8008,neutral,bullish,neutral,8.4789,8.5978,8.6912,8.411,ok
1317,https://www.expansion.com/2009/05/27/edicion_impresa/1243451992.html,SMH,Sector Semiconductores,subidas recuperacion tecnologica,2009-05-27,bullish,2.2297,3.49,1.8906,bullish,bullish,neutral,8.7592,8.9545,9.0649,8.9248,ok
1318,https://www.cnbc.com/2015/06/10/this-sector-is-sliding-on-macro-concerns.html,SMH,Sector Semiconductores,lateralizacion espera demanda chips,2015-06-10,sideways,0.122,-0.4879,-9.4301,neutral,neutral,bearish,25.5767,25.6079,25.4519,23.1648,ok
1319,https://finance.yahoo.com/news/exclusive-chipmaker-atmel-exploring-sale-195210875.html,SMH,Sector Semiconductores,lateralizacion espera demanda chips,2015-06-08,sideways,0.1065,0.6024,-4.411,neutral,neutral,bearish,25.1665,25.1933,25.3181,24.0564,ok
1320,https://www.cnbc.com/2015/06/01/why-intel-needs-to-buy-altera-expert.html,SMH,Sector Semiconductores,lateralizacion espera demanda chips,2015-06-01,sideways,-1.4264,-5.2855,-8.8759,neutral,bearish,bearish,26.5709,26.1919,25.1665,24.2125,ok
1321,https://finance.yahoo.com/news/summits-sundararajan-micron-time-samsung-160249083.html,SMH,Sector Semiconductores,lateralizacion espera demanda chips,2015-08-17,sideways,-1.7632,-9.7765,0.1376,neutral,bearish,neutral,22.7546,22.3534,20.53,22.7859,ok
1322,https://www.cnbc.com/2015/06/29/stocks-at-inflection-point-as-second-quarter-ends.html,SMH,Sector Semiconductores,lateralizacion espera demanda chips,2015-06-29,sideways,0.4787,-0.6447,-4.1247,neutral,neutral,bearish,24.2125,24.3284,24.0564,23.2138,ok
1323,https://finance.yahoo.com/news/lattice-xilinx-seen-gaining-altera-170910484.html,SMH,Sector Semiconductores,lateralizacion espera demanda chips,2015-06-05,sideways,-1.792,-0.9221,-5.6541,neutral,neutral,bearish,25.6257,25.1665,25.3894,24.1768,ok
1324,https://www.cnbc.com/2015/05/20/tech-bubble-deflating-maybe-just-a-bit.html,SMH,Sector Semiconductores,lateralizacion espera demanda chips,2015-05-21,sideways,0.0866,3.5852,-0.0866,neutral,bullish,neutral,25.7416,25.7639,26.6645,25.7193,ok
1325,https://finance.yahoo.com/news/rationale-intel-altera-transaction-220512772.html,SMH,Sector Semiconductores,lateralizacion espera demanda chips,2015-06-23,sideways,-0.777,-5.7674,-10.7234,neutral,bearish,bearish,25.8174,25.6168,24.3284,23.0489,ok
1326,https://www.ft.com/content/2a6c3d6a-0f62-11e5-897e-00144feabdc0,SMH,Sector Semiconductores,lateralizacion espera demanda chips,2015-06-10,sideways,0.122,-0.4879,-9.4301,neutral,neutral,bearish,25.5767,25.6079,25.4519,23.1648,ok
1327,https://finance.yahoo.com/news/rationale-broadcom-avago-merger-150703646.html,SMH,Sector Semiconductores,lateralizacion espera demanda chips,2015-06-04,sideways,-0.2949,-0.3642,-4.3885,neutral,neutral,bearish,25.7015,25.6257,25.6079,24.5736,ok
1328,https://finance.yahoo.com/news/lattice-semiconductor-open-sale-high-180237856.html,SMH,Sector Semiconductores,lateralizacion espera demanda chips,2015-06-04,sideways,-0.2949,-0.3642,-4.3885,neutral,neutral,bearish,25.7015,25.6257,25.6079,24.5736,ok
1329,https://www.cnbc.com/2015/04/09/intel-drops-talks-to-acquire-altera-sources.html,SMH,Sector Semiconductores,lateralizacion espera demanda chips,2015-04-09,sideways,0.5907,0.376,0.2504,neutral,neutral,neutral,24.9213,25.0685,25.015,24.9837,ok
1330,https://www.investing.com/analysis/summer-stall-260644,SMH,Sector Semiconductores,lateralizacion espera demanda chips,2015-08-05,sideways,-1.1545,-0.4618,-5.3303,neutral,neutral,bearish,23.1693,22.9018,23.0623,21.9343,ok
1331,https://www.ft.com/content/3172d786-ecad-11e4-b82f-00144feab7de,SMH,Sector Semiconductores,lateralizacion espera demanda chips,2015-04-28,sideways,-0.7264,-1.417,5.35,neutral,neutral,bullish,25.1665,24.9837,24.8099,26.5129,ok
1332,https://finance.yahoo.com/news/ibm-leads-development-tiny-chip-153545060.html,SMH,Sector Semiconductores,lateralizacion espera demanda chips,2015-07-09,sideways,1.8092,2.9446,-1.1353,neutral,bullish,neutral,23.1648,23.5839,23.8469,22.9018,ok
1333,https://www.cnbc.com/2015/06/09/wholesale-inventories-up-04-in-april-versus-expectations-for-02-gain.html,SMH,Sector Semiconductores,lateralizacion espera demanda chips,2015-06-09,sideways,1.5218,0.9379,-7.0078,neutral,neutral,bearish,25.1933,25.5767,25.4296,23.4278,ok
1334,https://www.cnbc.com/2015/06/08/asian-equities-called-lower-ahead-of-china-inflation-data.html,SMH,Sector Semiconductores,lateralizacion espera demanda chips,2015-06-09,sideways,1.5218,0.9379,-7.0078,neutral,neutral,bearish,25.1933,25.5767,25.4296,23.4278,ok
1335,https://www.marketwatch.com/story/global-supply-chains-may-be-a-thing-of-the-past-2015-08-12,SMH,Sector Semiconductores,lateralizacion espera demanda chips,2015-08-12,sideways,-1.3728,-4.0599,-3.0353,neutral,bearish,bearish,23.0623,22.7457,22.126,22.3623,ok
1336,https://www.ft.com/content/c30969e4-e802-11e4-894a-00144feab7de,SMH,Sector Semiconductores,lateralizacion espera demanda chips,2015-04-21,sideways,1.8149,0.427,2.2239,neutral,neutral,bullish,25.0595,25.5143,25.1665,25.6168,ok
1337,https://www.cnbc.com/2015/07/08/us-stocks-open-sharply-lower-as-greece-china-weigh.html,SMH,Sector Semiconductores,lateralizacion espera demanda chips,2015-07-08,sideways,-1.1226,1.8461,-1.1034,neutral,neutral,neutral,23.4278,23.1648,23.8603,23.1693,ok
1338,https://www.expansion.com/empresas/tecnologia/2015/08/13/55cc4872e2704e6e108b456f.html,SMH,Sector Semiconductores,lateralizacion espera demanda chips,2015-08-13,sideways,-0.725,-5.8996,-1.5093,neutral,bearish,neutral,22.7457,22.5808,21.4038,22.4024,ok
1339,https://www.expansion.com/empresas/tecnologia/2015/07/23/55b10793ca4741fe058b4588.html,SMH,Sector Semiconductores,lateralizacion espera demanda chips,2015-07-23,sideways,-2.3085,0.6487,-8.413,bearish,neutral,bearish,23.3699,22.8304,23.5215,21.4038,ok
1340,https://cincodias.elpais.com/cincodias/2015/06/01/tecnologia/1433170906_945633.html,SMH,Sector Semiconductores,lateralizacion espera demanda chips,2015-06-01,sideways,-1.4264,-5.2855,-8.8759,neutral,bearish,bearish,26.5709,26.1919,25.1665,24.2125,ok
1341,https://www.expansion.com/empresas/tecnologia/2015/06/01/556c0d2646163f61298b456a.html,SMH,Sector Semiconductores,lateralizacion espera demanda chips,2015-06-01,sideways,-1.4264,-5.2855,-8.8759,neutral,bearish,bearish,26.5709,26.1919,25.1665,24.2125,ok
1342,https://cincodias.elpais.com/cincodias/2015/08/14/empresas/1439573995_972824.html,SMH,Sector Semiconductores,lateralizacion espera demanda chips,2015-08-15,sideways,-1.7632,-9.7765,0.1376,neutral,bearish,neutral,22.7546,22.3534,20.53,22.7859,ok
1343,https://www.cnbc.com/2019/09/18/chip-stocks-brush-off-trade-war-as-investors-bet-on-5g.html,SMH,Sector Semiconductores,lateralizacion negociaciones eeuu-china,2019-09-18,sideways,-0.4025,-1.2323,1.2489,neutral,neutral,neutral,57.77,57.5375,57.0581,58.4915,ok
1344,https://www.cnbc.com/2019/08/29/trade-tensions-global-risks-present-uncertainty-for-chips-sector.html,SMH,Sector Semiconductores,lateralizacion negociaciones eeuu-china,2019-08-29,sideways,0.6421,5.1544,3.5887,neutral,bullish,bullish,53.9633,54.3098,56.7448,55.8999,ok
1345,https://www.cnbc.com/2019/10/10/these-stocks-are-the-trade-talk-tells-with-prices-to-move-first.html,SMH,Sector Semiconductores,lateralizacion negociaciones eeuu-china,2019-10-10,sideways,2.2807,3.0159,11.0525,bullish,bullish,bullish,56.816,58.1118,58.5295,63.0956,ok
1346,https://www.cnbc.com/2019/08/23/apple-and-chip-stocks-slide-after-trumps-latest-china-comments.html,SMH,Sector Semiconductores,lateralizacion negociaciones eeuu-china,2019-08-23,sideways,1.03,4.3025,9.3617,neutral,bullish,bullish,52.0695,52.6058,54.3098,56.9441,ok
1347,https://www.cnbc.com/2019/07/30/trade-jitters-at-us-companies-ahead-of-us-china-talks-in-shanghai.html,SMH,Sector Semiconductores,lateralizacion negociaciones eeuu-china,2019-07-30,sideways,-2.9909,-8.8566,-8.3927,bearish,bearish,bearish,57.2906,55.5771,52.2166,52.4824,ok
1348,https://www.cnbc.com/2019/07/01/chip-and-semiconductors-stocks-surge-on-huawei-trade-war-reprieve.html,SMH,Sector Semiconductores,lateralizacion negociaciones eeuu-china,2019-07-01,sideways,-1.174,-2.2156,6.5406,neutral,bearish,bullish,53.7735,53.1422,52.5821,57.2906,ok
1349,https://finance.yahoo.com/news/semiconductor-etfs-slip-traders-begin-200219874.html,SMH,Sector Semiconductores,lateralizacion negociaciones eeuu-china,2019-07-03,sideways,-0.7353,0.5736,2.8507,neutral,neutral,bullish,52.9476,52.5583,53.2513,54.457,ok
1350,https://finance.yahoo.com/news/trump-gets-requests-huawei-license-194507211.html,SMH,Sector Semiconductores,lateralizacion negociaciones eeuu-china,2019-08-29,sideways,0.6421,5.1544,3.5887,neutral,bullish,bullish,53.9633,54.3098,56.7448,55.8999,ok
1351,https://www.marketwatch.com/story/apple-micron-stocks-jump-after-tariff-delay-2019-08-13,SMH,Sector Semiconductores,lateralizacion negociaciones eeuu-china,2019-08-13,sideways,-3.221,0.097,7.4656,bearish,neutral,bullish,53.7877,52.0552,53.8399,57.8033,ok
1352,https://www.barrons.com/articles/applied-materials-and-4-other-chip-equipment-stocks-that-may-see-a-revenue-hole-51562611140,SMH,Sector Semiconductores,lateralizacion negociaciones eeuu-china,2019-07-08,sideways,0.7,4.6905,-1.5635,neutral,bullish,neutral,52.2166,52.5821,54.6658,51.4002,ok
1353,https://www.cnbc.com/2019/10/23/trade-tensions-weigh-on-texas-instruments-revenue-forecast.html,SMH,Sector Semiconductores,lateralizacion negociaciones eeuu-china,2019-10-23,sideways,2.6464,5.7049,9.3158,bullish,bullish,bullish,57.5754,59.0991,60.86,62.939,ok
1354,https://www.investing.com/analysis/huawei-skips-us-parts-in-5g-base-stations-chip-etfs-at-risk-200468908,SMH,Sector Semiconductores,lateralizacion negociaciones eeuu-china,2019-09-28,sideways,-0.6798,0.445,8.2516,neutral,neutral,bullish,56.5454,56.161,56.797,61.2113,ok
1355,https://finance.yahoo.com/news/stock-market-news-september-27-2019-121931896.html,SMH,Sector Semiconductores,lateralizacion negociaciones eeuu-china,2019-09-27,sideways,1.1547,2.1143,7.8628,neutral,bullish,bullish,55.8999,56.5454,57.0818,60.2952,ok
1356,https://www.cnbc.com/2019/09/12/trumps-china-tariffs-delay-doesnt-mean-trade-war-ending-experts.html,SMH,Sector Semiconductores,lateralizacion negociaciones eeuu-china,2019-09-12,sideways,-0.0491,-0.6148,-1.861,neutral,neutral,neutral,57.8934,57.865,57.5375,56.816,ok
1357,https://www.cnbc.com/2019/10/09/stock-market-wall-street-looks-ahead-to-us-china-trade-talks.html,SMH,Sector Semiconductores,lateralizacion negociaciones eeuu-china,2019-10-09,sideways,0.9531,3.9302,11.4532,neutral,bullish,bullish,56.2796,56.816,58.4915,62.7254,ok
1358,https://www.cnbc.com/2019/10/09/us-futures-drop-after-chinese-media-reports-that-us-and-china-have-made-no-progress-in-trade-talks.html,SMH,Sector Semiconductores,lateralizacion negociaciones eeuu-china,2019-10-09,sideways,0.9531,3.9302,11.4532,neutral,bullish,bullish,56.2796,56.816,58.4915,62.7254,ok
1359,https://www.cnbc.com/2019/08/02/asia-markets-us-china-trade-war-japan-south-korea-dispute-in-focus.html,SMH,Sector Semiconductores,lateralizacion negociaciones eeuu-china,2019-08-01,sideways,-1.3598,-1.1244,-0.9066,neutral,neutral,neutral,54.457,53.7165,53.8447,53.9633,ok
1360,https://www.cnbc.com/2019/07/04/semi-says-us-china-trade-war-has-had-limited-impact-on-chip-industry.html,SMH,Sector Semiconductores,lateralizacion negociaciones eeuu-china,2019-07-04,sideways,-0.6501,3.1789,2.2036,neutral,bullish,bullish,52.5583,52.2166,54.2291,53.7165,ok
1361,https://www.cnbc.com/2019/10/09/asia-markets-october-9-us-china-trade-oil-currencies.html,SMH,Sector Semiconductores,lateralizacion negociaciones eeuu-china,2019-10-08,sideways,1.7593,7.3206,14.1092,neutral,bullish,bullish,55.3066,56.2796,59.3554,63.1099,ok
1362,https://www.cnbc.com/2019/10/09/low-expectations-for-trade-talks-if-youre-looking-for-good-news-they-didnt-cancel-the-trip.html,SMH,Sector Semiconductores,lateralizacion negociaciones eeuu-china,2019-10-09,sideways,0.9531,3.9302,11.4532,neutral,bullish,bullish,56.2796,56.816,58.4915,62.7254,ok
1363,https://cincodias.elpais.com/cincodias/2019/08/19/companias/1566197245_084308.html,SMH,Sector Semiconductores,lateralizacion negociaciones eeuu-china,2019-08-19,sideways,-0.5697,-2.8488,6.5743,neutral,bearish,bullish,54.1484,53.8399,52.6058,57.7083,ok
1364,https://cincodias.elpais.com/cincodias/2019/07/05/companias/1562309000_938133.html,SMH,Sector Semiconductores,lateralizacion negociaciones eeuu-china,2019-07-05,sideways,-0.6501,3.1789,2.2036,neutral,bullish,bullish,52.5583,52.2166,54.2291,53.7165,ok
1365,https://www.elespanol.com/invertia/empresas/20190824/empresas-eeuu-cerrar-aceptan-trump-marcharse-china/423708598_0.html,SMH,Sector Semiconductores,lateralizacion negociaciones eeuu-china,2019-08-24,sideways,-0.2346,1.6061,6.6409,neutral,neutral,bullish,52.6058,52.4824,53.4507,56.0993,ok
1366,https://www.elespanol.com/invertia/economia/20190809/trump-anade-incertidumbre-conversaciones-china-amaga-cancelarlas/420209016_0.html,SMH,Sector Semiconductores,lateralizacion negociaciones eeuu-china,2019-08-09,sideways,-1.184,0.6728,7.6516,neutral,neutral,bullish,52.9143,52.2878,53.2703,56.9631,ok
1367,https://www.expansion.com/economia/2019/10/11/5d9fab55468aeba01d8b4639.html,SMH,Sector Semiconductores,lateralizacion negociaciones eeuu-china,2019-10-10,sideways,2.2807,3.0159,11.0525,bullish,bullish,bullish,56.816,58.1118,58.5295,63.0956,ok
1368,https://www.barrons.com/livecoverage/stock-market-today-062024/card/nasdaq-falls-as-chip-stocks-pare-gains-em4wdI2wmBF8QXg6M6hA,SMH,Sector Semiconductores,lateralizacion consolidacion ia,2024-06-20,sideways,-1.4986,-3.7409,-7.7272,neutral,bearish,bearish,266.9029,262.9031,256.9183,246.2787,ok
1369,https://www.marketwatch.com/story/not-all-semiconductor-etfs-are-the-same-what-investors-need-to-know-before-betting-on-nvidia-and-other-chip-stocks-d93d575e,SMH,Sector Semiconductores,lateralizacion consolidacion ia,2024-06-20,sideways,-1.4986,-3.7409,-7.7272,neutral,bearish,bearish,266.9029,262.9031,256.9183,246.2787,ok
1370,https://www.cnbc.com/2024/06/10/stock-market-today-live-updates.html,SMH,Sector Semiconductores,lateralizacion consolidacion ia,2024-06-10,sideways,-0.1485,6.4958,9.9312,neutral,bullish,bullish,253.9408,253.5637,270.4362,279.1602,ok
1371,https://www.investing.com/analysis/are-semiconductor-stocks-targeting-much-higher-prices-200648792,SMH,Sector Semiconductores,lateralizacion consolidacion ia,2024-05-28,sideways,-1.6731,-2.8939,4.435,neutral,bearish,bullish,247.956,243.8074,240.7803,258.9529,ok
1372,https://www.investing.com/analysis/similarities-with-2000-are-growing-at-alarming-pace-amid-unreal-ai-expectations-200649129,SMH,Sector Semiconductores,lateralizacion consolidacion ia,2024-06-11,sideways,2.9787,8.3294,6.0827,bullish,bullish,bullish,253.5637,261.1166,274.6841,268.9871,ok
1373,https://www.cnbc.com/2024/06/19/nvidia-rally-overnight-lifts-chip-related-stocks-in-asia-on-ai-optimism-.html,SMH,Sector Semiconductores,lateralizacion consolidacion ia,2024-06-19,sideways,-1.4986,-3.7409,-7.7272,neutral,bearish,bearish,266.9029,262.9031,256.9183,246.2787,ok
1374,https://www.cnbc.com/2024/06/09/stock-market-today-live-updates.html,SMH,Sector Semiconductores,lateralizacion consolidacion ia,2024-06-09,sideways,-0.1485,6.4958,9.9312,neutral,bullish,bullish,253.9408,253.5637,270.4362,279.1602,ok
1375,https://finance.yahoo.com/news/market-stays-flat-investors-anticipate-172249406.html,SMH,Sector Semiconductores,lateralizacion consolidacion ia,2024-06-10,sideways,-0.1485,6.4958,9.9312,neutral,bullish,bullish,253.9408,253.5637,270.4362,279.1602,ok
1376,https://www.investing.com/analysis/divergence-between-key-sectors-raises-red-flags-200649260,SMH,Sector Semiconductores,lateralizacion consolidacion ia,2024-06-17,sideways,1.5708,-3.9306,-6.7014,neutral,bearish,bearish,270.4362,274.6841,259.8065,252.3131,ok
1377,https://finance.yahoo.com/news/3-sorry-semiconductor-stocks-sell-103000123.html,SMH,Sector Semiconductores,lateralizacion consolidacion ia,2024-05-29,sideways,-1.3759,3.5661,5.3776,neutral,bullish,bullish,243.8074,240.4528,252.5017,256.9183,ok
1378,https://finance.yahoo.com/news/tech-etfs-keep-winning-momentum-160400310.html,SMH,Sector Semiconductores,lateralizacion consolidacion ia,2024-06-10,sideways,-0.1485,6.4958,9.9312,neutral,bullish,bullish,253.9408,253.5637,270.4362,279.1602,ok
1379,https://www.cnbc.com/2024/07/09/stock-market-today-live-updates.html,SMH,Sector Semiconductores,lateralizacion consolidacion ia,2024-07-09,sideways,2.3507,-0.4003,-20.869,bullish,neutral,bearish,272.7487,279.1602,271.6569,215.8289,ok
1380,https://finance.yahoo.com/news/why-nvidia-arm-holdings-other-181843711.html,SMH,Sector Semiconductores,lateralizacion consolidacion ia,2024-04-22,sideways,2.3544,7.5658,15.7521,bullish,bullish,bullish,201.4972,206.2413,216.742,233.2373,ok
1381,https://www.cnbc.com/2024/04/08/stock-market-today-live-updates.html,SMH,Sector Semiconductores,lateralizacion consolidacion ia,2024-04-08,sideways,0.4663,-4.779,-0.1748,neutral,bearish,neutral,221.3868,222.4191,210.8068,220.9998,ok
1382,https://www.investing.com/analysis/is-the-economy-slowing-too-quickly-200649208,SMH,Sector Semiconductores,lateralizacion consolidacion ia,2024-06-14,sideways,1.7134,-4.5205,2.1725,neutral,bearish,bullish,265.8806,270.4362,253.8614,271.6569,ok
1383,https://www.cnbc.com/2024/05/08/stock-market-today-live-updates.html,SMH,Sector Semiconductores,lateralizacion consolidacion ia,2024-05-08,sideways,-0.6414,5.6459,14.0063,neutral,bullish,bullish,219.7393,218.33,232.1455,250.5167,ok
1384,https://www.barrons.com/livecoverage/stock-market-today-040924,SMH,Sector Semiconductores,lateralizacion consolidacion ia,2024-04-09,sideways,-0.8702,-5.2209,-1.5038,neutral,bearish,neutral,222.4191,220.4837,210.8068,219.0743,ok
1385,https://www.investing.com/analysis/weekly-update-for-the-crypto-market-so-where-is-bitcoin-heading-now-200649107,SMH,Sector Semiconductores,lateralizacion consolidacion ia,2024-06-10,sideways,-0.1485,6.4958,9.9312,neutral,bullish,bullish,253.9408,253.5637,270.4362,279.1602,ok
1386,https://www.expansion.com/economia/financial-times/2024/06/19/66729aa0e5fdeacb3d8b4586.html,SMH,Sector Semiconductores,lateralizacion consolidacion ia,2024-06-19,sideways,-1.4986,-3.7409,-7.7272,neutral,bearish,bearish,266.9029,262.9031,256.9183,246.2787,ok
1387,https://www.elespanol.com/invertia/mercados/20240623/no-nvidia-mitad-empresas-relacionadas-ia-cae-bolsa/864663992_0.html,SMH,Sector Semiconductores,lateralizacion consolidacion ia,2024-06-23,sideways,2.3419,2.0447,-0.3597,bullish,bullish,neutral,253.8614,259.8065,259.0522,252.9483,ok
1388,https://www.expansion.com/mercados/2024/05/24/664f0be7e5fdea67778b457e.html,SMH,Sector Semiconductores,lateralizacion consolidacion ia,2024-05-24,sideways,2.2803,-0.3193,7.1686,bullish,neutral,bullish,242.4278,247.956,241.6537,259.8065,ok
1389,https://cincodias.elpais.com/mercados-financieros/2024-06-20/la-carrera-por-ser-la-proxima-nvidia-aun-no-hay-favorito-entre-los-inversores-para-dotar-de-ia-a-sus-ordenadores.html,SMH,Sector Semiconductores,lateralizacion consolidacion ia,2024-06-20,sideways,-1.4986,-3.7409,-7.7272,neutral,bearish,bearish,266.9029,262.9031,256.9183,246.2787,ok
1390,https://cincodias.elpais.com/companias/2024-06-13/broadcom-sigue-los-pasos-de-nvidia-y-se-dispara-tras-superar-previsiones-y-anunciar-un-split.html,SMH,Sector Semiconductores,lateralizacion consolidacion ia,2024-06-13,sideways,0.2545,-0.8682,2.4774,neutral,neutral,bullish,265.2057,265.8806,262.9031,271.776,ok
